customer_id,segment,R,F,M,recency,frequency,monetary,last_order,acquisition_channel
C02557,At Risk,2,3,5,474,3,369.36,2024-09-14,Organic / SEO
C01154,At Risk,1,3,5,495,3,359.53999999999996,2024-08-24,Organic / SEO
C01763,At Risk,2,3,5,390,3,326.13,2024-12-07,Google Search
C03463,At Risk,2,3,5,449,3,322.21,2024-10-09,Google Search
C00899,At Risk,2,3,5,393,3,315.09,2024-12-04,Organic / SEO
C04216,At Risk,2,3,5,378,3,312.98,2024-12-19,Organic / SEO
C04649,At Risk,2,3,5,389,3,280.6,2024-12-08,Google Search
C01929,At Risk,1,3,5,676,3,280.46,2024-02-25,Google Search
C01325,At Risk,2,3,5,367,3,272.46000000000004,2024-12-30,Organic / SEO
C03981,At Risk,2,3,5,343,3,268.84,2025-01-23,Google Search
C02147,At Risk,2,3,5,345,3,246.21,2025-01-21,Google Search
C03686,At Risk,2,3,5,415,3,245.14999999999998,2024-11-12,Google Search
C00797,At Risk,2,3,5,418,3,237.56,2024-11-09,Email / Referral
C00074,At Risk,2,3,5,425,3,234.03,2024-11-02,Google Search
C00513,At Risk,2,3,5,381,3,231.38,2024-12-16,Google Search
C01630,At Risk,2,3,5,370,3,230.01999999999998,2024-12-27,Email / Referral
C00812,At Risk,2,3,5,388,3,227.61,2024-12-09,Unknown
C00694,At Risk,2,3,5,426,3,225.96,2024-11-01,Email / Referral
C02367,At Risk,2,3,5,388,3,224.55,2024-12-09,Google Search
C00454,At Risk,2,3,5,451,3,224.07999999999998,2024-10-07,Google Search
C02845,At Risk,2,3,5,401,3,223.87,2024-11-26,Email / Referral
C02963,At Risk,2,3,5,425,3,222.61,2024-11-02,Organic / SEO
C05686,At Risk,1,3,5,657,3,221.39999999999998,2024-03-15,Email / Referral
C00870,At Risk,2,3,5,387,3,221.17000000000002,2024-12-10,Organic / SEO
C03133,At Risk,2,3,5,427,3,216.09000000000003,2024-10-31,Meta Ads
C05855,At Risk,1,3,5,539,3,212.8,2024-07-11,Google Search
C05630,At Risk,2,3,5,408,3,208.95,2024-11-19,Organic / SEO
C03962,At Risk,1,3,5,536,3,205.48,2024-07-14,Meta Ads
C03693,At Risk,1,3,5,533,3,205.03,2024-07-17,Organic / SEO
C04361,At Risk,2,3,5,478,3,202.98000000000002,2024-09-10,Email / Referral
C04991,At Risk,2,3,5,448,3,202.07,2024-10-10,Organic / SEO
C00385,At Risk,2,3,5,356,3,199.61,2025-01-10,Google Search
C00701,At Risk,2,3,5,381,3,198.32999999999998,2024-12-16,Google Search
C01445,At Risk,2,3,5,339,3,191.38,2025-01-27,Google Search
C01091,At Risk,2,3,5,432,3,188.35,2024-10-26,Meta Ads
C01015,At Risk,2,3,5,388,3,188.22000000000003,2024-12-09,Google Search
C03937,At Risk,2,3,5,385,3,188.19,2024-12-12,Google Search
C00786,At Risk,2,3,5,384,3,186.49,2024-12-13,Meta Ads
C02782,At Risk,1,3,5,496,3,183.51999999999998,2024-08-23,Google Search
C05687,At Risk,1,3,5,636,3,183.07999999999998,2024-04-05,Google Search
C05546,At Risk,2,3,5,408,3,182.69,2024-11-19,Unknown
C00636,At Risk,2,3,5,360,3,181.47,2025-01-06,Google Search
C04997,At Risk,2,3,5,378,3,177.54000000000002,2024-12-19,Meta Ads
C00670,At Risk,2,3,5,364,3,174.76,2025-01-02,Email / Referral
C04961,At Risk,2,3,5,344,3,173.05,2025-01-22,Google Search
C03189,At Risk,2,3,5,443,3,172.13,2024-10-15,Email / Referral
C05611,At Risk,2,3,5,358,3,169.89,2025-01-08,Google Search
C00052,At Risk,1,3,5,654,3,169.45,2024-03-18,Meta Ads
C05945,At Risk,2,3,5,453,3,168.81,2024-10-05,Google Search
C02186,At Risk,2,3,5,342,3,167.29,2025-01-24,Programmatic
C05373,At Risk,2,3,5,368,3,166.15,2024-12-29,Google Search
C03602,At Risk,1,3,5,563,3,165.49,2024-06-17,Google Search
C04559,At Risk,2,3,5,477,3,164.67000000000002,2024-09-11,Email / Referral
C01781,At Risk,2,3,5,465,3,163.07,2024-09-23,Email / Referral
C04881,At Risk,2,3,5,422,3,162.08,2024-11-05,Google Search
C00086,At Risk,1,3,5,567,3,158.42,2024-06-13,Email / Referral
C02937,At Risk,2,3,5,355,3,156.85999999999999,2025-01-11,Google Search
C04631,At Risk,2,3,5,389,3,156.35,2024-12-08,Google Search
C04081,At Risk,2,3,5,357,3,153.05,2025-01-09,Meta Ads
C04745,At Risk,1,3,5,628,3,150.14,2024-04-13,Email / Referral
C01484,At Risk,2,3,5,426,3,149.2,2024-11-01,Email / Referral
C05279,At Risk,2,3,5,450,3,148.65,2024-10-08,Meta Ads
C00798,At Risk,2,3,5,360,3,148.51,2025-01-06,Google Search
C05004,At Risk,2,3,5,449,3,147.68,2024-10-09,Programmatic
C01097,At Risk,2,3,5,483,3,144.86,2024-09-05,Meta Ads
C02724,At Risk,2,3,5,337,3,142.81,2025-01-29,Email / Referral
C05156,At Risk,2,3,5,414,3,139.72,2024-11-13,Google Search
C01205,At Risk,2,3,5,372,3,137.11,2024-12-25,Organic / SEO
C00039,At Risk,2,3,5,374,3,136.98,2024-12-23,Google Search
C00199,At Risk,1,3,5,522,3,133.59,2024-07-28,Meta Ads
C03849,At Risk,2,3,5,445,3,131.57999999999998,2024-10-13,Meta Ads
C00888,At Risk,1,3,5,505,3,130.07999999999998,2024-08-14,Google Search
C02217,At Risk,2,3,5,462,3,125.3,2024-09-26,Programmatic
C00889,At Risk,2,3,4,357,3,124.25999999999999,2025-01-09,Organic / SEO
C03682,At Risk,1,3,4,515,3,121.06,2024-08-04,Google Search
C04009,At Risk,2,3,4,465,3,118.96000000000001,2024-09-23,Google Search
C03370,At Risk,2,3,4,335,3,116.28,2025-01-31,Email / Referral
C05419,At Risk,1,3,4,561,3,105.31,2024-06-19,Email / Referral
C01093,At Risk,2,3,4,407,3,105.14,2024-11-20,Email / Referral
C04143,At Risk,1,3,4,516,3,101.35,2024-08-03,Meta Ads
C00744,At Risk,2,3,4,484,3,101.03,2024-09-04,Google Search
C01473,At Risk,1,3,4,561,3,98.17,2024-06-19,Meta Ads
C05481,At Risk,1,3,4,520,3,92.82,2024-07-30,Organic / SEO
C04731,At Risk,2,3,4,360,3,91.33000000000001,2025-01-06,Meta Ads
C05563,At Risk,2,3,3,385,3,77.13,2024-12-12,Meta Ads
C05183,Can't Lose Them,1,5,5,617,7,613.58,2024-04-24,Organic / SEO
C00919,Can't Lose Them,2,4,5,377,5,482.83,2024-12-20,Google Search
C04019,Can't Lose Them,2,4,5,384,5,472.34999999999997,2024-12-13,Google Search
C01185,Can't Lose Them,2,5,5,393,8,471.99,2024-12-04,Google Search
C00455,Can't Lose Them,2,5,5,409,6,434.21,2024-11-18,Organic / SEO
C04778,Can't Lose Them,2,4,5,450,4,429.17,2024-10-08,Meta Ads
C05962,Can't Lose Them,1,4,5,511,4,428.2,2024-08-08,Google Search
C01764,Can't Lose Them,2,4,5,469,4,423.47,2024-09-19,Google Search
C05873,Can't Lose Them,2,5,5,408,8,423.28,2024-11-19,Organic / SEO
C02898,Can't Lose Them,2,4,5,445,5,422.26,2024-10-13,Meta Ads
C05794,Can't Lose Them,1,4,5,535,4,398.24,2024-07-15,Google Search
C03185,Can't Lose Them,2,5,5,372,7,389.87,2024-12-25,Email / Referral
C02172,Can't Lose Them,2,4,5,338,5,385.89,2025-01-28,Organic / SEO
C04182,Can't Lose Them,2,4,5,419,4,377.72,2024-11-08,Organic / SEO
C00239,Can't Lose Them,1,4,5,557,5,376.03999999999996,2024-06-23,Email / Referral
C04750,Can't Lose Them,2,4,5,466,4,370.59000000000003,2024-09-22,Google Search
C04187,Can't Lose Them,1,4,5,517,4,360.2,2024-08-02,Organic / SEO
C02390,Can't Lose Them,2,4,5,418,4,357.69,2024-11-09,Organic / SEO
C05203,Can't Lose Them,2,4,5,471,4,353.19,2024-09-17,Organic / SEO
C03134,Can't Lose Them,1,4,5,542,4,349.15999999999997,2024-07-08,Organic / SEO
C05869,Can't Lose Them,2,4,5,423,5,344.01,2024-11-04,Google Search
C04706,Can't Lose Them,2,5,5,334,6,340.53,2025-02-01,Organic / SEO
C02521,Can't Lose Them,2,5,5,428,6,339.13,2024-10-30,Organic / SEO
C05470,Can't Lose Them,2,5,5,397,6,338.59,2024-11-30,Email / Referral
C02298,Can't Lose Them,1,4,5,617,5,333.27,2024-04-24,Google Search
C04366,Can't Lose Them,2,4,5,378,5,332.03,2024-12-19,Google Search
C02286,Can't Lose Them,2,4,5,399,4,329.38,2024-11-28,Google Search
C01094,Can't Lose Them,2,4,5,367,5,320.7,2024-12-30,Email / Referral
C00462,Can't Lose Them,2,5,5,329,6,320.03,2025-02-06,Organic / SEO
C05722,Can't Lose Them,1,5,5,566,6,312.92,2024-06-14,Meta Ads
C04327,Can't Lose Them,2,5,5,331,9,307.06,2025-02-04,Google Search
C04065,Can't Lose Them,1,4,5,496,5,296.42,2024-08-23,Organic / SEO
C04969,Can't Lose Them,2,4,5,383,4,291.83000000000004,2024-12-14,Organic / SEO
C03976,Can't Lose Them,2,4,5,374,5,291.33,2024-12-23,Google Search
C04116,Can't Lose Them,2,5,5,337,6,290.90999999999997,2025-01-29,Meta Ads
C02947,Can't Lose Them,2,4,5,372,4,286.39,2024-12-25,Google Search
C00264,Can't Lose Them,2,4,5,423,5,277.29,2024-11-04,Organic / SEO
C02803,Can't Lose Them,2,4,5,429,4,277.12,2024-10-29,Google Search
C00970,Can't Lose Them,2,4,5,358,4,277.05,2025-01-08,Organic / SEO
C04014,Can't Lose Them,1,4,5,512,4,275.74,2024-08-07,Google Search
C05474,Can't Lose Them,2,4,5,436,4,273.79,2024-10-22,Google Search
C05667,Can't Lose Them,2,4,5,372,4,273.19,2024-12-25,Organic / SEO
C01428,Can't Lose Them,2,4,5,464,4,270.21000000000004,2024-09-24,Google Search
C00350,Can't Lose Them,2,4,5,330,4,262.05,2025-02-05,Organic / SEO
C00018,Can't Lose Them,1,4,5,510,4,259.35,2024-08-09,Email / Referral
C02886,Can't Lose Them,2,4,5,343,5,251.86,2025-01-23,Google Search
C04705,Can't Lose Them,2,4,5,326,4,251.54000000000002,2025-02-09,Google Search
C02162,Can't Lose Them,2,4,5,400,4,247.23,2024-11-27,Organic / SEO
C03594,Can't Lose Them,1,4,5,535,4,245.72,2024-07-15,Unknown
C02807,Can't Lose Them,2,4,5,360,4,244.85,2025-01-06,Google Search
C02881,Can't Lose Them,2,4,5,446,4,242.82999999999998,2024-10-12,Organic / SEO
C02129,Can't Lose Them,2,4,5,437,5,239.54,2024-10-21,Organic / SEO
C04063,Can't Lose Them,2,4,5,368,4,239.17000000000002,2024-12-29,Email / Referral
C01707,Can't Lose Them,2,4,5,355,4,232.55,2025-01-11,Google Search
C01220,Can't Lose Them,1,4,5,565,4,220.89,2024-06-15,Google Search
C03263,Can't Lose Them,2,4,5,437,4,214.18,2024-10-21,Organic / SEO
C00084,Can't Lose Them,2,5,5,381,7,214.04000000000002,2024-12-16,Google Search
C00927,Can't Lose Them,2,4,5,415,4,205.59,2024-11-12,Unknown
C01660,Can't Lose Them,1,4,5,503,4,204.3,2024-08-16,Organic / SEO
C03606,Can't Lose Them,1,4,5,565,4,198.21,2024-06-15,Programmatic
C02957,Can't Lose Them,2,4,5,366,4,197.18,2024-12-31,Organic / SEO
C05793,Can't Lose Them,1,4,5,523,4,192.88,2024-07-27,Organic / SEO
C02774,Can't Lose Them,1,4,5,488,4,187.13,2024-08-31,Email / Referral
C01470,Can't Lose Them,2,4,5,414,4,184.6,2024-11-13,Organic / SEO
C01189,Can't Lose Them,2,4,5,339,4,183.06,2025-01-27,Google Search
C04249,Can't Lose Them,2,4,5,421,4,173.02,2024-11-06,Google Search
C01304,Can't Lose Them,2,4,5,385,4,171.74,2024-12-12,Meta Ads
C04994,Can't Lose Them,2,4,5,386,4,168.67000000000002,2024-12-11,Google Search
C02811,Can't Lose Them,2,4,5,439,4,167.82,2024-10-19,Email / Referral
C01444,Can't Lose Them,2,4,5,380,4,166.85999999999999,2024-12-17,Google Search
C02285,Can't Lose Them,2,4,5,451,4,163.89000000000001,2024-10-07,Google Search
C02216,Can't Lose Them,1,4,5,539,4,162.98,2024-07-11,Google Search
C04984,Can't Lose Them,2,4,5,444,4,140.69,2024-10-14,Google Search
C00821,Can't Lose Them,1,4,5,605,4,128.74,2024-05-06,Organic / SEO
C00324,Champions,4,5,5,106,7,1043.76,2025-09-17,Unknown
C04664,Champions,5,5,5,12,14,989.28,2025-12-20,Email / Referral
C00738,Champions,4,5,5,164,9,987.01,2025-07-21,Organic / SEO
C00578,Champions,5,5,5,30,10,901.8499999999999,2025-12-02,Email / Referral
C02754,Champions,4,5,5,92,15,888.98,2025-10-01,Email / Referral
C05212,Champions,5,5,5,9,11,887.05,2025-12-23,Email / Referral
C01826,Champions,5,5,5,10,13,881.61,2025-12-22,Google Search
C01686,Champions,5,5,5,37,12,855.27,2025-11-25,Email / Referral
C03802,Champions,5,5,5,31,8,815.57,2025-12-01,Organic / SEO
C00538,Champions,5,5,5,18,10,812.62,2025-12-14,Organic / SEO
C02278,Champions,5,5,5,8,9,796.47,2025-12-24,Organic / SEO
C05602,Champions,5,5,5,53,7,785.36,2025-11-09,Google Search
C02456,Champions,4,5,5,88,8,784.27,2025-10-05,Google Search
C01611,Champions,4,5,5,89,11,776.63,2025-10-04,Email / Referral
C02709,Champions,4,5,5,136,12,743.76,2025-08-18,Google Search
C03883,Champions,5,5,5,27,8,736.6,2025-12-05,Organic / SEO
C00481,Champions,5,5,5,6,10,723.37,2025-12-26,Email / Referral
C04031,Champions,5,5,5,14,8,722.08,2025-12-18,Organic / SEO
C02365,Champions,5,5,5,3,7,713.04,2025-12-29,Organic / SEO
C02854,Champions,4,5,5,162,7,705.08,2025-07-23,Organic / SEO
C01598,Champions,5,5,5,2,14,700.44,2025-12-30,Organic / SEO
C01240,Champions,4,5,5,118,7,685.36,2025-09-05,Email / Referral
C05260,Champions,5,5,5,14,9,669.19,2025-12-18,Google Search
C01620,Champions,4,5,5,94,11,667.62,2025-09-29,Email / Referral
C01837,Champions,4,5,5,130,8,665.25,2025-08-24,Google Search
C01215,Champions,4,5,5,171,6,647.92,2025-07-14,Email / Referral
C00345,Champions,5,4,5,26,5,631.59,2025-12-06,Google Search
C02571,Champions,5,5,5,52,6,628.62,2025-11-10,Organic / SEO
C01435,Champions,5,4,5,50,5,616.7,2025-11-12,Google Search
C05557,Champions,5,5,5,13,11,604.4200000000001,2025-12-19,Google Search
C05833,Champions,4,4,5,59,5,601.4300000000001,2025-11-03,Organic / SEO
C00941,Champions,5,5,5,20,9,599.89,2025-12-12,Organic / SEO
C00643,Champions,5,5,5,41,7,586.57,2025-11-21,Google Search
C05825,Champions,5,5,5,14,11,576.53,2025-12-18,Organic / SEO
C03422,Champions,5,5,5,31,6,573.37,2025-12-01,Google Search
C01584,Champions,5,5,5,32,12,572.1,2025-11-30,Email / Referral
C04242,Champions,5,4,5,35,5,571.35,2025-11-27,Google Search
C02741,Champions,4,5,5,142,6,569.72,2025-08-12,Google Search
C02883,Champions,5,5,5,50,7,564.75,2025-11-12,Organic / SEO
C02166,Champions,4,5,5,103,6,558.44,2025-09-20,Organic / SEO
C01626,Champions,5,5,5,35,7,556.61,2025-11-27,Google Search
C05209,Champions,5,5,5,50,10,555.12,2025-11-12,Email / Referral
C03348,Champions,5,5,5,8,7,547.73,2025-12-24,Email / Referral
C05760,Champions,5,5,5,37,11,545.97,2025-11-25,Organic / SEO
C01896,Champions,5,5,5,16,11,534.27,2025-12-16,Organic / SEO
C05589,Champions,5,5,5,10,7,532.24,2025-12-22,Google Search
C04385,Champions,5,4,5,11,5,526.64,2025-12-21,Email / Referral
C00424,Champions,5,5,5,20,7,525.21,2025-12-12,Email / Referral
C05011,Champions,5,5,5,20,10,518.8199999999999,2025-12-12,Organic / SEO
C04654,Champions,5,5,5,30,6,511.27,2025-12-02,Google Search
C03749,Champions,5,5,5,53,7,507.13,2025-11-09,Email / Referral
C04784,Champions,5,4,5,1,5,500.86,2025-12-31,Google Search
C00608,Champions,4,5,5,157,7,495.34,2025-07-28,Google Search
C00488,Champions,4,5,5,120,8,493.24,2025-09-03,Organic / SEO
C00514,Champions,4,5,5,121,9,491.91999999999996,2025-09-02,Email / Referral
C00953,Champions,5,4,5,30,5,488.51,2025-12-02,Google Search
C02276,Champions,4,5,5,174,6,486.25,2025-07-11,Meta Ads
C05483,Champions,5,5,5,10,7,479.88,2025-12-22,Google Search
C03578,Champions,4,4,5,146,5,478.27,2025-08-08,Organic / SEO
C00568,Champions,5,5,5,47,8,467.69,2025-11-15,Meta Ads
C02665,Champions,4,5,5,124,7,466.96000000000004,2025-08-30,Google Search
C01107,Champions,5,4,5,31,5,464.51,2025-12-01,Organic / SEO
C05845,Champions,4,5,5,127,6,463.68,2025-08-27,Meta Ads
C01295,Champions,4,5,5,88,8,461.88,2025-10-05,Organic / SEO
C03435,Champions,4,4,5,75,4,456.69,2025-10-18,Email / Referral
C01217,Champions,4,5,5,143,11,451.65999999999997,2025-08-11,Organic / SEO
C01922,Champions,4,5,5,151,6,451.13,2025-08-03,Meta Ads
C00387,Champions,5,4,5,22,4,448.39,2025-12-10,Google Search
C05124,Champions,5,4,5,38,4,444.14,2025-11-24,Google Search
C04843,Champions,5,5,5,45,6,441.53,2025-11-17,Google Search
C00295,Champions,5,4,5,22,4,439.82,2025-12-10,Google Search
C04769,Champions,5,5,5,50,7,437.96000000000004,2025-11-12,Email / Referral
C04021,Champions,5,4,5,17,4,436.48,2025-12-15,Google Search
C02558,Champions,4,5,5,72,6,432.86,2025-10-21,Organic / SEO
C05342,Champions,5,5,5,6,6,428.65,2025-12-26,Google Search
C02666,Champions,5,4,5,28,4,427.62,2025-12-04,Organic / SEO
C02923,Champions,5,4,5,55,4,425.44,2025-11-07,Google Search
C02515,Champions,4,4,5,122,4,421.64,2025-09-01,Meta Ads
C00307,Champions,5,5,5,1,8,414.87,2025-12-31,Organic / SEO
C01350,Champions,5,4,5,1,5,413.15000000000003,2025-12-31,Google Search
C04704,Champions,4,5,5,173,6,408.46,2025-07-12,Organic / SEO
C02823,Champions,5,4,5,49,5,404.56,2025-11-13,Organic / SEO
C00472,Champions,5,4,5,21,5,402.99,2025-12-11,Organic / SEO
C04708,Champions,5,5,5,1,7,402.66999999999996,2025-12-31,Organic / SEO
C05843,Champions,5,4,5,22,4,401.05,2025-12-10,Organic / SEO
C05979,Champions,4,4,5,145,4,391.85,2025-08-09,Google Search
C04376,Champions,4,5,5,132,6,391.3,2025-08-22,Email / Referral
C01423,Champions,5,5,5,15,7,390.97,2025-12-17,Google Search
C05696,Champions,4,5,5,158,12,388.14,2025-07-27,Email / Referral
C01861,Champions,5,5,5,36,6,385.49,2025-11-26,Organic / SEO
C02174,Champions,4,4,5,79,5,381.93,2025-10-14,Meta Ads
C00827,Champions,5,4,5,35,4,380.5,2025-11-27,Google Search
C04373,Champions,5,4,5,21,5,380.4,2025-12-11,Google Search
C00053,Champions,5,5,5,6,9,379.63,2025-12-26,Email / Referral
C05031,Champions,5,5,5,54,6,379.27,2025-11-08,Meta Ads
C00190,Champions,4,4,5,138,4,378.72,2025-08-16,Organic / SEO
C00976,Champions,5,4,5,18,5,369.83,2025-12-14,Google Search
C03863,Champions,4,4,5,62,5,368.81,2025-10-31,Google Search
C02737,Champions,5,5,5,40,6,368.07,2025-11-22,Meta Ads
C00198,Champions,5,4,5,26,4,364.11,2025-12-06,Google Search
C02463,Champions,4,4,5,152,5,361.46,2025-08-02,Organic / SEO
C02149,Champions,5,4,5,10,5,358.55,2025-12-22,Email / Referral
C02093,Champions,5,4,5,49,4,357.01,2025-11-13,Google Search
C01486,Champions,5,5,5,4,6,356.1,2025-12-28,Email / Referral
C04724,Champions,5,4,5,15,5,355.21,2025-12-17,Google Search
C04840,Champions,5,4,5,34,5,353.19,2025-11-28,Organic / SEO
C03158,Champions,5,4,5,41,4,350.7,2025-11-21,Google Search
C04597,Champions,5,5,5,51,6,347.63,2025-11-11,Google Search
C01835,Champions,5,4,5,50,5,347.45,2025-11-12,Organic / SEO
C03440,Champions,5,5,5,50,6,346.05,2025-11-12,Google Search
C01739,Champions,5,5,5,53,7,344.57,2025-11-09,Google Search
C05216,Champions,5,4,5,22,5,338.14,2025-12-10,Google Search
C02476,Champions,5,4,5,38,5,337.45,2025-11-24,Google Search
C04094,Champions,5,4,5,36,4,336.39,2025-11-26,Organic / SEO
C02335,Champions,4,4,5,86,5,335.42,2025-10-07,Google Search
C01591,Champions,5,4,5,40,4,334.4,2025-11-22,Meta Ads
C05098,Champions,5,5,5,16,7,334.37,2025-12-16,Organic / SEO
C04673,Champions,5,5,5,11,7,329.87,2025-12-21,Google Search
C03096,Champions,5,5,5,52,7,329.25,2025-11-10,Organic / SEO
C00546,Champions,5,4,5,8,5,328.74,2025-12-24,Email / Referral
C01476,Champions,5,5,5,7,7,326.67,2025-12-25,Meta Ads
C04873,Champions,5,4,5,16,4,325.93,2025-12-16,Email / Referral
C03576,Champions,5,4,5,55,4,324.52,2025-11-07,Organic / SEO
C00519,Champions,4,4,5,174,4,324.27,2025-07-11,Google Search
C03798,Champions,5,4,5,6,5,323.41,2025-12-26,Google Search
C01125,Champions,5,5,5,55,6,323.22,2025-11-07,Google Search
C03891,Champions,4,5,5,123,6,321.5,2025-08-31,Organic / SEO
C01050,Champions,5,4,5,43,5,321.47,2025-11-19,Google Search
C02944,Champions,4,4,5,144,4,320.15999999999997,2025-08-10,Email / Referral
C02358,Champions,4,4,5,75,5,320.01,2025-10-18,Google Search
C03837,Champions,5,4,5,9,5,318.28,2025-12-23,Google Search
C02805,Champions,5,5,5,30,6,318.17,2025-12-02,Email / Referral
C03207,Champions,5,4,5,4,4,318.1,2025-12-28,Organic / SEO
C05697,Champions,5,5,5,15,7,317.83,2025-12-17,Organic / SEO
C05829,Champions,4,4,5,102,5,316.18,2025-09-21,Google Search
C04428,Champions,5,5,5,6,9,314.65,2025-12-26,Email / Referral
C04079,Champions,4,4,5,98,4,313.76,2025-09-25,Organic / SEO
C04558,Champions,4,4,5,115,4,313.65,2025-09-08,Google Search
C04516,Champions,4,4,5,63,4,312.04,2025-10-30,Google Search
C02559,Champions,5,4,5,51,4,311.91999999999996,2025-11-11,Google Search
C03750,Champions,4,5,5,101,6,306.67,2025-09-22,Google Search
C05926,Champions,4,4,5,115,4,306.46,2025-09-08,Meta Ads
C03172,Champions,5,4,5,27,5,305.96000000000004,2025-12-05,Organic / SEO
C04522,Champions,4,4,5,149,4,305.69,2025-08-05,Organic / SEO
C05705,Champions,5,4,5,30,5,305.58000000000004,2025-12-02,Google Search
C03235,Champions,5,4,5,30,4,304.71,2025-12-02,Google Search
C04583,Champions,5,4,5,50,4,297.44,2025-11-12,Meta Ads
C03769,Champions,5,5,5,12,7,296.59000000000003,2025-12-20,Organic / SEO
C00268,Champions,5,5,5,44,6,293.76,2025-11-18,Email / Referral
C00085,Champions,4,5,5,101,6,293.73,2025-09-22,Unknown
C05877,Champions,5,5,5,48,7,288.43,2025-11-14,Email / Referral
C05228,Champions,4,4,5,129,5,286.45,2025-08-25,Organic / SEO
C03405,Champions,5,4,5,21,4,284.39,2025-12-11,Organic / SEO
C02131,Champions,4,5,5,69,6,283.03999999999996,2025-10-24,Organic / SEO
C00753,Champions,4,4,5,77,4,282.68,2025-10-16,Email / Referral
C02767,Champions,5,4,5,56,4,280.83,2025-11-06,Email / Referral
C02163,Champions,5,5,5,27,6,278.21000000000004,2025-12-05,Google Search
C01508,Champions,5,4,5,4,5,276.24,2025-12-28,Email / Referral
C02896,Champions,4,5,5,144,6,275.72,2025-08-10,Google Search
C02849,Champions,5,4,5,18,5,275.33,2025-12-14,Email / Referral
C03940,Champions,5,4,5,32,4,275.22,2025-11-30,Organic / SEO
C03796,Champions,4,4,5,66,4,274.37,2025-10-27,Organic / SEO
C00747,Champions,4,4,5,74,4,273.71999999999997,2025-10-19,Unknown
C00734,Champions,5,4,5,6,5,271.94,2025-12-26,Email / Referral
C03392,Champions,5,4,5,31,4,270.94,2025-12-01,Email / Referral
C02328,Champions,4,4,5,90,5,269.78,2025-10-03,Organic / SEO
C01558,Champions,4,4,5,94,4,268.94,2025-09-29,Meta Ads
C01977,Champions,4,4,5,69,4,267.12,2025-10-24,Email / Referral
C00715,Champions,5,4,5,2,4,266.20000000000005,2025-12-30,Organic / SEO
C00660,Champions,4,5,5,137,6,265.6,2025-08-17,Meta Ads
C04119,Champions,4,4,5,168,4,262.25,2025-07-17,Meta Ads
C04838,Champions,5,5,5,27,7,260.9,2025-12-05,Organic / SEO
C03192,Champions,5,4,5,44,4,260.58,2025-11-18,Google Search
C00666,Champions,5,4,5,12,5,260.51,2025-12-20,Organic / SEO
C02790,Champions,4,4,5,106,4,259.81,2025-09-17,Email / Referral
C05768,Champions,5,5,5,18,7,259.65,2025-12-14,Email / Referral
C02247,Champions,5,4,5,19,5,256.47,2025-12-13,Google Search
C00479,Champions,5,4,5,17,4,256.05,2025-12-15,Google Search
C02222,Champions,4,4,5,110,4,252.95,2025-09-13,Email / Referral
C04818,Champions,4,4,5,72,4,248.11,2025-10-21,Organic / SEO
C04908,Champions,5,5,5,57,6,247.99,2025-11-05,Google Search
C00399,Champions,4,4,5,86,5,245.8,2025-10-07,Organic / SEO
C05987,Champions,4,4,5,115,5,245.79000000000002,2025-09-08,Google Search
C05407,Champions,5,5,5,18,6,245.12,2025-12-14,Organic / SEO
C04277,Champions,4,4,5,100,5,243.79,2025-09-23,Organic / SEO
C02997,Champions,5,4,5,15,5,240.83,2025-12-17,Email / Referral
C03379,Champions,4,4,5,82,5,240.53,2025-10-11,Meta Ads
C05501,Champions,5,4,5,20,5,238.53,2025-12-12,Meta Ads
C05953,Champions,5,4,5,4,4,238.28,2025-12-28,Google Search
C03775,Champions,5,4,5,1,4,237.55,2025-12-31,Email / Referral
C05257,Champions,5,4,5,3,4,235.67000000000002,2025-12-29,Google Search
C00210,Champions,5,4,5,34,5,235.03,2025-11-28,Email / Referral
C04871,Champions,5,4,5,22,4,233.24,2025-12-10,Meta Ads
C00831,Champions,5,5,5,13,6,231.74,2025-12-19,Meta Ads
C03088,Champions,5,5,5,43,6,231.33999999999997,2025-11-19,Email / Referral
C02964,Champions,5,4,5,8,4,231.1,2025-12-24,Organic / SEO
C00243,Champions,5,4,5,56,4,230.88,2025-11-06,Google Search
C01894,Champions,4,4,5,109,4,230.65,2025-09-14,Google Search
C02043,Champions,4,4,5,63,4,228.61,2025-10-30,Email / Referral
C04453,Champions,5,4,5,24,5,227.95,2025-12-08,Email / Referral
C02745,Champions,5,4,5,11,4,227.26,2025-12-21,Organic / SEO
C00710,Champions,4,4,5,162,5,227.11,2025-07-23,Google Search
C02455,Champions,5,4,5,21,5,226.61,2025-12-11,Google Search
C04895,Champions,5,4,5,29,4,226.26,2025-12-03,Unknown
C05333,Champions,5,4,5,57,4,226.16,2025-11-05,Meta Ads
C05172,Champions,5,4,5,10,5,225.89,2025-12-22,Organic / SEO
C00079,Champions,5,4,5,48,5,225.26,2025-11-14,Google Search
C00621,Champions,5,4,5,44,4,224.93,2025-11-18,Email / Referral
C02649,Champions,5,4,5,12,4,224.65,2025-12-20,Meta Ads
C01238,Champions,5,4,5,11,5,223.32999999999998,2025-12-21,Organic / SEO
C05361,Champions,5,4,5,42,5,222.84,2025-11-20,Email / Referral
C00958,Champions,5,4,5,13,4,222.72,2025-12-19,Organic / SEO
C01224,Champions,5,4,5,15,4,219.82,2025-12-17,Google Search
C03286,Champions,4,4,5,94,4,219.65,2025-09-29,Google Search
C03869,Champions,4,4,5,73,5,219.41,2025-10-20,Google Search
C03674,Champions,5,4,5,33,5,216.4,2025-11-29,Meta Ads
C05170,Champions,5,4,5,50,4,215.82000000000002,2025-11-12,Email / Referral
C04903,Champions,4,4,5,158,5,214.43,2025-07-27,Meta Ads
C05947,Champions,5,4,5,9,5,213.25,2025-12-23,Google Search
C05136,Champions,5,4,5,20,5,212.66,2025-12-12,Programmatic
C02926,Champions,5,4,5,7,4,209.68,2025-12-25,Meta Ads
C03480,Champions,4,4,5,100,5,207.96,2025-09-23,Organic / SEO
C05893,Champions,5,4,5,29,4,207.72,2025-12-03,Organic / SEO
C04367,Champions,4,4,5,75,4,206.47,2025-10-18,Email / Referral
C02063,Champions,5,4,5,16,4,206.36,2025-12-16,Meta Ads
C00471,Champions,4,4,5,67,5,205.04000000000002,2025-10-26,Meta Ads
C01617,Champions,5,4,5,37,4,204.99,2025-11-25,Google Search
C05241,Champions,5,4,5,21,5,204.82,2025-12-11,Email / Referral
C03332,Champions,5,4,5,36,5,204.5,2025-11-26,Google Search
C01504,Champions,5,4,5,16,5,204.36,2025-12-16,Meta Ads
C03021,Champions,5,4,5,48,5,204.32,2025-11-14,Meta Ads
C02743,Champions,4,4,5,162,4,202.5,2025-07-23,Google Search
C05703,Champions,4,4,5,159,4,202.28,2025-07-26,Google Search
C03955,Champions,5,4,5,20,5,202.21,2025-12-12,Organic / SEO
C01157,Champions,4,4,5,151,4,200.86,2025-08-03,Programmatic
C04616,Champions,4,4,5,136,4,199.99,2025-08-18,Meta Ads
C00261,Champions,5,4,5,45,4,199.19,2025-11-17,Programmatic
C03416,Champions,5,4,5,6,5,197.16,2025-12-26,Organic / SEO
C04080,Champions,5,4,5,1,5,196.54,2025-12-31,Organic / SEO
C01171,Champions,5,4,5,20,4,194.45999999999998,2025-12-12,Meta Ads
C03338,Champions,5,4,5,4,4,193.45,2025-12-28,Meta Ads
C00791,Champions,5,4,5,50,4,193.27,2025-11-12,Meta Ads
C01688,Champions,5,4,5,34,4,193.19,2025-11-28,Organic / SEO
C05456,Champions,4,4,5,113,4,192.94,2025-09-10,Google Search
C00057,Champions,4,4,5,108,4,192.88,2025-09-15,Google Search
C00304,Champions,4,4,5,161,4,192.01999999999998,2025-07-24,Google Search
C05859,Champions,5,4,5,9,4,190.29,2025-12-23,Organic / SEO
C02720,Champions,5,4,5,27,4,190.18,2025-12-05,Google Search
C03704,Champions,4,4,5,69,5,187.09,2025-10-24,Google Search
C01568,Champions,4,4,5,168,4,182.55,2025-07-17,Organic / SEO
C05719,Champions,5,4,5,16,4,177.76999999999998,2025-12-16,Organic / SEO
C00587,Champions,5,5,5,49,6,176.9,2025-11-13,Google Search
C02645,Champions,5,4,5,40,5,175.1,2025-11-22,Meta Ads
C02175,Champions,5,4,5,52,4,173.45,2025-11-10,Google Search
C03702,Champions,5,4,5,35,4,172.32,2025-11-27,Google Search
C05964,Champions,5,4,5,20,4,170.95999999999998,2025-12-12,Google Search
C04536,Champions,4,4,5,113,4,168.2,2025-09-10,Meta Ads
C01062,Champions,4,4,5,171,4,168.01,2025-07-14,Google Search
C02992,Champions,5,4,5,54,4,167.28,2025-11-08,Google Search
C02232,Champions,5,4,5,10,5,166.43,2025-12-22,Google Search
C00934,Champions,5,4,5,2,4,165.31,2025-12-30,Organic / SEO
C05277,Champions,5,4,5,8,4,162.64999999999998,2025-12-24,Google Search
C03365,Champions,5,4,5,14,4,162.18,2025-12-18,Email / Referral
C04112,Champions,5,4,5,53,4,162.11,2025-11-09,Google Search
C00553,Champions,4,4,5,130,4,157.29,2025-08-24,Email / Referral
C03803,Champions,5,4,5,24,4,156.59,2025-12-08,Organic / SEO
C04053,Champions,5,4,5,34,4,150.37,2025-11-28,Organic / SEO
C05048,Champions,5,4,5,24,4,142.37,2025-12-08,Meta Ads
C01685,Champions,5,4,5,54,5,137.77,2025-11-08,Google Search
C05691,Champions,4,4,5,162,5,135.95,2025-07-23,Google Search
C01155,Champions,4,4,5,141,4,129.53,2025-08-13,Email / Referral
C01139,Champions,4,4,4,60,4,115.47,2025-11-02,Organic / SEO
C04877,Hibernating,2,2,5,474,2,415.72,2024-09-14,Google Search
C02316,Hibernating,2,2,5,394,2,341.25,2024-12-03,Meta Ads
C05996,Hibernating,2,2,5,405,2,282.89,2024-11-22,Email / Referral
C05528,Hibernating,2,2,5,395,2,263.2,2024-12-02,Organic / SEO
C00480,Hibernating,2,2,5,360,2,245.43,2025-01-06,Meta Ads
C00865,Hibernating,1,2,5,537,2,244.81,2024-07-13,Meta Ads
C02118,Hibernating,1,2,5,658,2,241.23999999999998,2024-03-14,Meta Ads
C04281,Hibernating,1,2,5,697,2,239.68,2024-02-04,Organic / SEO
C04529,Hibernating,1,2,5,503,2,238.66,2024-08-16,Google Search
C04004,Hibernating,2,2,5,421,2,224.17000000000002,2024-11-06,Google Search
C04660,Hibernating,1,2,5,580,2,221.31,2024-05-31,Meta Ads
C04162,Hibernating,2,2,5,463,2,217.16,2024-09-25,Organic / SEO
C00072,Hibernating,2,2,5,369,2,213.64,2024-12-28,Google Search
C00555,Hibernating,1,2,5,687,2,212.14999999999998,2024-02-14,Google Search
C04210,Hibernating,1,2,5,504,2,206.91,2024-08-15,Meta Ads
C01765,Hibernating,1,2,5,595,2,206.79000000000002,2024-05-16,Organic / SEO
C04430,Hibernating,1,2,5,680,2,204.86,2024-02-21,Organic / SEO
C02102,Hibernating,2,2,5,394,2,204.69,2024-12-03,Google Search
C04636,Hibernating,1,2,5,603,2,203.07999999999998,2024-05-08,Google Search
C05824,Hibernating,1,2,5,557,2,196.15,2024-06-23,Organic / SEO
C02866,Hibernating,2,2,5,373,2,194.72,2024-12-24,Meta Ads
C03968,Hibernating,1,2,5,504,2,194.72,2024-08-15,Organic / SEO
C02938,Hibernating,1,2,5,616,2,194.19,2024-04-25,Google Search
C02259,Hibernating,1,2,5,563,2,193.32999999999998,2024-06-17,Email / Referral
C04514,Hibernating,2,2,5,472,2,193.27,2024-09-16,Meta Ads
C02073,Hibernating,2,2,5,462,2,191.91,2024-09-26,Google Search
C04158,Hibernating,2,2,5,333,2,191.73000000000002,2025-02-02,Email / Referral
C01214,Hibernating,2,2,5,381,2,190.93,2024-12-16,Organic / SEO
C03238,Hibernating,2,2,5,399,2,189.6,2024-11-28,Organic / SEO
C02781,Hibernating,1,2,5,507,2,188.07999999999998,2024-08-12,Organic / SEO
C01738,Hibernating,2,2,5,354,2,186.18,2025-01-12,Meta Ads
C03027,Hibernating,2,2,5,365,2,185.6,2025-01-01,Email / Referral
C00205,Hibernating,1,2,5,529,2,184.37,2024-07-21,Google Search
C01520,Hibernating,2,2,5,465,2,182.97,2024-09-23,Google Search
C05818,Hibernating,2,2,5,474,2,182.09,2024-09-14,Google Search
C05177,Hibernating,1,1,5,549,1,181.94,2024-07-01,Meta Ads
C00193,Hibernating,1,2,5,597,2,178.72,2024-05-14,Google Search
C00548,Hibernating,2,2,5,421,2,176.82,2024-11-06,Organic / SEO
C03050,Hibernating,1,1,5,500,1,176.37,2024-08-19,Meta Ads
C02814,Hibernating,2,2,5,371,2,174.65,2024-12-26,Programmatic
C05924,Hibernating,2,2,5,366,2,173.4,2024-12-31,Email / Referral
C01105,Hibernating,2,2,5,332,2,173.13,2025-02-03,Google Search
C03518,Hibernating,2,2,5,399,2,172.93,2024-11-28,Meta Ads
C00374,Hibernating,2,2,5,343,2,172.64,2025-01-23,Organic / SEO
C04510,Hibernating,2,2,5,373,2,172.63,2024-12-24,Email / Referral
C02946,Hibernating,2,2,5,361,2,172.38,2025-01-05,Organic / SEO
C01170,Hibernating,1,2,5,565,2,171.38,2024-06-15,Google Search
C02776,Hibernating,2,2,5,405,2,170.89,2024-11-22,Google Search
C05576,Hibernating,1,1,5,607,1,170.57,2024-05-04,Google Search
C00523,Hibernating,1,2,5,537,2,170.49,2024-07-13,Google Search
C05468,Hibernating,2,2,5,467,2,166.3,2024-09-21,Meta Ads
C02080,Hibernating,2,2,5,478,2,165.57,2024-09-10,Programmatic
C00364,Hibernating,2,2,5,431,2,163.2,2024-10-27,Google Search
C05244,Hibernating,1,1,5,489,1,161.74,2024-08-30,Organic / SEO
C04978,Hibernating,1,2,5,506,2,158.23,2024-08-13,Google Search
C02629,Hibernating,2,2,5,402,2,157.99,2024-11-25,Meta Ads
C03333,Hibernating,1,2,5,671,2,157.66,2024-03-01,Meta Ads
C00525,Hibernating,1,2,5,511,2,156.67000000000002,2024-08-08,Meta Ads
C03735,Hibernating,1,2,5,555,2,155.63,2024-06-25,Google Search
C04633,Hibernating,2,2,5,382,2,154.13,2024-12-15,Programmatic
C00620,Hibernating,1,2,5,623,2,153.62,2024-04-18,Google Search
C00213,Hibernating,1,2,5,540,2,153.24,2024-07-10,Meta Ads
C01614,Hibernating,2,2,5,338,2,151.65,2025-01-28,Meta Ads
C00588,Hibernating,2,2,5,390,2,151.44,2024-12-07,Programmatic
C03266,Hibernating,2,2,5,413,2,151.26999999999998,2024-11-14,Organic / SEO
C04221,Hibernating,1,2,5,532,2,151.14999999999998,2024-07-18,Email / Referral
C03544,Hibernating,2,2,5,415,2,149.28,2024-11-12,Meta Ads
C05005,Hibernating,1,1,5,688,1,149.22,2024-02-13,Organic / SEO
C05652,Hibernating,2,1,5,364,1,148.79,2025-01-02,Meta Ads
C04632,Hibernating,2,2,5,343,2,147.51999999999998,2025-01-23,Google Search
C04927,Hibernating,1,2,5,508,2,146.78,2024-08-11,Organic / SEO
C03121,Hibernating,1,1,5,576,1,146.63,2024-06-04,Organic / SEO
C05673,Hibernating,2,2,5,383,2,146.43,2024-12-14,Meta Ads
C03899,Hibernating,1,2,5,520,2,146.06,2024-07-30,Organic / SEO
C01405,Hibernating,1,1,5,551,1,145.99,2024-06-29,Meta Ads
C04263,Hibernating,2,2,5,390,2,145.77,2024-12-07,Google Search
C04106,Hibernating,1,1,5,638,1,145.71,2024-04-03,Google Search
C01590,Hibernating,2,2,5,367,2,145.53,2024-12-30,Meta Ads
C04352,Hibernating,2,2,5,440,2,145.17000000000002,2024-10-18,Meta Ads
C01287,Hibernating,2,1,5,397,1,145.03,2024-11-30,Email / Referral
C01233,Hibernating,2,2,5,397,2,144.92,2024-11-30,Google Search
C00656,Hibernating,2,2,5,410,2,144.06,2024-11-17,Meta Ads
C03321,Hibernating,1,2,5,613,2,143.74,2024-04-28,Organic / SEO
C03854,Hibernating,2,2,5,343,2,143.46,2025-01-23,Google Search
C00188,Hibernating,2,2,5,406,2,143.20000000000002,2024-11-21,Google Search
C03220,Hibernating,2,2,5,404,2,143.08999999999997,2024-11-23,Google Search
C01902,Hibernating,1,1,5,710,1,141.67,2024-01-22,Organic / SEO
C03886,Hibernating,2,2,5,386,2,140.37,2024-12-11,Programmatic
C00679,Hibernating,1,1,5,601,1,139.88,2024-05-10,Google Search
C03757,Hibernating,1,1,5,489,1,139.84,2024-08-30,Organic / SEO
C00284,Hibernating,1,1,5,499,1,138.99,2024-08-20,Google Search
C03156,Hibernating,2,1,5,430,1,138.46,2024-10-28,Programmatic
C05362,Hibernating,1,2,5,519,2,138.44,2024-07-31,Meta Ads
C04650,Hibernating,2,1,5,349,1,137.4,2025-01-17,Google Search
C04678,Hibernating,1,2,5,563,2,137.35,2024-06-17,Email / Referral
C03117,Hibernating,1,2,5,546,2,137.05,2024-07-04,Google Search
C00903,Hibernating,2,2,5,429,2,136.78,2024-10-29,Organic / SEO
C04773,Hibernating,1,2,5,680,2,136.75,2024-02-21,Meta Ads
C03119,Hibernating,2,2,5,357,2,136.0,2025-01-09,Organic / SEO
C00887,Hibernating,2,1,5,395,1,135.74,2024-12-02,Meta Ads
C00395,Hibernating,1,1,5,719,1,135.67,2024-01-13,Organic / SEO
C01297,Hibernating,1,2,5,585,2,135.46,2024-05-26,Organic / SEO
C02585,Hibernating,1,1,5,728,1,135.42,2024-01-04,Email / Referral
C04573,Hibernating,1,2,5,494,2,135.34,2024-08-25,Meta Ads
C05613,Hibernating,2,2,5,386,2,134.41,2024-12-11,Google Search
C02603,Hibernating,2,2,5,351,2,134.14,2025-01-15,Google Search
C04966,Hibernating,1,2,5,704,2,134.14,2024-01-28,Google Search
C04251,Hibernating,2,1,5,424,1,133.89,2024-11-03,Email / Referral
C04574,Hibernating,2,2,5,403,2,133.88,2024-11-24,Meta Ads
C02322,Hibernating,2,2,5,417,2,133.68,2024-11-10,Meta Ads
C03150,Hibernating,1,1,5,556,1,133.53,2024-06-24,Google Search
C01055,Hibernating,2,1,5,470,1,133.21,2024-09-18,Google Search
C03691,Hibernating,2,2,5,382,2,132.74,2024-12-15,Meta Ads
C05108,Hibernating,2,1,5,466,1,132.67,2024-09-22,Meta Ads
C02241,Hibernating,2,1,5,459,1,132.18,2024-09-29,Google Search
C00451,Hibernating,1,2,5,638,2,131.74,2024-04-03,Google Search
C03389,Hibernating,2,1,5,368,1,131.54,2024-12-29,Google Search
C05978,Hibernating,2,1,5,422,1,131.12,2024-11-05,Meta Ads
C00108,Hibernating,2,2,5,392,2,130.97,2024-12-05,Google Search
C00792,Hibernating,2,1,5,383,1,130.65,2024-12-14,Meta Ads
C01248,Hibernating,2,2,5,416,2,129.87,2024-11-11,Google Search
C04953,Hibernating,2,2,5,418,2,129.12,2024-11-09,Meta Ads
C02884,Hibernating,2,1,5,432,1,128.9,2024-10-26,Google Search
C00169,Hibernating,2,1,5,442,1,128.33,2024-10-16,Meta Ads
C00872,Hibernating,1,1,5,708,1,128.3,2024-01-24,Organic / SEO
C00131,Hibernating,1,1,5,568,1,127.84,2024-06-12,Google Search
C01982,Hibernating,2,1,5,404,1,127.72,2024-11-23,Programmatic
C01803,Hibernating,1,2,5,562,2,127.27000000000001,2024-06-18,Meta Ads
C00271,Hibernating,1,2,5,491,2,126.91,2024-08-28,Meta Ads
C03745,Hibernating,2,2,5,429,2,126.89,2024-10-29,Email / Referral
C00277,Hibernating,2,1,5,441,1,126.82,2024-10-17,Google Search
C00593,Hibernating,2,2,5,430,2,126.82,2024-10-28,Meta Ads
C01924,Hibernating,2,1,5,414,1,126.74,2024-11-13,Organic / SEO
C02594,Hibernating,2,2,5,453,2,126.21000000000001,2024-10-05,Meta Ads
C01356,Hibernating,1,2,5,615,2,125.96000000000001,2024-04-26,Meta Ads
C04090,Hibernating,1,1,4,561,1,124.5,2024-06-19,Meta Ads
C03540,Hibernating,2,1,4,453,1,124.46,2024-10-05,Google Search
C03469,Hibernating,2,2,4,346,2,124.44999999999999,2025-01-20,Organic / SEO
C01117,Hibernating,2,2,4,448,2,123.25999999999999,2024-10-10,Meta Ads
C01907,Hibernating,2,2,4,327,2,123.08000000000001,2025-02-08,Organic / SEO
C03961,Hibernating,2,1,4,443,1,122.96,2024-10-15,Meta Ads
C04418,Hibernating,2,2,4,466,2,122.85999999999999,2024-09-22,Google Search
C04857,Hibernating,2,1,4,350,1,122.85,2025-01-16,Organic / SEO
C01810,Hibernating,1,1,4,646,1,122.75,2024-03-26,Google Search
C00647,Hibernating,1,1,4,727,1,122.66,2024-01-05,Google Search
C01589,Hibernating,2,2,4,329,2,122.5,2025-02-06,Organic / SEO
C01906,Hibernating,2,1,4,364,1,122.31,2025-01-02,Google Search
C04472,Hibernating,2,1,4,474,1,121.97,2024-09-14,Organic / SEO
C00793,Hibernating,2,1,4,442,1,121.77,2024-10-16,Organic / SEO
C03977,Hibernating,1,1,4,677,1,121.63,2024-02-24,Organic / SEO
C03257,Hibernating,1,2,4,592,2,121.56,2024-05-19,Meta Ads
C02699,Hibernating,2,1,4,396,1,121.28,2024-12-01,Google Search
C03527,Hibernating,2,2,4,340,2,121.07000000000001,2025-01-26,Meta Ads
C03652,Hibernating,1,2,4,497,2,121.03,2024-08-22,Email / Referral
C04671,Hibernating,1,1,4,580,1,121.03,2024-05-31,Google Search
C02191,Hibernating,1,1,4,619,1,120.87,2024-04-22,Organic / SEO
C05064,Hibernating,2,2,4,474,2,120.83,2024-09-14,Google Search
C01722,Hibernating,1,2,4,507,2,120.7,2024-08-12,Programmatic
C03804,Hibernating,1,1,4,561,1,120.67,2024-06-19,Organic / SEO
C02332,Hibernating,2,2,4,377,2,120.18,2024-12-20,Organic / SEO
C02579,Hibernating,2,2,4,412,2,119.95,2024-11-15,Organic / SEO
C01173,Hibernating,2,2,4,481,2,119.92,2024-09-07,Organic / SEO
C01276,Hibernating,2,1,4,439,1,119.89,2024-10-19,Email / Referral
C01315,Hibernating,1,2,4,594,2,119.6,2024-05-17,Meta Ads
C05285,Hibernating,1,1,4,542,1,119.35,2024-07-08,Programmatic
C04922,Hibernating,1,1,4,577,1,119.25,2024-06-03,Organic / SEO
C00173,Hibernating,1,2,4,493,2,118.97,2024-08-26,Meta Ads
C02901,Hibernating,2,1,4,401,1,118.81,2024-11-26,Google Search
C00037,Hibernating,1,1,4,605,1,118.67,2024-05-06,Programmatic
C05872,Hibernating,2,1,4,465,1,118.59,2024-09-23,Organic / SEO
C02011,Hibernating,1,2,4,666,2,118.42,2024-03-06,Programmatic
C05659,Hibernating,1,1,4,602,1,118.41,2024-05-09,Google Search
C01646,Hibernating,2,1,4,349,1,118.34,2025-01-17,Google Search
C01822,Hibernating,2,1,4,327,1,118.27,2025-02-08,Organic / SEO
C01136,Hibernating,2,1,4,441,1,118.0,2024-10-17,Organic / SEO
C02062,Hibernating,1,1,4,485,1,118.0,2024-09-03,Google Search
C02662,Hibernating,2,1,4,394,1,117.97,2024-12-03,Google Search
C01908,Hibernating,1,1,4,660,1,117.88,2024-03-12,Email / Referral
C02164,Hibernating,2,1,4,376,1,117.88,2024-12-21,Google Search
C00477,Hibernating,2,2,4,342,2,117.75999999999999,2025-01-24,Email / Referral
C00665,Hibernating,2,2,4,375,2,117.61000000000001,2024-12-22,Google Search
C02325,Hibernating,2,2,4,467,2,117.6,2024-09-21,Programmatic
C02959,Hibernating,1,1,4,500,1,117.07,2024-08-19,Google Search
C03003,Hibernating,2,2,4,450,2,117.0,2024-10-08,Meta Ads
C01156,Hibernating,1,1,4,664,1,116.88,2024-03-08,Organic / SEO
C03228,Hibernating,1,2,4,493,2,116.82,2024-08-26,Email / Referral
C04639,Hibernating,1,1,4,564,1,115.63,2024-06-16,Meta Ads
C00966,Hibernating,2,1,4,335,1,115.59,2025-01-31,Organic / SEO
C05888,Hibernating,1,1,4,580,1,115.24,2024-05-31,Google Search
C04676,Hibernating,1,2,4,504,2,115.09,2024-08-15,Organic / SEO
C02373,Hibernating,2,1,4,452,1,114.91,2024-10-06,Google Search
C01016,Hibernating,1,2,4,526,2,114.53,2024-07-24,Programmatic
C01597,Hibernating,1,2,4,489,2,114.35,2024-08-30,Google Search
C02542,Hibernating,2,1,4,369,1,114.34,2024-12-28,Google Search
C04160,Hibernating,1,1,4,536,1,114.24,2024-07-14,Organic / SEO
C05440,Hibernating,2,2,4,398,2,114.21,2024-11-29,Email / Referral
C01966,Hibernating,1,2,4,637,2,113.97999999999999,2024-04-04,Email / Referral
C02427,Hibernating,1,2,4,628,2,113.91999999999999,2024-04-13,Email / Referral
C00070,Hibernating,2,1,4,369,1,113.9,2024-12-28,Google Search
C01812,Hibernating,2,1,4,367,1,113.83,2024-12-30,Organic / SEO
C05330,Hibernating,2,2,4,415,2,113.81,2024-11-12,Programmatic
C00833,Hibernating,2,2,4,386,2,113.78,2024-12-11,Google Search
C04982,Hibernating,1,1,4,521,1,113.53,2024-07-29,Google Search
C05052,Hibernating,2,1,4,378,1,113.42,2024-12-19,Meta Ads
C01705,Hibernating,2,1,4,341,1,113.4,2025-01-25,Meta Ads
C04807,Hibernating,2,1,4,386,1,113.36,2024-12-11,Google Search
C01151,Hibernating,1,1,4,592,1,113.08,2024-05-19,Organic / SEO
C05902,Hibernating,2,2,4,461,2,112.97999999999999,2024-09-27,Meta Ads
C03929,Hibernating,2,2,4,380,2,112.82,2024-12-17,Email / Referral
C01468,Hibernating,2,2,4,377,2,112.74,2024-12-20,Google Search
C02900,Hibernating,2,1,4,379,1,112.15,2024-12-18,Google Search
C03077,Hibernating,2,1,4,426,1,112.0,2024-11-01,Email / Referral
C00038,Hibernating,2,1,4,340,1,111.84,2025-01-26,Google Search
C03799,Hibernating,2,1,4,382,1,111.62,2024-12-15,Google Search
C04422,Hibernating,1,1,4,560,1,111.6,2024-06-20,Google Search
C02876,Hibernating,1,2,4,506,2,111.50999999999999,2024-08-13,Meta Ads
C02703,Hibernating,2,1,4,399,1,111.13,2024-11-28,Google Search
C03039,Hibernating,1,1,4,556,1,111.06,2024-06-24,Meta Ads
C04195,Hibernating,2,1,4,473,1,110.74,2024-09-15,Google Search
C01472,Hibernating,1,1,4,553,1,110.6,2024-06-27,Email / Referral
C04766,Hibernating,2,1,4,479,1,110.33,2024-09-09,Google Search
C01035,Hibernating,2,1,4,380,1,109.83,2024-12-17,Google Search
C01555,Hibernating,2,2,4,372,2,109.58,2024-12-25,Organic / SEO
C00283,Hibernating,1,1,4,510,1,109.56,2024-08-09,Meta Ads
C05735,Hibernating,1,1,4,581,1,109.52,2024-05-30,Email / Referral
C03284,Hibernating,1,2,4,517,2,109.4,2024-08-02,Google Search
C02486,Hibernating,2,2,4,393,2,109.19999999999999,2024-12-04,Email / Referral
C05958,Hibernating,1,2,4,520,2,108.71000000000001,2024-07-30,Google Search
C00314,Hibernating,2,1,4,410,1,108.47,2024-11-17,Google Search
C03267,Hibernating,1,1,4,552,1,108.47,2024-06-28,Meta Ads
C03258,Hibernating,2,1,4,449,1,108.35,2024-10-09,Programmatic
C03071,Hibernating,1,2,4,646,2,107.99000000000001,2024-03-26,Google Search
C01480,Hibernating,2,1,4,338,1,107.95,2025-01-28,Programmatic
C04562,Hibernating,1,1,4,505,1,107.68,2024-08-14,Meta Ads
C00978,Hibernating,2,2,4,347,2,107.63,2025-01-19,Google Search
C01872,Hibernating,2,1,4,367,1,107.46,2024-12-30,Unknown
C05656,Hibernating,1,1,4,539,1,107.29,2024-07-11,Organic / SEO
C00768,Hibernating,1,2,4,629,2,107.28,2024-04-12,Meta Ads
C00258,Hibernating,1,1,4,628,1,107.11,2024-04-13,Google Search
C03755,Hibernating,2,1,4,348,1,106.97,2025-01-18,Unknown
C00445,Hibernating,2,1,4,481,1,106.88,2024-09-07,Google Search
C00663,Hibernating,1,1,4,553,1,106.72,2024-06-27,Google Search
C05275,Hibernating,2,1,4,402,1,106.44,2024-11-25,Google Search
C02940,Hibernating,1,1,4,720,1,106.06,2024-01-12,Programmatic
C00094,Hibernating,2,1,4,402,1,105.98,2024-11-25,Organic / SEO
C05662,Hibernating,1,2,4,600,2,105.9,2024-05-11,Meta Ads
C03814,Hibernating,1,1,4,670,1,105.8,2024-03-02,Google Search
C05527,Hibernating,2,2,4,370,2,105.61,2024-12-27,Google Search
C03081,Hibernating,1,1,4,523,1,105.42,2024-07-27,Meta Ads
C04288,Hibernating,1,1,4,528,1,105.21,2024-07-22,Programmatic
C00733,Hibernating,2,2,4,385,2,105.2,2024-12-12,Programmatic
C01019,Hibernating,1,1,4,691,1,105.09,2024-02-10,Google Search
C05197,Hibernating,2,1,4,365,1,105.01,2025-01-01,Google Search
C00248,Hibernating,2,1,4,384,1,104.96,2024-12-13,Programmatic
C01038,Hibernating,2,1,4,387,1,104.9,2024-12-10,Organic / SEO
C04419,Hibernating,1,1,4,729,1,104.89,2024-01-03,Google Search
C05968,Hibernating,2,1,4,468,1,104.84,2024-09-20,Google Search
C03836,Hibernating,2,1,4,367,1,104.78,2024-12-30,Google Search
C02731,Hibernating,2,2,4,381,2,104.74,2024-12-16,Google Search
C01886,Hibernating,2,2,4,381,2,104.6,2024-12-16,Meta Ads
C05396,Hibernating,2,1,4,384,1,104.58,2024-12-13,Organic / SEO
C04351,Hibernating,1,1,4,557,1,104.48,2024-06-23,Google Search
C04879,Hibernating,2,1,4,399,1,104.41,2024-11-28,Meta Ads
C02640,Hibernating,1,2,4,501,2,104.39,2024-08-18,Google Search
C03778,Hibernating,1,2,4,648,2,104.31,2024-03-24,Organic / SEO
C00751,Hibernating,1,1,4,490,1,104.27,2024-08-29,Google Search
C05946,Hibernating,2,2,4,386,2,104.19999999999999,2024-12-11,Organic / SEO
C05220,Hibernating,1,2,4,525,2,104.18,2024-07-25,Email / Referral
C05204,Hibernating,2,1,4,353,1,104.17,2025-01-13,Google Search
C04006,Hibernating,1,1,4,556,1,103.93,2024-06-24,Google Search
C02238,Hibernating,2,1,4,440,1,103.9,2024-10-18,Meta Ads
C04380,Hibernating,1,1,4,705,1,103.76,2024-01-27,Google Search
C03341,Hibernating,2,2,4,395,2,103.4,2024-12-02,Google Search
C01441,Hibernating,1,1,4,510,1,103.39,2024-08-09,Programmatic
C00852,Hibernating,1,1,4,542,1,103.37,2024-07-08,Meta Ads
C01235,Hibernating,2,2,4,443,2,103.32,2024-10-15,Organic / SEO
C01278,Hibernating,1,1,4,630,1,103.23,2024-04-11,Organic / SEO
C03648,Hibernating,2,2,4,389,2,103.11,2024-12-08,Meta Ads
C05759,Hibernating,1,1,4,507,1,103.01,2024-08-12,Google Search
C05758,Hibernating,2,1,4,326,1,102.97,2025-02-09,Meta Ads
C03816,Hibernating,2,1,4,397,1,102.92,2024-11-30,Google Search
C03642,Hibernating,1,1,4,701,1,102.88,2024-01-31,Google Search
C03580,Hibernating,1,1,4,658,1,102.85,2024-03-14,Google Search
C01349,Hibernating,2,1,4,381,1,102.8,2024-12-16,Google Search
C01277,Hibernating,1,1,4,548,1,102.6,2024-07-02,Meta Ads
C01629,Hibernating,1,1,4,546,1,102.54,2024-07-04,Google Search
C02517,Hibernating,1,1,4,591,1,102.47,2024-05-20,Programmatic
C00415,Hibernating,1,1,4,702,1,102.4,2024-01-30,Meta Ads
C01858,Hibernating,2,1,4,467,1,102.39,2024-09-21,Google Search
C02982,Hibernating,2,1,4,475,1,102.38,2024-09-13,Organic / SEO
C04598,Hibernating,1,2,4,555,2,101.88000000000001,2024-06-25,Meta Ads
C02584,Hibernating,1,1,4,547,1,101.83,2024-07-03,Google Search
C02321,Hibernating,1,1,4,699,1,101.71,2024-02-02,Google Search
C04595,Hibernating,1,1,4,532,1,101.67,2024-07-18,Email / Referral
C04168,Hibernating,2,1,4,389,1,101.58,2024-12-08,Email / Referral
C03742,Hibernating,1,1,4,552,1,101.51,2024-06-28,Meta Ads
C05090,Hibernating,2,1,4,464,1,101.23,2024-09-24,Organic / SEO
C05914,Hibernating,2,1,4,479,1,101.2,2024-09-09,Google Search
C01871,Hibernating,2,1,4,454,1,101.09,2024-10-04,Google Search
C01811,Hibernating,2,2,4,451,2,101.03999999999999,2024-10-07,Google Search
C01182,Hibernating,1,1,4,616,1,100.93,2024-04-25,Meta Ads
C04222,Hibernating,1,1,4,717,1,100.93,2024-01-15,Organic / SEO
C04391,Hibernating,1,1,4,541,1,100.84,2024-07-09,Organic / SEO
C02548,Hibernating,1,2,4,523,2,100.48,2024-07-27,Organic / SEO
C00016,Hibernating,1,1,4,518,1,100.31,2024-08-01,Google Search
C03994,Hibernating,2,1,4,437,1,100.23,2024-10-21,Google Search
C03970,Hibernating,1,1,4,593,1,100.18,2024-05-18,Meta Ads
C02723,Hibernating,2,1,4,416,1,100.16,2024-11-11,Organic / SEO
C01041,Hibernating,1,1,4,641,1,99.99,2024-03-31,Organic / SEO
C05266,Hibernating,1,1,4,682,1,99.89,2024-02-19,Google Search
C03901,Hibernating,1,1,4,593,1,99.67,2024-05-18,Google Search
C05145,Hibernating,2,1,4,431,1,99.58,2024-10-27,Google Search
C00409,Hibernating,1,1,4,627,1,99.55,2024-04-14,Organic / SEO
C02338,Hibernating,2,1,4,408,1,99.49,2024-11-19,Google Search
C05809,Hibernating,1,2,4,569,2,99.47,2024-06-11,Google Search
C01464,Hibernating,2,1,4,439,1,99.35,2024-10-19,Programmatic
C01008,Hibernating,2,1,4,440,1,99.25,2024-10-18,Google Search
C00705,Hibernating,2,1,4,470,1,99.04,2024-09-18,Meta Ads
C04796,Hibernating,1,1,4,559,1,98.98,2024-06-21,Organic / SEO
C05680,Hibernating,2,1,4,408,1,98.7,2024-11-19,Meta Ads
C01192,Hibernating,2,1,4,396,1,98.6,2024-12-01,Google Search
C03280,Hibernating,1,1,4,628,1,98.57,2024-04-13,Programmatic
C00702,Hibernating,2,1,4,438,1,98.47,2024-10-20,Organic / SEO
C00571,Hibernating,2,1,4,425,1,98.44,2024-11-02,Organic / SEO
C05371,Hibernating,2,2,4,412,2,98.25999999999999,2024-11-15,Google Search
C03063,Hibernating,1,1,4,503,1,97.96,2024-08-16,Meta Ads
C00316,Hibernating,2,1,4,434,1,97.79,2024-10-24,Meta Ads
C00089,Hibernating,1,1,4,577,1,97.77,2024-06-03,Meta Ads
C02798,Hibernating,2,1,4,417,1,97.74,2024-11-10,Organic / SEO
C02119,Hibernating,1,1,4,626,1,97.67,2024-04-15,Meta Ads
C05588,Hibernating,2,2,4,355,2,97.57,2025-01-11,Google Search
C03631,Hibernating,1,2,4,544,2,97.49,2024-07-06,Email / Referral
C03673,Hibernating,2,1,4,459,1,97.44,2024-09-29,Programmatic
C05224,Hibernating,1,1,4,631,1,97.39,2024-04-10,Meta Ads
C04096,Hibernating,2,1,4,437,1,97.28,2024-10-21,Organic / SEO
C03255,Hibernating,1,1,4,694,1,97.11,2024-02-07,Email / Referral
C03978,Hibernating,1,2,4,492,2,97.03999999999999,2024-08-27,Email / Referral
C02637,Hibernating,2,1,4,349,1,96.98,2025-01-17,Google Search
C02346,Hibernating,1,1,4,665,1,96.72,2024-03-07,Meta Ads
C05176,Hibernating,1,1,4,683,1,96.69,2024-02-18,Meta Ads
C02865,Hibernating,2,1,4,382,1,96.55,2024-12-15,Google Search
C04872,Hibernating,1,1,4,503,1,96.44,2024-08-16,Google Search
C05518,Hibernating,2,2,4,440,2,96.42,2024-10-18,Meta Ads
C04637,Hibernating,2,1,4,424,1,96.36,2024-11-03,Programmatic
C01600,Hibernating,1,1,4,486,1,96.35,2024-09-02,Organic / SEO
C05875,Hibernating,1,2,4,566,2,96.31,2024-06-14,Meta Ads
C04342,Hibernating,1,1,4,610,1,95.81,2024-05-01,Programmatic
C04446,Hibernating,2,1,4,354,1,95.81,2025-01-12,Google Search
C04313,Hibernating,1,1,4,491,1,95.77,2024-08-28,Organic / SEO
C00230,Hibernating,1,1,4,628,1,95.74,2024-04-13,Meta Ads
C00192,Hibernating,1,1,4,506,1,95.7,2024-08-13,Google Search
C05539,Hibernating,2,1,4,409,1,95.67,2024-11-18,Email / Referral
C05731,Hibernating,2,2,4,383,2,95.61,2024-12-14,Programmatic
C01040,Hibernating,1,1,4,609,1,95.53,2024-05-02,Programmatic
C05463,Hibernating,1,1,4,627,1,95.53,2024-04-14,Organic / SEO
C03217,Hibernating,2,1,4,416,1,95.45,2024-11-11,Programmatic
C01971,Hibernating,2,2,4,415,2,95.35,2024-11-12,Organic / SEO
C00474,Hibernating,1,2,4,543,2,95.22,2024-07-07,Organic / SEO
C00722,Hibernating,2,2,4,359,2,95.21000000000001,2025-01-07,Meta Ads
C01179,Hibernating,1,1,4,525,1,95.15,2024-07-25,Programmatic
C02383,Hibernating,1,1,4,586,1,95.07,2024-05-25,Google Search
C01138,Hibernating,2,1,4,376,1,95.01,2024-12-21,Google Search
C05477,Hibernating,2,2,4,386,2,94.66,2024-12-11,Google Search
C04868,Hibernating,2,2,4,390,2,94.48,2024-12-07,Google Search
C01006,Hibernating,2,1,4,396,1,94.34,2024-12-01,Meta Ads
C04859,Hibernating,1,1,4,708,1,94.34,2024-01-24,Organic / SEO
C04608,Hibernating,1,1,4,526,1,94.24,2024-07-24,Programmatic
C01644,Hibernating,1,2,4,518,2,94.22,2024-08-01,Organic / SEO
C05270,Hibernating,2,1,4,329,1,94.2,2025-02-06,Google Search
C05862,Hibernating,1,1,4,701,1,94.13,2024-01-31,Programmatic
C02350,Hibernating,2,2,4,327,2,94.02,2025-02-08,Google Search
C01519,Hibernating,1,1,4,583,1,93.7,2024-05-28,Meta Ads
C05635,Hibernating,1,1,4,621,1,93.69,2024-04-20,Meta Ads
C02229,Hibernating,1,1,4,693,1,93.42,2024-02-08,Programmatic
C00968,Hibernating,1,1,4,575,1,93.37,2024-06-05,Google Search
C03157,Hibernating,1,1,4,662,1,93.35,2024-03-10,Meta Ads
C04224,Hibernating,1,1,4,584,1,93.31,2024-05-27,Organic / SEO
C01964,Hibernating,2,2,4,399,2,93.25,2024-11-28,Organic / SEO
C03206,Hibernating,2,1,4,381,1,93.19,2024-12-16,Email / Referral
C05315,Hibernating,2,1,4,422,1,93.11,2024-11-05,Google Search
C05413,Hibernating,2,1,4,431,1,93.1,2024-10-27,Email / Referral
C02096,Hibernating,2,2,4,405,2,92.91999999999999,2024-11-22,Programmatic
C02965,Hibernating,1,1,4,492,1,92.87,2024-08-27,Meta Ads
C01836,Hibernating,1,1,4,638,1,92.74,2024-04-03,Meta Ads
C02313,Hibernating,2,1,4,400,1,92.72,2024-11-27,Google Search
C03025,Hibernating,2,1,4,445,1,92.67,2024-10-13,Organic / SEO
C03921,Hibernating,1,1,4,526,1,92.66,2024-07-24,Google Search
C04642,Hibernating,1,2,4,590,2,92.64,2024-05-21,Email / Referral
C05127,Hibernating,2,1,4,367,1,92.59,2024-12-30,Meta Ads
C01437,Hibernating,1,1,4,526,1,92.52,2024-07-24,Google Search
C01697,Hibernating,1,1,4,552,1,92.51,2024-06-28,Meta Ads
C00302,Hibernating,1,2,4,593,2,92.39,2024-05-18,Meta Ads
C05506,Hibernating,2,1,4,412,1,92.37,2024-11-15,Meta Ads
C01180,Hibernating,1,2,4,491,2,92.32,2024-08-28,Meta Ads
C04625,Hibernating,1,1,4,625,1,92.23,2024-04-16,Meta Ads
C05319,Hibernating,2,1,4,387,1,92.22,2024-12-10,Organic / SEO
C01327,Hibernating,2,1,4,407,1,92.21,2024-11-20,Programmatic
C02842,Hibernating,2,1,4,371,1,92.12,2024-12-26,Google Search
C03763,Hibernating,1,1,4,644,1,92.07,2024-03-28,Organic / SEO
C01715,Hibernating,2,1,4,455,1,92.04,2024-10-03,Google Search
C04863,Hibernating,2,1,4,480,1,92.0,2024-09-08,Meta Ads
C05617,Hibernating,2,1,4,367,1,91.88,2024-12-30,Meta Ads
C01669,Hibernating,1,1,4,681,1,91.87,2024-02-20,Organic / SEO
C05388,Hibernating,2,2,4,446,2,91.73,2024-10-12,Organic / SEO
C02169,Hibernating,2,1,4,433,1,91.55,2024-10-25,Google Search
C00980,Hibernating,1,1,4,553,1,91.49,2024-06-27,Organic / SEO
C00002,Hibernating,2,1,4,368,1,91.45,2024-12-29,Google Search
C00845,Hibernating,1,1,4,639,1,91.34,2024-04-02,Organic / SEO
C00936,Hibernating,1,1,4,536,1,91.3,2024-07-14,Organic / SEO
C00926,Hibernating,1,1,4,496,1,91.04,2024-08-23,Google Search
C03476,Hibernating,2,1,4,372,1,90.97,2024-12-25,Programmatic
C02915,Hibernating,2,2,4,335,2,90.91999999999999,2025-01-31,Meta Ads
C03555,Hibernating,2,1,4,463,1,90.91,2024-09-25,Google Search
C01732,Hibernating,1,1,4,681,1,90.87,2024-02-20,Meta Ads
C03060,Hibernating,2,2,4,370,2,90.77000000000001,2024-12-27,Email / Referral
C02598,Hibernating,2,1,4,387,1,90.76,2024-12-10,Organic / SEO
C01512,Hibernating,1,1,4,543,1,90.73,2024-07-07,Meta Ads
C03066,Hibernating,2,1,4,363,1,90.71,2025-01-03,Organic / SEO
C02595,Hibernating,2,1,4,460,1,90.68,2024-09-28,Google Search
C02152,Hibernating,1,2,4,494,2,90.67,2024-08-25,Meta Ads
C03680,Hibernating,1,1,4,678,1,90.59,2024-02-23,Meta Ads
C03792,Hibernating,2,1,4,436,1,90.56,2024-10-22,Google Search
C04887,Hibernating,1,1,4,625,1,90.54,2024-04-16,Meta Ads
C03369,Hibernating,1,1,4,601,1,90.49,2024-05-10,Email / Referral
C04497,Hibernating,2,1,4,337,1,90.47,2025-01-29,Meta Ads
C00464,Hibernating,2,1,4,455,1,90.46,2024-10-03,Google Search
C05616,Hibernating,1,1,4,518,1,90.46,2024-08-01,Google Search
C05258,Hibernating,2,1,4,378,1,90.42,2024-12-19,Meta Ads
C02417,Hibernating,2,2,4,395,2,90.4,2024-12-02,Programmatic
C00622,Hibernating,2,1,4,329,1,90.21,2025-02-06,Google Search
C04387,Hibernating,2,2,4,353,2,90.2,2025-01-13,Organic / SEO
C05211,Hibernating,2,1,4,359,1,90.19,2025-01-07,Organic / SEO
C03018,Hibernating,1,1,4,641,1,90.16,2024-03-31,Meta Ads
C05519,Hibernating,1,1,4,591,1,90.15,2024-05-20,Google Search
C03350,Hibernating,2,1,4,396,1,90.08,2024-12-01,Google Search
C03897,Hibernating,2,1,4,447,1,90.08,2024-10-11,Organic / SEO
C02028,Hibernating,2,1,4,404,1,90.05,2024-11-23,Organic / SEO
C00592,Hibernating,2,1,4,361,1,89.98,2025-01-05,Organic / SEO
C03728,Hibernating,2,2,4,370,2,89.9,2024-12-27,Google Search
C02890,Hibernating,1,1,4,608,1,89.84,2024-05-03,Google Search
C03361,Hibernating,2,1,4,441,1,89.73,2024-10-17,Google Search
C01532,Hibernating,1,1,4,608,1,89.65,2024-05-03,Google Search
C03033,Hibernating,1,1,4,495,1,89.54,2024-08-24,Meta Ads
C00732,Hibernating,1,2,4,638,2,89.53,2024-04-03,Meta Ads
C02878,Hibernating,2,1,4,391,1,89.53,2024-12-06,Organic / SEO
C03564,Hibernating,1,1,4,556,1,89.51,2024-06-24,Organic / SEO
C05229,Hibernating,1,1,4,548,1,89.49,2024-07-02,Organic / SEO
C04447,Hibernating,2,1,4,402,1,89.47,2024-11-25,Email / Referral
C00516,Hibernating,1,2,4,558,2,89.42,2024-06-22,Meta Ads
C05971,Hibernating,2,2,4,383,2,89.39,2024-12-14,Email / Referral
C03315,Hibernating,2,1,4,463,1,89.38,2024-09-25,Google Search
C04889,Hibernating,2,2,4,387,2,89.37,2024-12-10,Meta Ads
C01980,Hibernating,1,2,4,513,2,89.23,2024-08-06,Meta Ads
C03860,Hibernating,1,1,4,651,1,89.14,2024-03-21,Meta Ads
C04733,Hibernating,2,1,4,423,1,89.05,2024-11-04,Organic / SEO
C01526,Hibernating,1,1,4,564,1,89.04,2024-06-16,Google Search
C05930,Hibernating,1,1,4,685,1,88.93,2024-02-16,Email / Referral
C02160,Hibernating,1,1,4,689,1,88.86,2024-02-12,Meta Ads
C02088,Hibernating,2,1,4,420,1,88.83,2024-11-07,Google Search
C03307,Hibernating,1,1,4,670,1,88.83,2024-03-02,Email / Referral
C02583,Hibernating,1,1,4,656,1,88.51,2024-03-16,Meta Ads
C03531,Hibernating,1,1,4,683,1,88.47,2024-02-18,Meta Ads
C03851,Hibernating,2,1,4,377,1,88.45,2024-12-20,Google Search
C05451,Hibernating,1,1,4,726,1,88.35,2024-01-06,Email / Referral
C00869,Hibernating,2,1,4,478,1,88.31,2024-09-10,Organic / SEO
C03784,Hibernating,1,2,4,488,2,88.27,2024-08-31,Google Search
C05460,Hibernating,1,1,4,668,1,88.17,2024-03-04,Unknown
C03336,Hibernating,2,1,4,418,1,88.0,2024-11-09,Email / Referral
C01624,Hibernating,1,1,4,644,1,87.72,2024-03-28,Google Search
C05766,Hibernating,2,1,4,383,1,87.7,2024-12-14,Google Search
C05951,Hibernating,2,1,4,421,1,87.67,2024-11-06,Programmatic
C04640,Hibernating,2,2,4,376,2,87.55,2024-12-21,Meta Ads
C00332,Hibernating,1,1,4,540,1,87.38,2024-07-10,Programmatic
C05154,Hibernating,1,1,4,527,1,87.31,2024-07-23,Email / Referral
C03230,Hibernating,2,1,4,334,1,87.14,2025-02-01,Meta Ads
C05077,Hibernating,2,1,4,330,1,87.07,2025-02-05,Google Search
C04612,Hibernating,2,1,4,453,1,86.97,2024-10-05,Google Search
C02034,Hibernating,2,1,4,379,1,86.89,2024-12-18,Meta Ads
C00757,Hibernating,2,1,4,431,1,86.87,2024-10-27,Email / Referral
C02925,Hibernating,1,1,4,672,1,86.73,2024-02-29,Meta Ads
C02833,Hibernating,2,1,4,350,1,86.68,2025-01-16,Google Search
C04723,Hibernating,1,1,4,484,1,86.66,2024-09-04,Google Search
C03936,Hibernating,1,1,4,487,1,86.65,2024-09-01,Google Search
C04331,Hibernating,1,1,4,632,1,86.5,2024-04-09,Meta Ads
C02792,Hibernating,2,2,4,400,2,86.49000000000001,2024-11-27,Programmatic
C05531,Hibernating,2,1,4,423,1,86.47,2024-11-04,Organic / SEO
C04448,Hibernating,2,1,4,329,1,86.45,2025-02-06,Google Search
C03390,Hibernating,2,1,4,483,1,86.3,2024-09-05,Google Search
C04374,Hibernating,1,1,4,573,1,86.28,2024-06-07,Google Search
C01364,Hibernating,1,1,4,691,1,86.26,2024-02-10,Email / Referral
C03601,Hibernating,2,1,4,467,1,86.25,2024-09-21,Meta Ads
C04315,Hibernating,1,1,4,728,1,86.21,2024-01-04,Organic / SEO
C05133,Hibernating,1,1,4,525,1,86.19,2024-07-25,Google Search
C02831,Hibernating,1,1,4,523,1,86.16,2024-07-27,Google Search
C04709,Hibernating,2,2,4,424,2,86.15,2024-11-03,Organic / SEO
C05387,Hibernating,1,1,4,647,1,85.97,2024-03-25,Google Search
C02550,Hibernating,2,2,4,441,2,85.87,2024-10-17,Organic / SEO
C01206,Hibernating,2,2,4,379,2,85.85,2024-12-18,Meta Ads
C04753,Hibernating,2,2,4,410,2,85.53999999999999,2024-11-17,Organic / SEO
C05030,Hibernating,1,1,4,706,1,85.52,2024-01-26,Programmatic
C03362,Hibernating,2,1,4,421,1,85.42,2024-11-06,Meta Ads
C03524,Hibernating,2,1,4,402,1,85.41,2024-11-25,Meta Ads
C05056,Hibernating,2,1,4,478,1,85.3,2024-09-10,Organic / SEO
C00726,Hibernating,1,1,4,690,1,85.26,2024-02-11,Meta Ads
C05122,Hibernating,2,1,4,451,1,85.05,2024-10-07,Organic / SEO
C04563,Hibernating,2,1,4,478,1,85.0,2024-09-10,Email / Referral
C05489,Hibernating,2,1,4,384,1,84.93,2024-12-13,Google Search
C03300,Hibernating,2,2,4,388,2,84.80000000000001,2024-12-09,Google Search
C04104,Hibernating,2,1,4,451,1,84.68,2024-10-07,Email / Referral
C04695,Hibernating,2,1,4,392,1,84.66,2024-12-05,Email / Referral
C02628,Hibernating,2,2,4,339,2,84.62,2025-01-27,Programmatic
C00220,Hibernating,2,1,4,393,1,84.51,2024-12-04,Meta Ads
C05472,Hibernating,1,1,4,669,1,84.5,2024-03-03,Meta Ads
C00473,Hibernating,1,1,4,615,1,84.48,2024-04-26,Programmatic
C01402,Hibernating,1,1,4,669,1,84.11,2024-03-03,Google Search
C03410,Hibernating,1,1,4,633,1,84.0,2024-04-08,Organic / SEO
C00729,Hibernating,2,2,4,349,2,83.99,2025-01-17,Email / Referral
C05450,Hibernating,2,1,4,363,1,83.89,2025-01-03,Meta Ads
C00176,Hibernating,1,1,4,686,1,83.86,2024-02-15,Programmatic
C01253,Hibernating,1,1,4,619,1,83.86,2024-04-22,Programmatic
C02734,Hibernating,2,1,4,428,1,83.82,2024-10-30,Meta Ads
C03453,Hibernating,1,2,4,632,2,83.82,2024-04-09,Email / Referral
C03768,Hibernating,2,1,4,426,1,83.8,2024-11-01,Organic / SEO
C01053,Hibernating,2,1,4,477,1,83.79,2024-09-11,Meta Ads
C04235,Hibernating,1,1,4,665,1,83.78,2024-03-07,Email / Referral
C05840,Hibernating,1,2,4,511,2,83.78,2024-08-08,Google Search
C02630,Hibernating,1,1,4,506,1,83.76,2024-08-13,Programmatic
C03125,Hibernating,1,1,4,550,1,83.68,2024-06-30,Programmatic
C00125,Hibernating,1,1,4,690,1,83.66,2024-02-11,Google Search
C00286,Hibernating,2,1,4,382,1,83.64,2024-12-15,Organic / SEO
C01153,Hibernating,1,1,4,637,1,83.52,2024-04-04,Programmatic
C02850,Hibernating,2,1,4,405,1,83.43,2024-11-22,Programmatic
C05169,Hibernating,1,1,4,611,1,83.35,2024-04-30,Organic / SEO
C03654,Hibernating,1,1,4,539,1,83.21,2024-07-11,Organic / SEO
C00458,Hibernating,2,1,4,353,1,83.18,2025-01-13,Organic / SEO
C05312,Hibernating,2,2,4,443,2,83.16,2024-10-15,Organic / SEO
C02636,Hibernating,2,1,4,374,1,83.06,2024-12-23,Meta Ads
C05234,Hibernating,2,1,4,388,1,82.96,2024-12-09,Email / Referral
C03671,Hibernating,2,1,4,414,1,82.85,2024-11-13,Google Search
C03874,Hibernating,2,2,4,397,2,82.84,2024-11-30,Google Search
C04972,Hibernating,1,1,4,661,1,82.8,2024-03-11,Programmatic
C05233,Hibernating,2,2,4,377,2,82.75999999999999,2024-12-20,Google Search
C01693,Hibernating,1,1,4,501,1,82.7,2024-08-18,Meta Ads
C04803,Hibernating,1,1,4,685,1,82.66,2024-02-16,Organic / SEO
C05665,Hibernating,1,1,4,533,1,82.63,2024-07-17,Organic / SEO
C01888,Hibernating,1,1,4,552,1,82.55,2024-06-28,Google Search
C04835,Hibernating,2,1,4,430,1,82.55,2024-10-28,Meta Ads
C05849,Hibernating,1,1,4,633,1,82.55,2024-04-08,Google Search
C04320,Hibernating,2,2,4,360,2,82.5,2025-01-06,Meta Ads
C00442,Hibernating,1,1,4,582,1,82.46,2024-05-29,Programmatic
C00795,Hibernating,1,1,4,593,1,82.46,2024-05-18,Unknown
C00954,Hibernating,1,1,4,577,1,82.4,2024-06-03,Organic / SEO
C00552,Hibernating,1,1,4,586,1,82.35,2024-05-25,Google Search
C05826,Hibernating,1,1,4,579,1,82.31,2024-06-01,Google Search
C04023,Hibernating,2,1,4,444,1,82.3,2024-10-14,Meta Ads
C02434,Hibernating,2,1,4,438,1,82.18,2024-10-20,Organic / SEO
C05305,Hibernating,1,1,4,719,1,82.17,2024-01-13,Email / Referral
C01178,Hibernating,2,1,4,409,1,82.16,2024-11-18,Programmatic
C04988,Hibernating,1,1,4,551,1,81.98,2024-06-29,Programmatic
C00964,Hibernating,1,1,4,609,1,81.96,2024-05-02,Meta Ads
C01187,Hibernating,2,1,4,392,1,81.91,2024-12-05,Google Search
C00142,Hibernating,2,1,4,328,1,81.87,2025-02-07,Google Search
C05476,Hibernating,1,1,4,607,1,81.87,2024-05-04,Google Search
C01369,Hibernating,1,1,4,552,1,81.84,2024-06-28,Programmatic
C01124,Hibernating,1,1,4,563,1,81.75,2024-06-17,Programmatic
C03115,Hibernating,2,1,4,359,1,81.73,2025-01-07,Meta Ads
C03123,Hibernating,2,1,4,431,1,81.67,2024-10-27,Programmatic
C01267,Hibernating,1,1,4,568,1,81.56,2024-06-12,Meta Ads
C05239,Hibernating,2,1,4,369,1,81.53,2024-12-28,Organic / SEO
C04091,Hibernating,1,1,4,632,1,81.52,2024-04-09,Organic / SEO
C03391,Hibernating,1,1,4,598,1,81.49,2024-05-13,Organic / SEO
C02406,Hibernating,1,2,4,490,2,81.47999999999999,2024-08-29,Email / Referral
C02680,Hibernating,2,1,4,424,1,81.46,2024-11-03,Organic / SEO
C03685,Hibernating,1,1,4,556,1,81.44,2024-06-24,Google Search
C05316,Hibernating,2,1,4,394,1,81.36,2024-12-03,Google Search
C02295,Hibernating,2,2,4,386,2,81.34,2024-12-11,Organic / SEO
C01857,Hibernating,1,1,4,521,1,81.27,2024-07-29,Google Search
C00157,Hibernating,2,1,4,472,1,81.26,2024-09-16,Unknown
C01726,Hibernating,1,1,4,676,1,81.03,2024-02-25,Meta Ads
C01828,Hibernating,2,1,4,335,1,81.02,2025-01-31,Google Search
C01900,Hibernating,1,1,4,677,1,80.97,2024-02-24,Meta Ads
C05115,Hibernating,1,1,4,618,1,80.9,2024-04-23,Organic / SEO
C05537,Hibernating,2,1,4,458,1,80.89,2024-09-30,Meta Ads
C02478,Hibernating,1,1,4,548,1,80.78,2024-07-02,Meta Ads
C04253,Hibernating,1,1,4,554,1,80.76,2024-06-26,Programmatic
C04809,Hibernating,2,1,4,369,1,80.71,2024-12-28,Google Search
C00925,Hibernating,1,1,4,573,1,80.69,2024-06-07,Meta Ads
C03443,Hibernating,1,2,4,629,2,80.59,2024-04-12,Organic / SEO
C05728,Hibernating,2,1,4,438,1,80.54,2024-10-20,Organic / SEO
C01942,Hibernating,2,1,4,356,1,80.47,2025-01-10,Meta Ads
C03951,Hibernating,2,1,4,376,1,80.43,2024-12-21,Google Search
C04802,Hibernating,1,1,4,534,1,80.39,2024-07-16,Google Search
C05137,Hibernating,1,2,4,531,2,80.36,2024-07-19,Programmatic
C04232,Hibernating,1,1,4,698,1,80.27,2024-02-03,Email / Referral
C02439,Hibernating,2,1,4,369,1,80.23,2024-12-28,Programmatic
C04431,Hibernating,2,1,4,450,1,80.07,2024-10-08,Google Search
C04488,Hibernating,1,1,4,622,1,79.97,2024-04-19,Google Search
C02421,Hibernating,1,1,4,611,1,79.91,2024-04-30,Google Search
C00060,Hibernating,1,1,4,620,1,79.87,2024-04-21,Programmatic
C04248,Hibernating,1,1,4,711,1,79.87,2024-01-21,Meta Ads
C00584,Hibernating,2,1,4,392,1,79.77,2024-12-05,Google Search
C00517,Hibernating,2,1,4,445,1,79.75,2024-10-13,Organic / SEO
C03828,Hibernating,2,1,4,433,1,79.74,2024-10-25,Meta Ads
C00583,Hibernating,1,1,4,629,1,79.71,2024-04-12,Organic / SEO
C03570,Hibernating,2,1,4,451,1,79.58,2024-10-07,Organic / SEO
C03067,Hibernating,2,1,4,386,1,79.55,2024-12-11,Meta Ads
C03344,Hibernating,1,1,3,630,1,79.5,2024-04-11,Google Search
C00267,Hibernating,2,1,3,469,1,79.39,2024-09-19,Google Search
C05723,Hibernating,1,1,3,663,1,79.31,2024-03-09,Organic / SEO
C03041,Hibernating,2,1,3,403,1,79.16,2024-11-24,Google Search
C04804,Hibernating,2,1,3,350,1,79.16,2025-01-16,Google Search
C05432,Hibernating,2,1,3,365,1,79.09,2025-01-01,Google Search
C01762,Hibernating,1,1,3,570,1,79.07,2024-06-10,Programmatic
C01503,Hibernating,2,1,3,408,1,78.99,2024-11-19,Google Search
C01834,Hibernating,1,1,3,559,1,78.82,2024-06-21,Organic / SEO
C04548,Hibernating,2,2,3,483,2,78.81,2024-09-05,Meta Ads
C03868,Hibernating,1,1,3,492,1,78.77,2024-08-27,Email / Referral
C01531,Hibernating,2,1,3,449,1,78.74,2024-10-09,Google Search
C05071,Hibernating,2,1,3,461,1,78.71,2024-09-27,Programmatic
C02784,Hibernating,2,1,3,418,1,78.65,2024-11-09,Google Search
C01661,Hibernating,1,1,3,576,1,78.62,2024-06-04,Meta Ads
C00437,Hibernating,1,1,3,610,1,78.6,2024-05-01,Meta Ads
C02314,Hibernating,1,1,3,559,1,78.59,2024-06-21,Meta Ads
C04846,Hibernating,2,1,3,455,1,78.57,2024-10-03,Programmatic
C02839,Hibernating,2,1,3,407,1,78.22,2024-11-20,Google Search
C00111,Hibernating,2,1,3,355,1,78.14,2025-01-11,Google Search
C01400,Hibernating,2,1,3,393,1,78.02,2024-12-04,Email / Referral
C04404,Hibernating,2,1,3,479,1,78.0,2024-09-09,Organic / SEO
C00273,Hibernating,1,1,3,678,1,77.99,2024-02-23,Organic / SEO
C03495,Hibernating,1,1,3,606,1,77.92,2024-05-05,Google Search
C00741,Hibernating,1,1,3,730,1,77.76,2024-01-02,Organic / SEO
C00469,Hibernating,1,2,3,539,2,77.68,2024-07-11,Programmatic
C04017,Hibernating,1,1,3,498,1,77.61,2024-08-21,Organic / SEO
C00547,Hibernating,2,1,3,396,1,77.58,2024-12-01,Google Search
C01527,Hibernating,2,1,3,415,1,77.57,2024-11-12,Email / Referral
C01768,Hibernating,1,1,3,658,1,77.48,2024-03-14,Meta Ads
C02568,Hibernating,1,1,3,633,1,77.46,2024-04-08,Meta Ads
C02698,Hibernating,1,1,3,699,1,77.45,2024-02-02,Meta Ads
C01046,Hibernating,2,2,3,386,2,77.42,2024-12-11,Programmatic
C00051,Hibernating,1,1,3,542,1,77.41,2024-07-08,Meta Ads
C05202,Hibernating,1,1,3,567,1,77.41,2024-06-13,Google Search
C01100,Hibernating,1,1,3,571,1,77.4,2024-06-09,Google Search
C01096,Hibernating,2,1,3,385,1,77.38,2024-12-12,Google Search
C03709,Hibernating,2,1,3,368,1,77.33,2024-12-29,Email / Referral
C00398,Hibernating,2,1,3,460,1,77.27,2024-09-28,Google Search
C00687,Hibernating,2,1,3,379,1,77.19,2024-12-18,Programmatic
C02122,Hibernating,2,2,3,378,2,77.18,2024-12-19,Organic / SEO
C01422,Hibernating,2,1,3,334,1,77.11,2025-02-01,Google Search
C04801,Hibernating,2,1,3,369,1,77.01,2024-12-28,Google Search
C05223,Hibernating,1,1,3,634,1,76.87,2024-04-07,Google Search
C02013,Hibernating,1,1,3,596,1,76.86,2024-05-15,Organic / SEO
C04515,Hibernating,1,1,3,620,1,76.72,2024-04-21,Programmatic
C01831,Hibernating,2,1,3,346,1,76.69,2025-01-20,Programmatic
C03834,Hibernating,2,1,3,344,1,76.68,2025-01-22,Organic / SEO
C01898,Hibernating,2,1,3,477,1,76.62,2024-09-11,Google Search
C05644,Hibernating,2,1,3,405,1,76.57,2024-11-22,Organic / SEO
C01318,Hibernating,1,1,3,705,1,76.44,2024-01-27,Programmatic
C02305,Hibernating,2,1,3,369,1,76.44,2024-12-28,Email / Referral
C03397,Hibernating,1,1,3,657,1,76.44,2024-03-15,Organic / SEO
C01926,Hibernating,1,1,3,685,1,76.42,2024-02-16,Google Search
C00601,Hibernating,2,1,3,338,1,76.25,2025-01-28,Google Search
C03690,Hibernating,2,1,3,402,1,76.18,2024-11-25,Google Search
C01255,Hibernating,1,1,3,613,1,76.13,2024-04-28,Meta Ads
C02214,Hibernating,2,1,3,335,1,75.97,2025-01-31,Organic / SEO
C02912,Hibernating,1,1,3,588,1,75.96,2024-05-23,Meta Ads
C05820,Hibernating,2,1,3,385,1,75.94,2024-12-12,Meta Ads
C01244,Hibernating,2,1,3,410,1,75.88,2024-11-17,Email / Referral
C00369,Hibernating,2,1,3,429,1,75.84,2024-10-29,Organic / SEO
C04775,Hibernating,1,1,3,725,1,75.78,2024-01-07,Google Search
C05880,Hibernating,2,1,3,472,1,75.74,2024-09-16,Organic / SEO
C02374,Hibernating,1,1,3,498,1,75.72,2024-08-21,Meta Ads
C03817,Hibernating,2,1,3,375,1,75.66,2024-12-22,Google Search
C01101,Hibernating,1,1,3,724,1,75.62,2024-01-08,Meta Ads
C00312,Hibernating,2,1,3,381,1,75.53,2024-12-16,Email / Referral
C05819,Hibernating,2,1,3,419,1,75.5,2024-11-08,Google Search
C02064,Hibernating,1,1,3,642,1,75.25,2024-03-30,Email / Referral
C04284,Hibernating,1,1,3,605,1,75.2,2024-05-06,Programmatic
C02157,Hibernating,1,1,3,635,1,75.18,2024-04-06,Programmatic
C05107,Hibernating,1,2,3,493,2,75.14,2024-08-26,Email / Referral
C01382,Hibernating,1,1,3,695,1,75.13,2024-02-06,Meta Ads
C01721,Hibernating,1,1,3,707,1,75.13,2024-01-25,Google Search
C02840,Hibernating,1,1,3,686,1,75.07,2024-02-15,Organic / SEO
C03240,Hibernating,2,2,3,366,2,74.94,2024-12-31,Programmatic
C04057,Hibernating,2,1,3,462,1,74.87,2024-09-26,Google Search
C02117,Hibernating,1,1,3,486,1,74.84,2024-09-02,Organic / SEO
C04797,Hibernating,1,1,3,553,1,74.82,2024-06-27,Google Search
C03661,Hibernating,1,2,3,527,2,74.81,2024-07-23,Meta Ads
C00808,Hibernating,1,1,3,566,1,74.79,2024-06-14,Programmatic
C04049,Hibernating,2,1,3,410,1,74.67,2024-11-17,Programmatic
C00731,Hibernating,2,1,3,446,1,74.59,2024-10-12,Email / Referral
C00276,Hibernating,2,1,3,395,1,74.55,2024-12-02,Organic / SEO
C02810,Hibernating,1,1,3,573,1,74.55,2024-06-07,Programmatic
C04275,Hibernating,1,1,3,532,1,74.53,2024-07-18,Google Search
C02334,Hibernating,1,1,3,597,1,74.46,2024-05-14,Organic / SEO
C02539,Hibernating,1,1,3,633,1,74.44,2024-04-08,Google Search
C04440,Hibernating,2,1,3,455,1,74.43,2024-10-03,Meta Ads
C04354,Hibernating,1,1,3,680,1,74.41,2024-02-21,Organic / SEO
C04867,Hibernating,2,1,3,462,1,74.38,2024-09-26,Google Search
C04599,Hibernating,2,1,3,430,1,74.35,2024-10-28,Google Search
C02128,Hibernating,2,1,3,433,1,74.33,2024-10-25,Organic / SEO
C03818,Hibernating,2,1,3,473,1,74.33,2024-09-15,Google Search
C03641,Hibernating,2,1,3,476,1,74.19,2024-09-12,Organic / SEO
C04641,Hibernating,1,1,3,541,1,74.16,2024-07-09,Organic / SEO
C02891,Hibernating,2,2,3,341,2,74.1,2025-01-25,Email / Referral
C01783,Hibernating,2,2,3,405,2,74.09,2024-11-22,Unknown
C05776,Hibernating,1,1,3,694,1,74.07,2024-02-07,Google Search
C05068,Hibernating,2,1,3,415,1,73.89,2024-11-12,Meta Ads
C03285,Hibernating,1,2,3,511,2,73.88,2024-08-08,Meta Ads
C03827,Hibernating,2,1,3,481,1,73.87,2024-09-07,Programmatic
C04465,Hibernating,1,1,3,564,1,73.83,2024-06-16,Google Search
C01890,Hibernating,2,1,3,363,1,73.7,2025-01-03,Organic / SEO
C00259,Hibernating,1,1,3,665,1,73.66,2024-03-07,Meta Ads
C01734,Hibernating,1,1,3,492,1,73.62,2024-08-27,Google Search
C01119,Hibernating,2,1,3,481,1,73.54,2024-09-07,Google Search
C05420,Hibernating,2,1,3,417,1,73.5,2024-11-10,Programmatic
C02821,Hibernating,2,1,3,466,1,73.47,2024-09-22,Meta Ads
C03604,Hibernating,1,1,3,524,1,73.33,2024-07-26,Meta Ads
C03781,Hibernating,1,1,3,648,1,73.17,2024-03-24,Google Search
C04910,Hibernating,1,1,3,527,1,73.06,2024-07-23,Programmatic
C00164,Hibernating,1,1,3,694,1,72.9,2024-02-07,Organic / SEO
C04965,Hibernating,1,1,3,511,1,72.85,2024-08-08,Meta Ads
C00335,Hibernating,1,1,3,603,1,72.81,2024-05-08,Organic / SEO
C05900,Hibernating,2,2,3,443,2,72.81,2024-10-15,Programmatic
C02989,Hibernating,1,2,3,492,2,72.75,2024-08-27,Google Search
C05304,Hibernating,2,1,3,427,1,72.74,2024-10-31,Email / Referral
C05051,Hibernating,1,1,3,520,1,72.7,2024-07-30,Google Search
C00805,Hibernating,1,1,3,609,1,72.69,2024-05-02,Programmatic
C03985,Hibernating,2,1,3,407,1,72.61,2024-11-20,Organic / SEO
C00429,Hibernating,1,1,3,674,1,72.6,2024-02-27,Meta Ads
C01547,Hibernating,1,1,3,506,1,72.51,2024-08-13,Meta Ads
C01645,Hibernating,1,1,3,555,1,72.48,2024-06-25,Organic / SEO
C02696,Hibernating,1,1,3,572,1,72.48,2024-06-08,Meta Ads
C02210,Hibernating,1,1,3,629,1,72.45,2024-04-12,Programmatic
C01976,Hibernating,1,1,3,525,1,72.29,2024-07-25,Programmatic
C00573,Hibernating,2,1,3,335,1,72.19,2025-01-31,Organic / SEO
C02145,Hibernating,2,1,3,449,1,72.19,2024-10-09,Organic / SEO
C05036,Hibernating,1,1,3,544,1,72.19,2024-07-06,Programmatic
C00313,Hibernating,1,1,3,514,1,72.04,2024-08-05,Programmatic
C05882,Hibernating,1,1,3,521,1,71.98,2024-07-29,Email / Referral
C03657,Hibernating,1,1,3,579,1,71.92,2024-06-01,Meta Ads
C00796,Hibernating,2,1,3,421,1,71.88,2024-11-06,Organic / SEO
C02817,Hibernating,2,1,3,471,1,71.88,2024-09-17,Programmatic
C03789,Hibernating,2,1,3,420,1,71.88,2024-11-07,Google Search
C05720,Hibernating,1,1,3,633,1,71.79,2024-04-08,Programmatic
C04082,Hibernating,2,1,3,478,1,71.78,2024-09-10,Google Search
C05800,Hibernating,2,1,3,394,1,71.69,2024-12-03,Google Search
C05403,Hibernating,2,1,3,401,1,71.62,2024-11-26,Google Search
C02867,Hibernating,2,1,3,385,1,71.61,2024-12-12,Google Search
C05178,Hibernating,1,1,3,727,1,71.5,2024-01-05,Organic / SEO
C00884,Hibernating,2,1,3,346,1,71.39,2025-01-20,Email / Referral
C01209,Hibernating,1,1,3,490,1,71.35,2024-08-29,Google Search
C03666,Hibernating,2,1,3,379,1,71.28,2024-12-18,Organic / SEO
C05083,Hibernating,2,1,3,381,1,71.28,2024-12-16,Google Search
C04839,Hibernating,1,2,3,600,2,71.24000000000001,2024-05-11,Google Search
C05201,Hibernating,1,1,3,492,1,71.24,2024-08-27,Organic / SEO
C03499,Hibernating,2,1,3,396,1,71.22,2024-12-01,Programmatic
C05632,Hibernating,1,1,3,560,1,71.21,2024-06-20,Meta Ads
C01511,Hibernating,1,1,3,604,1,71.09,2024-05-07,Organic / SEO
C03030,Hibernating,2,1,3,404,1,71.09,2024-11-23,Google Search
C04434,Hibernating,2,1,3,407,1,71.03,2024-11-20,Meta Ads
C03999,Hibernating,2,1,3,425,1,71.0,2024-11-02,Meta Ads
C02357,Hibernating,2,1,3,330,1,70.99,2025-02-05,Organic / SEO
C04412,Hibernating,1,1,3,679,1,70.92,2024-02-22,Google Search
C04297,Hibernating,2,1,3,364,1,70.88,2025-01-02,Organic / SEO
C03687,Hibernating,2,1,3,420,1,70.86,2024-11-07,Programmatic
C05878,Hibernating,1,1,3,563,1,70.86,2024-06-17,Google Search
C05198,Hibernating,2,1,3,422,1,70.84,2024-11-05,Google Search
C01582,Hibernating,2,1,3,444,1,70.7,2024-10-14,Email / Referral
C01778,Hibernating,2,2,3,331,2,70.7,2025-02-04,Programmatic
C05326,Hibernating,1,1,3,590,1,70.63,2024-05-21,Meta Ads
C04892,Hibernating,2,1,3,473,1,70.62,2024-09-15,Google Search
C03925,Hibernating,1,1,3,536,1,70.61,2024-07-14,Google Search
C02204,Hibernating,1,1,3,554,1,70.59,2024-06-26,Organic / SEO
C03070,Hibernating,2,1,3,361,1,70.52,2025-01-05,Meta Ads
C02094,Hibernating,1,1,3,530,1,70.51,2024-07-20,Programmatic
C04983,Hibernating,2,1,3,447,1,70.46,2024-10-11,Google Search
C05093,Hibernating,2,1,3,422,1,70.43,2024-11-05,Organic / SEO
C00681,Hibernating,1,1,3,665,1,70.42,2024-03-07,Organic / SEO
C00590,Hibernating,1,1,3,706,1,70.38,2024-01-26,Meta Ads
C03244,Hibernating,2,1,3,456,1,70.38,2024-10-02,Google Search
C05688,Hibernating,1,1,3,546,1,70.38,2024-07-04,Google Search
C01388,Hibernating,2,1,3,455,1,70.31,2024-10-03,Google Search
C03737,Hibernating,1,1,3,494,1,70.2,2024-08-25,Google Search
C05716,Hibernating,1,1,3,544,1,70.17,2024-07-06,Programmatic
C05394,Hibernating,2,1,3,349,1,70.1,2025-01-17,Meta Ads
C00163,Hibernating,1,2,3,513,2,70.03,2024-08-06,Meta Ads
C00082,Hibernating,2,1,3,388,1,70.02,2024-12-09,Google Search
C05062,Hibernating,1,1,3,577,1,69.98,2024-06-03,Organic / SEO
C04236,Hibernating,1,1,3,567,1,69.96,2024-06-13,Google Search
C01003,Hibernating,1,1,3,606,1,69.88,2024-05-05,Organic / SEO
C04372,Hibernating,1,1,3,616,1,69.87,2024-04-25,Google Search
C00396,Hibernating,2,1,3,356,1,69.86,2025-01-10,Email / Referral
C03052,Hibernating,1,1,3,636,1,69.86,2024-04-05,Organic / SEO
C00109,Hibernating,1,1,3,637,1,69.85,2024-04-04,Meta Ads
C05775,Hibernating,1,1,3,521,1,69.85,2024-07-29,Google Search
C03376,Hibernating,2,1,3,377,1,69.79,2024-12-20,Google Search
C04710,Hibernating,2,1,3,421,1,69.68,2024-11-06,Organic / SEO
C04209,Hibernating,2,1,3,361,1,69.62,2025-01-05,Google Search
C04866,Hibernating,1,1,3,619,1,69.57,2024-04-22,Google Search
C04940,Hibernating,1,1,3,553,1,69.56,2024-06-27,Programmatic
C04120,Hibernating,2,1,3,334,1,69.47,2025-02-01,Meta Ads
C05094,Hibernating,2,1,3,411,1,69.45,2024-11-16,Meta Ads
C01566,Hibernating,2,1,3,351,1,69.43,2025-01-15,Programmatic
C04383,Hibernating,1,1,3,520,1,69.39,2024-07-30,Google Search
C04333,Hibernating,1,1,3,664,1,69.36,2024-03-08,Organic / SEO
C03000,Hibernating,1,1,3,635,1,69.35,2024-04-06,Organic / SEO
C03215,Hibernating,1,1,3,590,1,69.29,2024-05-21,Google Search
C05757,Hibernating,1,1,3,593,1,69.27,2024-05-18,Unknown
C04542,Hibernating,1,1,3,702,1,69.25,2024-01-30,Meta Ads
C03020,Hibernating,2,2,3,340,2,69.22,2025-01-26,Email / Referral
C00775,Hibernating,1,1,3,727,1,69.19,2024-01-05,Meta Ads
C04022,Hibernating,1,1,3,548,1,69.19,2024-07-02,Google Search
C02081,Hibernating,2,1,3,396,1,69.13,2024-12-01,Google Search
C02511,Hibernating,2,1,3,350,1,69.08,2025-01-16,Google Search
C04408,Hibernating,2,1,3,405,1,69.07,2024-11-22,Organic / SEO
C04578,Hibernating,1,1,3,653,1,69.05,2024-03-19,Meta Ads
C05237,Hibernating,1,1,3,556,1,69.04,2024-06-24,Meta Ads
C02031,Hibernating,1,1,3,709,1,69.03,2024-01-23,Organic / SEO
C05134,Hibernating,2,1,3,338,1,68.96,2025-01-28,Programmatic
C05358,Hibernating,2,1,3,381,1,68.87,2024-12-16,Programmatic
C00683,Hibernating,1,1,3,714,1,68.85,2024-01-18,Organic / SEO
C03992,Hibernating,2,1,3,377,1,68.83,2024-12-20,Meta Ads
C05081,Hibernating,1,1,3,565,1,68.75,2024-06-15,Organic / SEO
C04679,Hibernating,1,1,3,655,1,68.58,2024-03-17,Google Search
C05511,Hibernating,1,1,3,632,1,68.52,2024-04-09,Google Search
C04936,Hibernating,1,1,3,583,1,68.49,2024-05-28,Google Search
C01895,Hibernating,2,1,3,443,1,68.48,2024-10-15,Meta Ads
C02735,Hibernating,2,1,3,480,1,68.43,2024-09-08,Email / Referral
C05013,Hibernating,1,1,3,538,1,68.4,2024-07-12,Organic / SEO
C04964,Hibernating,1,1,3,504,1,68.38,2024-08-15,Organic / SEO
C03438,Hibernating,2,1,3,438,1,68.35,2024-10-20,Email / Referral
C02041,Hibernating,2,1,3,469,1,68.33,2024-09-19,Google Search
C05954,Hibernating,1,1,3,686,1,68.31,2024-02-15,Programmatic
C00998,Hibernating,1,1,3,729,1,68.15,2024-01-03,Meta Ads
C05020,Hibernating,2,1,3,369,1,68.11,2024-12-28,Organic / SEO
C05397,Hibernating,2,1,3,446,1,68.08,2024-10-12,Email / Referral
C03151,Hibernating,1,1,3,731,1,68.05,2024-01-01,Meta Ads
C05664,Hibernating,1,1,3,605,1,68.04,2024-05-06,Meta Ads
C03916,Hibernating,2,1,3,452,1,68.02,2024-10-06,Meta Ads
C03415,Hibernating,2,1,3,457,1,68.0,2024-10-01,Programmatic
C04048,Hibernating,1,1,3,486,1,68.0,2024-09-02,Meta Ads
C05010,Hibernating,2,1,3,390,1,68.0,2024-12-07,Programmatic
C01329,Hibernating,2,1,3,481,1,67.85,2024-09-07,Google Search
C00352,Hibernating,1,1,3,568,1,67.77,2024-06-12,Programmatic
C00654,Hibernating,1,1,3,509,1,67.76,2024-08-10,Meta Ads
C01067,Hibernating,2,2,3,389,2,67.69,2024-12-08,Organic / SEO
C02299,Hibernating,1,1,3,727,1,67.62,2024-01-05,Google Search
C00898,Hibernating,1,1,3,540,1,67.61,2024-07-10,Google Search
C02685,Hibernating,2,1,3,469,1,67.53,2024-09-19,Google Search
C00010,Hibernating,2,1,3,360,1,67.49,2025-01-06,Programmatic
C01730,Hibernating,2,1,3,394,1,67.47,2024-12-03,Google Search
C03533,Hibernating,2,1,3,342,1,67.43,2025-01-24,Programmatic
C01652,Hibernating,2,1,3,478,1,67.4,2024-09-10,Google Search
C00778,Hibernating,1,1,3,575,1,67.38,2024-06-05,Meta Ads
C01358,Hibernating,2,1,3,349,1,67.36,2025-01-17,Google Search
C03065,Hibernating,2,1,3,406,1,67.36,2024-11-21,Google Search
C00384,Hibernating,2,1,3,337,1,67.35,2025-01-29,Email / Referral
C00486,Hibernating,2,1,3,380,1,67.32,2024-12-17,Programmatic
C01755,Hibernating,2,1,3,419,1,67.32,2024-11-08,Meta Ads
C02246,Hibernating,1,1,3,545,1,67.27,2024-07-05,Google Search
C05185,Hibernating,1,1,3,677,1,67.18,2024-02-24,Google Search
C04167,Hibernating,1,1,3,712,1,67.13,2024-01-20,Programmatic
C02996,Hibernating,2,1,3,342,1,67.12,2025-01-24,Programmatic
C00306,Hibernating,2,1,3,350,1,67.04,2025-01-16,Google Search
C02819,Hibernating,2,1,3,370,1,66.99,2024-12-27,Email / Referral
C02764,Hibernating,2,1,3,443,1,66.98,2024-10-15,Organic / SEO
C00099,Hibernating,1,1,3,616,1,66.96,2024-04-25,Organic / SEO
C03097,Hibernating,2,2,3,446,2,66.94,2024-10-12,Meta Ads
C04441,Hibernating,1,1,3,690,1,66.89,2024-02-11,Meta Ads
C02916,Hibernating,1,1,3,582,1,66.87,2024-05-29,Google Search
C05976,Hibernating,1,1,3,524,1,66.86,2024-07-26,Google Search
C00141,Hibernating,2,1,3,331,1,66.79,2025-02-04,Google Search
C05715,Hibernating,1,1,3,629,1,66.75,2024-04-12,Email / Referral
C04894,Hibernating,2,1,3,483,1,66.73,2024-09-05,Meta Ads
C01069,Hibernating,1,1,3,708,1,66.67,2024-01-24,Meta Ads
C05746,Hibernating,1,1,3,664,1,66.59,2024-03-08,Programmatic
C04897,Hibernating,1,1,3,524,1,66.57,2024-07-26,Google Search
C04225,Hibernating,1,1,3,526,1,66.56,2024-07-24,Organic / SEO
C02224,Hibernating,1,1,3,551,1,66.54,2024-06-29,Programmatic
C00735,Hibernating,1,1,3,671,1,66.51,2024-03-01,Google Search
C01567,Hibernating,1,1,3,651,1,66.5,2024-03-21,Google Search
C03306,Hibernating,1,2,3,486,2,66.39,2024-09-02,Meta Ads
C03186,Hibernating,1,1,3,652,1,66.33,2024-03-20,Programmatic
C00149,Hibernating,2,1,3,368,1,66.18,2024-12-29,Programmatic
C01554,Hibernating,2,1,3,409,1,66.18,2024-11-18,Google Search
C00207,Hibernating,1,1,3,604,1,66.16,2024-05-07,Meta Ads
C01712,Hibernating,2,1,3,401,1,66.13,2024-11-26,Email / Referral
C04851,Hibernating,1,1,3,541,1,66.1,2024-07-09,Meta Ads
C01028,Hibernating,2,1,3,410,1,66.05,2024-11-17,Google Search
C05594,Hibernating,1,1,3,722,1,66.03,2024-01-10,Organic / SEO
C00628,Hibernating,1,1,3,648,1,66.0,2024-03-24,Organic / SEO
C04734,Hibernating,1,1,3,510,1,66.0,2024-08-09,Programmatic
C01102,Hibernating,2,1,3,426,1,65.97,2024-11-01,Google Search
C01282,Hibernating,2,2,3,353,2,65.97,2025-01-13,Google Search
C01743,Hibernating,1,1,3,704,1,65.97,2024-01-28,Email / Referral
C04075,Hibernating,1,1,3,702,1,65.95,2024-01-30,Google Search
C05650,Hibernating,1,1,3,557,1,65.92,2024-06-23,Email / Referral
C03833,Hibernating,2,1,3,383,1,65.79,2024-12-14,Unknown
C03982,Hibernating,2,1,3,367,1,65.78,2024-12-30,Google Search
C04541,Hibernating,1,1,3,683,1,65.77,2024-02-18,Programmatic
C01288,Hibernating,2,1,3,432,1,65.71,2024-10-26,Google Search
C03100,Hibernating,1,1,3,569,1,65.71,2024-06-11,Programmatic
C04201,Hibernating,1,1,3,538,1,65.71,2024-07-12,Organic / SEO
C05226,Hibernating,2,1,3,366,1,65.64,2024-12-31,Google Search
C02018,Hibernating,1,1,3,699,1,65.61,2024-02-02,Organic / SEO
C05988,Hibernating,2,1,3,404,1,65.6,2024-11-23,Google Search
C04973,Hibernating,2,1,3,442,1,65.57,2024-10-16,Programmatic
C05088,Hibernating,2,1,3,382,1,65.52,2024-12-15,Organic / SEO
C05677,Hibernating,1,1,3,573,1,65.47,2024-06-07,Google Search
C05935,Hibernating,1,1,3,484,1,65.44,2024-09-04,Programmatic
C01243,Hibernating,2,1,3,413,1,65.42,2024-11-14,Organic / SEO
C02908,Hibernating,1,1,3,674,1,65.42,2024-02-27,Email / Referral
C01625,Hibernating,2,1,3,394,1,65.35,2024-12-03,Meta Ads
C00742,Hibernating,1,1,3,622,1,65.34,2024-04-19,Meta Ads
C05335,Hibernating,2,1,3,415,1,65.34,2024-11-12,Google Search
C00709,Hibernating,2,1,3,368,1,65.33,2024-12-29,Organic / SEO
C01281,Hibernating,2,1,3,414,1,65.29,2024-11-13,Organic / SEO
C05482,Hibernating,1,1,3,731,1,65.29,2024-01-01,Organic / SEO
C02220,Hibernating,2,1,3,444,1,65.28,2024-10-14,Email / Referral
C04781,Hibernating,2,1,3,449,1,65.26,2024-10-09,Meta Ads
C02936,Hibernating,2,1,3,343,1,65.18,2025-01-23,Programmatic
C05370,Hibernating,2,1,3,443,1,65.18,2024-10-15,Email / Referral
C01949,Hibernating,1,1,3,713,1,65.06,2024-01-19,Google Search
C00536,Hibernating,1,1,3,534,1,65.01,2024-07-16,Google Search
C05411,Hibernating,2,1,3,483,1,64.97,2024-09-05,Google Search
C04054,Hibernating,2,1,3,361,1,64.91,2025-01-05,Meta Ads
C04136,Hibernating,1,1,3,711,1,64.88,2024-01-21,Google Search
C05175,Hibernating,1,1,3,565,1,64.82,2024-06-15,Organic / SEO
C01323,Hibernating,1,1,3,726,1,64.81,2024-01-06,Meta Ads
C03634,Hibernating,2,1,3,382,1,64.78,2024-12-15,Meta Ads
C05655,Hibernating,2,1,3,466,1,64.78,2024-09-22,Google Search
C04257,Hibernating,1,1,3,701,1,64.75,2024-01-31,Programmatic
C00093,Hibernating,2,1,3,363,1,64.74,2025-01-03,Organic / SEO
C04308,Hibernating,2,1,3,422,1,64.73,2024-11-05,Google Search
C02475,Hibernating,2,1,3,409,1,64.71,2024-11-18,Google Search
C00249,Hibernating,2,1,3,406,1,64.7,2024-11-21,Organic / SEO
C05253,Hibernating,1,1,3,492,1,64.67,2024-08-27,Google Search
C05961,Hibernating,1,1,3,717,1,64.63,2024-01-15,Meta Ads
C03987,Hibernating,1,1,3,524,1,64.62,2024-07-26,Email / Referral
C01146,Hibernating,2,1,3,439,1,64.49,2024-10-19,Organic / SEO
C00339,Hibernating,1,1,3,648,1,64.42,2024-03-24,Google Search
C01430,Hibernating,2,1,3,363,1,64.42,2025-01-03,Programmatic
C05038,Hibernating,1,1,3,551,1,64.39,2024-06-29,Meta Ads
C05325,Hibernating,1,1,3,591,1,64.39,2024-05-20,Google Search
C04203,Hibernating,1,1,3,628,1,64.36,2024-04-13,Meta Ads
C03647,Hibernating,2,1,3,419,1,64.33,2024-11-08,Meta Ads
C02002,Hibernating,2,1,3,363,1,64.28,2025-01-03,Programmatic
C04358,Hibernating,2,1,3,445,1,64.23,2024-10-13,Organic / SEO
C04344,Hibernating,1,1,3,512,1,64.22,2024-08-07,Programmatic
C04999,Hibernating,2,1,3,417,1,64.2,2024-11-10,Meta Ads
C02369,Hibernating,2,1,3,410,1,64.16,2024-11-17,Meta Ads
C02970,Hibernating,1,1,3,557,1,64.13,2024-06-23,Meta Ads
C05842,Hibernating,2,1,3,429,1,64.1,2024-10-29,Programmatic
C00009,Hibernating,1,1,3,607,1,64.08,2024-05-04,Email / Referral
C04124,Hibernating,2,1,3,400,1,64.07,2024-11-27,Google Search
C05812,Hibernating,1,1,3,657,1,64.0,2024-03-15,Meta Ads
C01262,Hibernating,2,1,3,391,1,63.99,2024-12-06,Unknown
C05598,Hibernating,2,1,3,383,1,63.97,2024-12-14,Meta Ads
C02887,Hibernating,1,1,3,707,1,63.96,2024-01-25,Google Search
C00138,Hibernating,2,1,3,335,1,63.95,2025-01-31,Google Search
C05491,Hibernating,2,1,3,446,1,63.88,2024-10-12,Google Search
C03062,Hibernating,2,1,3,366,1,63.86,2024-12-31,Programmatic
C05284,Hibernating,2,1,3,404,1,63.79,2024-11-23,Google Search
C03034,Hibernating,1,1,3,516,1,63.78,2024-08-03,Programmatic
C00022,Hibernating,2,1,3,417,1,63.74,2024-11-10,Programmatic
C04151,Hibernating,1,1,3,499,1,63.74,2024-08-20,Meta Ads
C05730,Hibernating,2,1,3,457,1,63.71,2024-10-01,Google Search
C04059,Hibernating,2,1,3,394,1,63.65,2024-12-03,Organic / SEO
C01457,Hibernating,1,1,3,519,1,63.63,2024-07-31,Organic / SEO
C05534,Hibernating,2,1,3,421,1,63.63,2024-11-06,Organic / SEO
C03295,Hibernating,2,1,3,331,1,63.62,2025-02-04,Google Search
C00849,Hibernating,1,1,3,587,1,63.61,2024-05-24,Google Search
C03142,Hibernating,1,1,3,566,1,63.58,2024-06-14,Programmatic
C02922,Hibernating,1,1,3,724,1,63.56,2024-01-08,Organic / SEO
C04228,Hibernating,1,1,3,563,1,63.53,2024-06-17,Google Search
C00175,Hibernating,1,1,3,574,1,63.46,2024-06-06,Meta Ads
C00994,Hibernating,1,1,3,532,1,63.43,2024-07-18,Meta Ads
C01742,Hibernating,1,1,3,515,1,63.4,2024-08-04,Meta Ads
C02668,Hibernating,1,1,3,662,1,63.34,2024-03-10,Organic / SEO
C00187,Hibernating,2,1,3,406,1,63.33,2024-11-21,Organic / SEO
C04276,Hibernating,1,1,3,689,1,63.3,2024-02-12,Google Search
C03572,Hibernating,1,1,3,596,1,63.2,2024-05-15,Organic / SEO
C00033,Hibernating,2,1,3,412,1,63.19,2024-11-15,Google Search
C02113,Hibernating,1,1,3,562,1,63.14,2024-06-18,Programmatic
C00615,Hibernating,2,1,3,466,1,63.1,2024-09-22,Programmatic
C00254,Hibernating,1,1,3,500,1,63.08,2024-08-19,Meta Ads
C04403,Hibernating,1,1,3,712,1,63.08,2024-01-20,Meta Ads
C03472,Hibernating,2,1,3,362,1,62.96,2025-01-04,Google Search
C01552,Hibernating,2,1,3,368,1,62.88,2024-12-29,Organic / SEO
C02109,Hibernating,2,1,3,424,1,62.87,2024-11-03,Organic / SEO
C04609,Hibernating,1,1,3,627,1,62.87,2024-04-14,Programmatic
C00664,Hibernating,1,1,3,648,1,62.86,2024-03-24,Email / Referral
C00856,Hibernating,2,1,3,344,1,62.83,2025-01-22,Meta Ads
C04789,Hibernating,1,1,3,599,1,62.82,2024-05-12,Google Search
C04359,Hibernating,2,1,3,332,1,62.71,2025-02-03,Organic / SEO
C01991,Hibernating,1,1,3,644,1,62.67,2024-03-28,Organic / SEO
C01551,Hibernating,1,2,3,538,2,62.66,2024-07-12,Programmatic
C00651,Hibernating,2,1,3,391,1,62.63,2024-12-06,Organic / SEO
C03758,Hibernating,2,1,3,475,1,62.61,2024-09-13,Meta Ads
C05551,Hibernating,2,1,3,466,1,62.61,2024-09-22,Google Search
C05152,Hibernating,1,1,3,645,1,62.6,2024-03-27,Google Search
C02005,Hibernating,1,1,3,618,1,62.53,2024-04-23,Email / Referral
C00878,Hibernating,2,1,3,440,1,62.5,2024-10-18,Meta Ads
C04470,Hibernating,1,1,3,511,1,62.48,2024-08-08,Google Search
C02601,Hibernating,2,1,3,385,1,62.45,2024-12-12,Meta Ads
C04039,Hibernating,2,1,3,403,1,62.32,2024-11-24,Meta Ads
C05457,Hibernating,1,1,3,561,1,62.32,2024-06-19,Google Search
C01576,Hibernating,1,1,3,520,1,62.25,2024-07-30,Programmatic
C02226,Hibernating,1,1,3,496,1,62.25,2024-08-23,Google Search
C03638,Hibernating,1,1,3,527,1,62.23,2024-07-23,Email / Referral
C00041,Hibernating,2,1,3,369,1,62.15,2024-12-28,Meta Ads
C04672,Hibernating,2,1,3,451,1,62.15,2024-10-07,Email / Referral
C02201,Hibernating,1,1,3,616,1,62.14,2024-04-25,Google Search
C00682,Hibernating,1,1,3,540,1,62.13,2024-07-10,Programmatic
C04580,Hibernating,1,1,3,657,1,62.09,2024-03-15,Google Search
C02851,Hibernating,2,1,3,403,1,62.08,2024-11-24,Meta Ads
C01396,Hibernating,1,1,3,582,1,62.07,2024-05-29,Programmatic
C04847,Hibernating,1,1,3,598,1,62.06,2024-05-13,Organic / SEO
C00676,Hibernating,2,1,3,396,1,62.05,2024-12-01,Google Search
C02706,Hibernating,2,1,3,346,1,61.99,2025-01-20,Meta Ads
C05377,Hibernating,1,1,3,494,1,61.93,2024-08-25,Programmatic
C00124,Hibernating,2,1,3,382,1,61.85,2024-12-15,Meta Ads
C01939,Hibernating,1,1,3,502,1,61.73,2024-08-17,Google Search
C02729,Hibernating,2,1,3,395,1,61.69,2024-12-02,Google Search
C01443,Hibernating,1,1,3,584,1,61.66,2024-05-27,Organic / SEO
C04896,Hibernating,2,1,3,336,1,61.62,2025-01-30,Programmatic
C01221,Hibernating,1,1,3,730,1,61.58,2024-01-02,Google Search
C00401,Hibernating,2,1,3,455,1,61.56,2024-10-03,Google Search
C00497,Hibernating,2,1,3,372,1,61.48,2024-12-25,Meta Ads
C01298,Hibernating,1,1,3,572,1,61.48,2024-06-08,Google Search
C03866,Hibernating,2,1,3,436,1,61.45,2024-10-22,Meta Ads
C05767,Hibernating,2,1,3,414,1,61.44,2024-11-13,Organic / SEO
C01639,Hibernating,1,1,3,502,1,61.42,2024-08-17,Organic / SEO
C03699,Hibernating,1,1,3,706,1,61.42,2024-01-26,Google Search
C03303,Hibernating,1,1,3,493,1,61.41,2024-08-26,Google Search
C00028,Hibernating,1,1,3,688,1,61.35,2024-02-13,Google Search
C00511,Hibernating,1,1,3,660,1,61.35,2024-03-12,Email / Referral
C02009,Hibernating,1,1,3,584,1,61.35,2024-05-27,Email / Referral
C03038,Hibernating,1,1,3,726,1,61.33,2024-01-06,Organic / SEO
C05503,Hibernating,1,1,3,621,1,61.32,2024-04-20,Meta Ads
C05493,Hibernating,1,1,3,510,1,61.3,2024-08-09,Google Search
C05417,Hibernating,1,1,3,700,1,61.21,2024-02-01,Email / Referral
C03534,Hibernating,1,1,3,574,1,61.19,2024-06-06,Meta Ads
C04188,Hibernating,1,1,3,602,1,61.14,2024-05-09,Meta Ads
C02260,Hibernating,2,1,3,374,1,61.07,2024-12-23,Organic / SEO
C02317,Hibernating,1,1,3,565,1,61.06,2024-06-15,Programmatic
C00196,Hibernating,1,1,3,560,1,60.97,2024-06-20,Meta Ads
C03439,Hibernating,1,1,3,724,1,60.96,2024-01-08,Meta Ads
C05560,Hibernating,1,1,3,588,1,60.94,2024-05-23,Organic / SEO
C01975,Hibernating,1,1,3,564,1,60.93,2024-06-16,Email / Referral
C04156,Hibernating,1,1,3,725,1,60.92,2024-01-07,Meta Ads
C01653,Hibernating,1,1,3,494,1,60.9,2024-08-25,Unknown
C00841,Hibernating,1,1,3,719,1,60.88,2024-01-13,Organic / SEO
C02939,Hibernating,1,1,3,503,1,60.8,2024-08-16,Meta Ads
C04414,Hibernating,1,1,3,586,1,60.77,2024-05-25,Meta Ads
C03182,Hibernating,1,1,3,492,1,60.76,2024-08-27,Google Search
C00716,Hibernating,2,2,3,372,2,60.74,2024-12-25,Email / Referral
C00788,Hibernating,2,1,3,441,1,60.73,2024-10-17,Organic / SEO
C01010,Hibernating,2,1,3,351,1,60.72,2025-01-15,Meta Ads
C05848,Hibernating,1,1,3,525,1,60.71,2024-07-25,Meta Ads
C05259,Hibernating,2,1,3,375,1,60.67,2024-12-22,Meta Ads
C05943,Hibernating,1,1,3,589,1,60.67,2024-05-22,Google Search
C05853,Hibernating,1,1,3,708,1,60.61,2024-01-24,Meta Ads
C01433,Hibernating,1,1,3,696,1,60.57,2024-02-05,Organic / SEO
C04442,Hibernating,2,1,3,444,1,60.57,2024-10-14,Meta Ads
C03322,Hibernating,2,1,3,371,1,60.56,2024-12-26,Google Search
C00075,Hibernating,1,1,3,673,1,60.55,2024-02-28,Email / Referral
C00372,Hibernating,2,1,3,481,1,60.54,2024-09-07,Google Search
C04816,Hibernating,1,1,3,715,1,60.51,2024-01-17,Google Search
C03320,Hibernating,2,1,3,447,1,60.46,2024-10-11,Google Search
C04698,Hibernating,2,1,3,338,1,60.45,2025-01-28,Organic / SEO
C05242,Hibernating,2,1,3,462,1,60.45,2024-09-26,Google Search
C01481,Hibernating,2,1,3,378,1,60.44,2024-12-19,Meta Ads
C05641,Hibernating,2,1,3,397,1,60.42,2024-11-30,Organic / SEO
C04304,Hibernating,2,1,3,419,1,60.35,2024-11-08,Meta Ads
C01808,Hibernating,2,1,3,362,1,60.34,2025-01-04,Meta Ads
C00610,Hibernating,2,1,3,367,1,60.32,2024-12-30,Google Search
C04267,Hibernating,2,1,3,378,1,60.32,2024-12-19,Meta Ads
C01081,Hibernating,1,1,3,504,1,60.31,2024-08-15,Email / Referral
C03401,Hibernating,1,1,3,663,1,60.24,2024-03-09,Organic / SEO
C05462,Hibernating,1,1,3,623,1,60.24,2024-04-18,Meta Ads
C03209,Hibernating,1,1,3,624,1,60.2,2024-04-17,Google Search
C04150,Hibernating,2,1,3,382,1,60.18,2024-12-15,Organic / SEO
C00569,Hibernating,2,1,3,410,1,60.13,2024-11-17,Organic / SEO
C04508,Hibernating,1,1,3,553,1,60.03,2024-06-27,Google Search
C04426,Hibernating,2,1,3,403,1,59.95,2024-11-24,Meta Ads
C01261,Hibernating,1,1,3,687,1,59.85,2024-02-14,Programmatic
C00091,Hibernating,1,1,3,585,1,59.83,2024-05-26,Google Search
C05047,Hibernating,1,1,3,516,1,59.83,2024-08-03,Programmatic
C01729,Hibernating,1,1,3,700,1,59.82,2024-02-01,Organic / SEO
C01110,Hibernating,1,1,3,549,1,59.76,2024-07-01,Google Search
C03573,Hibernating,2,1,3,450,1,59.75,2024-10-08,Meta Ads
C05591,Hibernating,2,1,3,375,1,59.71,2024-12-22,Meta Ads
C04977,Hibernating,2,2,3,335,2,59.67999999999999,2025-01-31,Meta Ads
C01899,Hibernating,1,1,3,667,1,59.66,2024-03-05,Programmatic
C02605,Hibernating,1,1,3,700,1,59.6,2024-02-01,Organic / SEO
C05817,Hibernating,2,1,3,456,1,59.58,2024-10-02,Organic / SEO
C04721,Hibernating,2,1,3,362,1,59.53,2025-01-04,Google Search
C01592,Hibernating,1,1,3,674,1,59.51,2024-02-27,Programmatic
C04505,Hibernating,1,1,3,605,1,59.5,2024-05-06,Email / Referral
C05648,Hibernating,1,1,3,651,1,59.49,2024-03-21,Meta Ads
C05874,Hibernating,1,1,3,582,1,59.49,2024-05-29,Google Search
C03656,Hibernating,1,1,3,650,1,59.45,2024-03-22,Email / Referral
C05569,Hibernating,1,1,3,547,1,59.39,2024-07-03,Meta Ads
C03943,Hibernating,1,1,3,550,1,59.34,2024-06-30,Unknown
C03595,Hibernating,1,1,3,687,1,59.32,2024-02-14,Meta Ads
C02479,Hibernating,2,1,3,406,1,59.3,2024-11-21,Google Search
C03545,Hibernating,2,1,3,432,1,59.25,2024-10-26,Organic / SEO
C05609,Hibernating,2,1,3,374,1,59.25,2024-12-23,Google Search
C00767,Hibernating,1,1,3,552,1,59.19,2024-06-28,Email / Referral
C03873,Hibernating,1,1,3,623,1,59.18,2024-04-18,Organic / SEO
C05286,Hibernating,1,1,3,622,1,59.18,2024-04-19,Google Search
C04553,Hibernating,1,1,3,730,1,59.16,2024-01-02,Programmatic
C00723,Hibernating,1,1,3,695,1,59.15,2024-02-06,Meta Ads
C00330,Hibernating,2,1,3,466,1,59.14,2024-09-22,Google Search
C01393,Hibernating,1,1,3,617,1,59.13,2024-04-24,Google Search
C03850,Hibernating,2,1,3,470,1,59.13,2024-09-18,Google Search
C02567,Hibernating,1,1,3,690,1,59.12,2024-02-11,Programmatic
C00727,Hibernating,1,1,3,502,1,59.08,2024-08-17,Google Search
C00811,Hibernating,1,1,3,727,1,59.08,2024-01-05,Google Search
C03299,Hibernating,2,1,3,337,1,59.08,2025-01-29,Organic / SEO
C03168,Hibernating,1,1,3,552,1,59.07,2024-06-28,Google Search
C02971,Hibernating,2,1,3,345,1,59.04,2025-01-21,Programmatic
C05575,Hibernating,2,1,2,435,1,58.97,2024-10-23,Email / Referral
C05769,Hibernating,2,1,2,418,1,58.92,2024-11-09,Google Search
C04707,Hibernating,1,1,2,646,1,58.89,2024-03-26,Programmatic
C01373,Hibernating,2,1,2,388,1,58.86,2024-12-09,Meta Ads
C01944,Hibernating,1,1,2,563,1,58.86,2024-06-17,Meta Ads
C01273,Hibernating,2,1,2,393,1,58.85,2024-12-04,Google Search
C04166,Hibernating,1,1,2,500,1,58.82,2024-08-19,Programmatic
C01161,Hibernating,1,1,2,696,1,58.8,2024-02-05,Organic / SEO
C03655,Hibernating,2,1,2,442,1,58.8,2024-10-16,Programmatic
C05042,Hibernating,1,1,2,586,1,58.8,2024-05-25,Meta Ads
C02951,Hibernating,1,1,2,584,1,58.75,2024-05-27,Google Search
C01792,Hibernating,2,1,2,450,1,58.74,2024-10-08,Meta Ads
C00134,Hibernating,2,1,2,421,1,58.72,2024-11-06,Google Search
C03179,Hibernating,1,1,2,727,1,58.72,2024-01-05,Email / Referral
C02046,Hibernating,1,1,2,689,1,58.71,2024-02-12,Google Search
C04189,Hibernating,1,1,2,662,1,58.7,2024-03-10,Google Search
C00069,Hibernating,1,1,2,700,1,58.69,2024-02-01,Google Search
C00769,Hibernating,1,1,2,623,1,58.68,2024-04-18,Email / Referral
C02544,Hibernating,1,1,2,499,1,58.67,2024-08-20,Programmatic
C04461,Hibernating,2,1,2,379,1,58.65,2024-12-18,Programmatic
C05572,Hibernating,1,1,2,713,1,58.65,2024-01-19,Programmatic
C05400,Hibernating,1,1,2,691,1,58.62,2024-02-10,Programmatic
C00728,Hibernating,1,1,2,666,1,58.59,2024-03-06,Google Search
C02617,Hibernating,1,1,2,544,1,58.52,2024-07-06,Organic / SEO
C03250,Hibernating,2,1,2,342,1,58.49,2025-01-24,Email / Referral
C05078,Hibernating,1,1,2,587,1,58.38,2024-05-24,Meta Ads
C03945,Hibernating,1,1,2,562,1,58.37,2024-06-18,Meta Ads
C03905,Hibernating,2,1,2,406,1,58.33,2024-11-21,Organic / SEO
C04427,Hibernating,1,1,2,554,1,58.32,2024-06-26,Google Search
C04891,Hibernating,1,1,2,520,1,58.29,2024-07-30,Google Search
C04902,Hibernating,2,1,2,466,1,58.29,2024-09-22,Meta Ads
C02017,Hibernating,2,1,2,473,1,58.24,2024-09-15,Email / Referral
C05661,Hibernating,2,1,2,380,1,58.22,2024-12-17,Email / Referral
C04037,Hibernating,2,1,2,445,1,58.2,2024-10-13,Programmatic
C00221,Hibernating,2,1,2,455,1,58.15,2024-10-03,Meta Ads
C05308,Hibernating,2,1,2,461,1,58.14,2024-09-27,Programmatic
C04286,Hibernating,1,1,2,581,1,58.13,2024-05-30,Google Search
C02712,Hibernating,1,1,2,501,1,58.07,2024-08-18,Google Search
C05016,Hibernating,2,1,2,464,1,58.07,2024-09-24,Organic / SEO
C00550,Hibernating,2,1,2,371,1,58.06,2024-12-26,Google Search
C00309,Hibernating,2,1,2,484,1,57.99,2024-09-04,Meta Ads
C05157,Hibernating,2,1,2,436,1,57.94,2024-10-22,Programmatic
C00933,Hibernating,2,1,2,389,1,57.87,2024-12-08,Organic / SEO
C03425,Hibernating,1,1,2,583,1,57.86,2024-05-28,Organic / SEO
C03236,Hibernating,1,1,2,603,1,57.77,2024-05-08,Meta Ads
C01845,Hibernating,1,1,2,571,1,57.76,2024-06-09,Google Search
C00897,Hibernating,2,1,2,475,1,57.69,2024-09-13,Programmatic
C03261,Hibernating,1,1,2,653,1,57.61,2024-03-19,Programmatic
C02785,Hibernating,1,1,2,527,1,57.59,2024-07-23,Organic / SEO
C02968,Hibernating,2,2,2,439,2,57.56999999999999,2024-10-19,Meta Ads
C02126,Hibernating,2,1,2,400,1,57.54,2024-11-27,Meta Ads
C02873,Hibernating,1,1,2,711,1,57.52,2024-01-21,Google Search
C04466,Hibernating,1,1,2,586,1,57.49,2024-05-25,Programmatic
C02281,Hibernating,2,1,2,379,1,57.48,2024-12-18,Meta Ads
C03111,Hibernating,2,1,2,455,1,57.48,2024-10-03,Programmatic
C03988,Hibernating,2,1,2,347,1,57.44,2025-01-19,Email / Referral
C00962,Hibernating,2,1,2,370,1,57.43,2024-12-27,Google Search
C02304,Hibernating,2,1,2,332,1,57.42,2025-02-03,Meta Ads
C05600,Hibernating,2,1,2,340,1,57.4,2025-01-26,Google Search
C03414,Hibernating,1,2,2,527,2,57.39,2024-07-23,Programmatic
C04184,Hibernating,2,1,2,333,1,57.38,2025-02-02,Google Search
C02038,Hibernating,1,2,2,699,2,57.379999999999995,2024-02-02,Meta Ads
C01690,Hibernating,2,1,2,394,1,57.34,2024-12-03,Meta Ads
C02239,Hibernating,2,1,2,409,1,57.33,2024-11-18,Organic / SEO
C02419,Hibernating,1,1,2,665,1,57.32,2024-03-07,Meta Ads
C00931,Hibernating,2,1,2,460,1,57.26,2024-09-28,Google Search
C02689,Hibernating,1,1,2,494,1,57.13,2024-08-25,Google Search
C04174,Hibernating,2,1,2,460,1,57.02,2024-09-28,Google Search
C05086,Hibernating,2,1,2,383,1,57.02,2024-12-14,Programmatic
C00762,Hibernating,1,1,2,586,1,56.97,2024-05-25,Organic / SEO
C00802,Hibernating,2,1,2,442,1,56.97,2024-10-16,Organic / SEO
C00945,Hibernating,2,1,2,360,1,56.93,2025-01-06,Meta Ads
C02458,Hibernating,1,1,2,632,1,56.9,2024-04-09,Programmatic
C05341,Hibernating,2,1,2,425,1,56.86,2024-11-02,Organic / SEO
C05006,Hibernating,2,1,2,367,1,56.82,2024-12-30,Google Search
C03651,Hibernating,2,1,2,458,1,56.79,2024-09-30,Email / Referral
C01542,Hibernating,1,1,2,506,1,56.76,2024-08-13,Meta Ads
C02832,Hibernating,2,1,2,359,1,56.75,2025-01-07,Organic / SEO
C00077,Hibernating,2,1,2,462,1,56.73,2024-09-26,Organic / SEO
C00885,Hibernating,1,1,2,545,1,56.73,2024-07-05,Programmatic
C00855,Hibernating,1,1,2,531,1,56.62,2024-07-19,Google Search
C04697,Hibernating,2,1,2,391,1,56.61,2024-12-06,Meta Ads
C01251,Hibernating,1,1,2,633,1,56.6,2024-04-08,Meta Ads
C05392,Hibernating,2,1,2,399,1,56.59,2024-11-28,Meta Ads
C02932,Hibernating,1,1,2,535,1,56.54,2024-07-15,Google Search
C04911,Hibernating,1,1,2,614,1,56.47,2024-04-27,Organic / SEO
C00427,Hibernating,1,1,2,508,1,56.44,2024-08-11,Google Search
C01065,Hibernating,2,1,2,439,1,56.42,2024-10-19,Meta Ads
C02124,Hibernating,1,1,2,548,1,56.38,2024-07-02,Google Search
C04663,Hibernating,2,1,2,356,1,56.32,2025-01-10,Programmatic
C03609,Hibernating,1,1,2,543,1,56.27,2024-07-07,Programmatic
C03993,Hibernating,1,1,2,652,1,56.2,2024-03-20,Meta Ads
C03058,Hibernating,1,1,2,585,1,56.13,2024-05-26,Programmatic
C01026,Hibernating,2,1,2,454,1,56.03,2024-10-04,Meta Ads
C05649,Hibernating,2,1,2,370,1,56.03,2024-12-27,Meta Ads
C04154,Hibernating,2,1,2,341,1,55.91,2025-01-25,Meta Ads
C00035,Hibernating,2,1,2,345,1,55.88,2025-01-21,Programmatic
C04459,Hibernating,1,1,2,686,1,55.87,2024-02-15,Meta Ads
C02290,Hibernating,2,1,2,463,1,55.77,2024-09-25,Google Search
C03972,Hibernating,1,1,2,592,1,55.75,2024-05-19,Google Search
C03568,Hibernating,2,1,2,334,1,55.73,2025-02-01,Email / Referral
C05625,Hibernating,1,1,2,721,1,55.67,2024-01-11,Email / Referral
C05384,Hibernating,1,1,2,552,1,55.64,2024-06-28,Meta Ads
C05881,Hibernating,2,1,2,447,1,55.6,2024-10-11,Organic / SEO
C02264,Hibernating,1,1,2,640,1,55.58,2024-04-01,Programmatic
C02520,Hibernating,1,1,2,529,1,55.57,2024-07-21,Google Search
C00510,Hibernating,1,1,2,618,1,55.52,2024-04-23,Organic / SEO
C05219,Hibernating,2,1,2,462,1,55.5,2024-09-26,Meta Ads
C03630,Hibernating,1,1,2,551,1,55.42,2024-06-29,Organic / SEO
C01974,Hibernating,2,1,2,409,1,55.37,2024-11-18,Google Search
C03698,Hibernating,1,1,2,684,1,55.37,2024-02-17,Meta Ads
C04041,Hibernating,2,1,2,366,1,55.36,2024-12-31,Google Search
C04071,Hibernating,2,1,2,396,1,55.32,2024-12-01,Meta Ads
C03880,Hibernating,2,1,2,380,1,55.3,2024-12-17,Meta Ads
C00112,Hibernating,1,1,2,540,1,55.28,2024-07-10,Meta Ads
C05310,Hibernating,2,1,2,472,1,55.25,2024-09-16,Google Search
C05922,Hibernating,1,1,2,722,1,55.24,2024-01-10,Organic / SEO
C01183,Hibernating,1,1,2,647,1,55.19,2024-03-25,Organic / SEO
C00422,Hibernating,1,1,2,695,1,55.18,2024-02-06,Meta Ads
C03247,Hibernating,2,1,2,421,1,55.18,2024-11-06,Meta Ads
C05001,Hibernating,1,1,2,526,1,55.07,2024-07-24,Email / Referral
C03751,Hibernating,1,1,2,648,1,55.04,2024-03-24,Programmatic
C05218,Hibernating,1,1,2,693,1,55.04,2024-02-08,Meta Ads
C05210,Hibernating,1,1,2,659,1,55.0,2024-03-13,Google Search
C04502,Hibernating,2,1,2,356,1,54.98,2025-01-10,Google Search
C04653,Hibernating,1,1,2,609,1,54.92,2024-05-02,Email / Referral
C03523,Hibernating,1,1,2,624,1,54.89,2024-04-17,Google Search
C03644,Hibernating,1,1,2,563,1,54.86,2024-06-17,Google Search
C03356,Hibernating,2,1,2,416,1,54.84,2024-11-11,Meta Ads
C04634,Hibernating,2,1,2,480,1,54.81,2024-09-08,Organic / SEO
C05488,Hibernating,1,1,2,593,1,54.74,2024-05-18,Programmatic
C00476,Hibernating,2,1,2,452,1,54.72,2024-10-06,Google Search
C04045,Hibernating,2,1,2,336,1,54.72,2025-01-30,Meta Ads
C02514,Hibernating,1,1,2,636,1,54.71,2024-04-05,Programmatic
C01227,Hibernating,2,1,2,344,1,54.69,2025-01-22,Google Search
C05076,Hibernating,1,1,2,522,1,54.68,2024-07-28,Meta Ads
C02014,Hibernating,2,1,2,366,1,54.66,2024-12-31,Meta Ads
C05747,Hibernating,1,1,2,557,1,54.65,2024-06-23,Google Search
C04457,Hibernating,1,1,2,588,1,54.61,2024-05-23,Meta Ads
C05217,Hibernating,2,1,2,405,1,54.57,2024-11-22,Programmatic
C03747,Hibernating,1,1,2,498,1,54.49,2024-08-21,Organic / SEO
C04747,Hibernating,2,1,2,365,1,54.47,2025-01-01,Meta Ads
C00635,Hibernating,1,1,2,683,1,54.46,2024-02-18,Email / Referral
C00153,Hibernating,1,1,2,596,1,54.45,2024-05-15,Meta Ads
C01657,Hibernating,1,1,2,520,1,54.45,2024-07-30,Email / Referral
C00419,Hibernating,1,1,2,544,1,54.43,2024-07-06,Programmatic
C02985,Hibernating,1,1,2,666,1,54.37,2024-03-06,Organic / SEO
C05706,Hibernating,2,1,2,383,1,54.36,2024-12-14,Meta Ads
C02713,Hibernating,1,1,2,499,1,54.33,2024-08-20,Email / Referral
C01309,Hibernating,1,1,2,679,1,54.32,2024-02-22,Google Search
C01230,Hibernating,1,1,2,672,1,54.29,2024-02-29,Programmatic
C03026,Hibernating,1,1,2,595,1,54.29,2024-05-16,Meta Ads
C04591,Hibernating,1,1,2,511,1,54.29,2024-08-08,Google Search
C03697,Hibernating,2,1,2,457,1,54.25,2024-10-01,Meta Ads
C00444,Hibernating,1,1,2,548,1,54.24,2024-07-02,Email / Referral
C02123,Hibernating,2,1,2,474,1,54.2,2024-09-14,Organic / SEO
C02413,Hibernating,2,1,2,381,1,54.2,2024-12-16,Organic / SEO
C01530,Hibernating,2,1,2,479,1,54.13,2024-09-09,Google Search
C02765,Hibernating,1,1,2,660,1,54.11,2024-03-12,Unknown
C01112,Hibernating,2,1,2,378,1,54.08,2024-12-19,Organic / SEO
C01887,Hibernating,1,1,2,608,1,54.07,2024-05-03,Google Search
C02882,Hibernating,1,1,2,639,1,54.05,2024-04-02,Programmatic
C05309,Hibernating,1,1,2,556,1,54.04,2024-06-24,Google Search
C04018,Hibernating,2,1,2,358,1,54.03,2025-01-08,Email / Referral
C04855,Hibernating,1,1,2,646,1,53.96,2024-03-26,Programmatic
C00068,Hibernating,2,1,2,453,1,53.93,2024-10-05,Google Search
C04854,Hibernating,1,1,2,610,1,53.93,2024-05-01,Organic / SEO
C02560,Hibernating,1,1,2,700,1,53.89,2024-02-01,Programmatic
C03128,Hibernating,2,2,2,464,2,53.88,2024-09-24,Organic / SEO
C01993,Hibernating,2,1,2,425,1,53.78,2024-11-02,Google Search
C03812,Hibernating,1,1,2,598,1,53.78,2024-05-13,Meta Ads
C02308,Hibernating,2,1,2,373,1,53.75,2024-12-24,Organic / SEO
C00389,Hibernating,1,1,2,616,1,53.74,2024-04-25,Programmatic
C03441,Hibernating,1,1,2,487,1,53.59,2024-09-01,Organic / SEO
C02416,Hibernating,1,1,2,626,1,53.58,2024-04-15,Email / Referral
C02459,Hibernating,2,1,2,479,1,53.57,2024-09-09,Organic / SEO
C03720,Hibernating,2,1,2,340,1,53.57,2025-01-26,Google Search
C02015,Hibernating,2,1,2,383,1,53.56,2024-12-14,Google Search
C00886,Hibernating,2,1,2,404,1,53.41,2024-11-23,Programmatic
C01787,Hibernating,2,1,2,431,1,53.41,2024-10-27,Organic / SEO
C04252,Hibernating,1,1,2,587,1,53.37,2024-05-24,Programmatic
C00115,Hibernating,1,1,2,563,1,53.32,2024-06-17,Meta Ads
C00484,Hibernating,2,1,2,442,1,53.31,2024-10-16,Organic / SEO
C03412,Hibernating,1,1,2,602,1,53.31,2024-05-09,Meta Ads
C00378,Hibernating,2,1,2,368,1,53.24,2024-12-29,Programmatic
C02349,Hibernating,1,1,2,644,1,53.22,2024-03-28,Google Search
C00036,Hibernating,1,1,2,551,1,53.2,2024-06-29,Programmatic
C03510,Hibernating,2,1,2,475,1,53.2,2024-09-13,Google Search
C04369,Hibernating,1,1,2,590,1,53.2,2024-05-21,Meta Ads
C02263,Hibernating,2,1,2,353,1,53.16,2025-01-13,Email / Referral
C04438,Hibernating,1,1,2,510,1,53.16,2024-08-09,Programmatic
C05084,Hibernating,1,1,2,680,1,53.15,2024-02-21,Organic / SEO
C00894,Hibernating,1,1,2,634,1,53.14,2024-04-07,Google Search
C05780,Hibernating,1,1,2,645,1,53.12,2024-03-27,Programmatic
C02589,Hibernating,2,1,2,359,1,53.1,2025-01-07,Meta Ads
C03190,Hibernating,2,1,2,466,1,53.1,2024-09-22,Organic / SEO
C00624,Hibernating,2,1,2,348,1,53.04,2025-01-18,Meta Ads
C01535,Hibernating,1,1,2,662,1,53.04,2024-03-10,Meta Ads
C05329,Hibernating,2,1,2,368,1,53.0,2024-12-29,Email / Referral
C05903,Hibernating,1,1,2,598,1,53.0,2024-05-13,Meta Ads
C04147,Hibernating,1,1,2,700,1,52.96,2024-02-01,Google Search
C01455,Hibernating,2,1,2,420,1,52.95,2024-11-07,Programmatic
C03099,Hibernating,1,1,2,492,1,52.93,2024-08-27,Organic / SEO
C02998,Hibernating,1,1,2,533,1,52.88,2024-07-17,Meta Ads
C04728,Hibernating,1,1,2,491,1,52.76,2024-08-28,Organic / SEO
C05607,Hibernating,1,1,2,674,1,52.75,2024-02-27,Organic / SEO
C03122,Hibernating,2,1,2,430,1,52.68,2024-10-28,Programmatic
C01642,Hibernating,1,1,2,635,1,52.64,2024-04-06,Programmatic
C02121,Hibernating,2,1,2,478,1,52.61,2024-09-10,Meta Ads
C04337,Hibernating,1,1,2,713,1,52.59,2024-01-19,Organic / SEO
C04214,Hibernating,1,1,2,621,1,52.57,2024-04-20,Organic / SEO
C02150,Hibernating,1,1,2,640,1,52.51,2024-04-01,Google Search
C03574,Hibernating,2,1,2,363,1,52.51,2025-01-03,Organic / SEO
C01757,Hibernating,1,1,2,595,1,52.43,2024-05-16,Google Search
C02362,Hibernating,1,1,2,680,1,52.41,2024-02-21,Programmatic
C00693,Hibernating,1,1,2,511,1,52.4,2024-08-08,Programmatic
C04421,Hibernating,2,1,2,452,1,52.39,2024-10-06,Google Search
C03009,Hibernating,1,1,2,653,1,52.38,2024-03-19,Organic / SEO
C01225,Hibernating,1,1,2,567,1,52.37,2024-06-13,Organic / SEO
C04702,Hibernating,2,1,2,364,1,52.36,2025-01-02,Meta Ads
C02477,Hibernating,1,1,2,593,1,52.34,2024-05-18,Email / Referral
C04474,Hibernating,1,1,2,691,1,52.31,2024-02-10,Email / Referral
C05414,Hibernating,1,1,2,552,1,52.26,2024-06-28,Organic / SEO
C02212,Hibernating,2,1,2,356,1,52.25,2025-01-10,Programmatic
C04963,Hibernating,2,1,2,332,1,52.22,2025-02-03,Programmatic
C02806,Hibernating,1,1,2,503,1,52.21,2024-08-16,Meta Ads
C01608,Hibernating,1,1,2,486,1,52.16,2024-09-02,Google Search
C00097,Hibernating,2,1,2,413,1,52.12,2024-11-14,Google Search
C05909,Hibernating,2,1,2,463,1,52.09,2024-09-25,Meta Ads
C01063,Hibernating,1,1,2,494,1,52.05,2024-08-25,Google Search
C04998,Hibernating,2,1,2,343,1,52.03,2025-01-23,Email / Referral
C00269,Hibernating,1,1,2,619,1,52.01,2024-04-22,Google Search
C03608,Hibernating,1,1,2,502,1,52.0,2024-08-17,Meta Ads
C03996,Hibernating,1,1,2,717,1,51.98,2024-01-15,Meta Ads
C01859,Hibernating,1,1,2,498,1,51.94,2024-08-21,Email / Referral
C05621,Hibernating,2,1,2,365,1,51.94,2025-01-01,Email / Referral
C01647,Hibernating,2,1,2,465,1,51.93,2024-09-23,Google Search
C05905,Hibernating,2,1,2,348,1,51.86,2025-01-18,Google Search
C00413,Hibernating,1,1,2,642,1,51.85,2024-03-30,Meta Ads
C01769,Hibernating,1,1,2,603,1,51.84,2024-05-08,Programmatic
C02375,Hibernating,2,1,2,411,1,51.82,2024-11-16,Organic / SEO
C05321,Hibernating,1,1,2,646,1,51.7,2024-03-26,Meta Ads
C04207,Hibernating,1,1,2,551,1,51.69,2024-06-29,Meta Ads
C03005,Hibernating,1,1,2,648,1,51.65,2024-03-24,Google Search
C05498,Hibernating,2,1,2,451,1,51.63,2024-10-07,Programmatic
C01997,Hibernating,2,1,2,469,1,51.6,2024-09-19,Google Search
C03684,Hibernating,2,1,2,331,1,51.58,2025-02-04,Google Search
C01246,Hibernating,1,1,2,486,1,51.54,2024-09-02,Programmatic
C05910,Hibernating,1,1,2,602,1,51.51,2024-05-09,Organic / SEO
C00650,Hibernating,1,1,2,702,1,51.5,2024-01-30,Meta Ads
C02341,Hibernating,1,1,2,568,1,51.5,2024-06-12,Google Search
C02844,Hibernating,1,1,2,503,1,51.44,2024-08-16,Organic / SEO
C00830,Hibernating,1,1,2,495,1,51.43,2024-08-24,Organic / SEO
C00290,Hibernating,1,1,2,632,1,51.42,2024-04-09,Programmatic
C04395,Hibernating,2,1,2,414,1,51.39,2024-11-13,Organic / SEO
C00288,Hibernating,2,1,2,406,1,51.3,2024-11-21,Programmatic
C04282,Hibernating,2,1,2,416,1,51.3,2024-11-11,Email / Referral
C05454,Hibernating,1,1,2,565,1,51.3,2024-06-15,Google Search
C01311,Hibernating,2,1,2,396,1,51.29,2024-12-01,Meta Ads
C02087,Hibernating,2,1,2,416,1,51.27,2024-11-11,Programmatic
C00595,Hibernating,1,1,2,724,1,51.26,2024-01-08,Programmatic
C02142,Hibernating,2,1,2,371,1,51.26,2024-12-26,Google Search
C00355,Hibernating,2,1,2,347,1,51.25,2025-01-19,Google Search
C02342,Hibernating,1,1,2,663,1,51.18,2024-03-09,Organic / SEO
C03253,Hibernating,2,1,2,481,1,51.18,2024-09-07,Organic / SEO
C00526,Hibernating,2,1,2,411,1,51.14,2024-11-16,Programmatic
C03068,Hibernating,1,1,2,558,1,51.1,2024-06-22,Organic / SEO
C02526,Hibernating,1,1,2,586,1,51.08,2024-05-25,Email / Referral
C03327,Hibernating,2,1,2,388,1,51.06,2024-12-09,Meta Ads
C03815,Hibernating,2,1,2,373,1,51.06,2024-12-24,Programmatic
C03178,Hibernating,2,1,2,411,1,50.99,2024-11-16,Meta Ads
C02209,Hibernating,1,1,2,581,1,50.98,2024-05-30,Organic / SEO
C03915,Hibernating,2,1,2,394,1,50.94,2024-12-03,Meta Ads
C05251,Hibernating,2,1,2,337,1,50.91,2025-01-29,Meta Ads
C02368,Hibernating,2,1,2,380,1,50.86,2024-12-17,Email / Referral
C02023,Hibernating,1,1,2,718,1,50.85,2024-01-14,Programmatic
C04619,Hibernating,2,1,2,362,1,50.83,2025-01-04,Programmatic
C02344,Hibernating,2,2,2,397,2,50.790000000000006,2024-11-30,Meta Ads
C03210,Hibernating,1,1,2,638,1,50.78,2024-04-03,Organic / SEO
C05761,Hibernating,1,1,2,652,1,50.77,2024-03-20,Meta Ads
C01482,Hibernating,1,1,2,665,1,50.66,2024-03-07,Programmatic
C04928,Hibernating,2,1,2,333,1,50.66,2025-02-02,Programmatic
C00059,Hibernating,1,1,2,596,1,50.62,2024-05-15,Email / Referral
C04399,Hibernating,1,1,2,580,1,50.61,2024-05-31,Programmatic
C01116,Hibernating,1,1,2,662,1,50.58,2024-03-10,Programmatic
C05227,Hibernating,1,1,2,598,1,50.55,2024-05-13,Google Search
C04716,Hibernating,1,1,2,547,1,50.51,2024-07-03,Google Search
C00545,Hibernating,1,1,2,595,1,50.49,2024-05-16,Google Search
C03838,Hibernating,1,1,2,691,1,50.48,2024-02-10,Meta Ads
C03102,Hibernating,1,1,2,546,1,50.47,2024-07-04,Meta Ads
C00435,Hibernating,1,1,2,691,1,50.44,2024-02-10,Organic / SEO
C01367,Hibernating,1,1,2,529,1,50.41,2024-07-21,Google Search
C00250,Hibernating,2,1,2,376,1,50.37,2024-12-21,Meta Ads
C02471,Hibernating,2,1,2,363,1,50.37,2025-01-03,Meta Ads
C01529,Hibernating,1,1,2,589,1,50.35,2024-05-22,Meta Ads
C03144,Hibernating,1,1,2,668,1,50.35,2024-03-04,Organic / SEO
C01779,Hibernating,2,1,2,421,1,50.34,2024-11-06,Google Search
C04688,Hibernating,2,1,2,357,1,50.31,2025-01-09,Programmatic
C03879,Hibernating,1,1,2,711,1,50.3,2024-01-21,Google Search
C04844,Hibernating,2,1,2,374,1,50.3,2024-12-23,Email / Referral
C03394,Hibernating,1,1,2,703,1,50.29,2024-01-29,Google Search
C04489,Hibernating,2,1,2,466,1,50.27,2024-09-22,Programmatic
C00844,Hibernating,2,1,2,387,1,50.26,2024-12-10,Meta Ads
C04712,Hibernating,1,1,2,502,1,50.25,2024-08-17,Meta Ads
C02708,Hibernating,1,1,2,516,1,50.23,2024-08-03,Google Search
C04772,Hibernating,2,1,2,393,1,50.23,2024-12-04,Meta Ads
C04370,Hibernating,2,1,2,372,1,50.22,2024-12-25,Programmatic
C02623,Hibernating,1,1,2,517,1,50.21,2024-08-02,Google Search
C05043,Hibernating,2,1,2,443,1,50.21,2024-10-15,Organic / SEO
C04923,Hibernating,2,1,2,477,1,50.2,2024-09-11,Organic / SEO
C04011,Hibernating,1,1,2,487,1,50.17,2024-09-01,Organic / SEO
C02958,Hibernating,1,1,2,720,1,50.11,2024-01-12,Organic / SEO
C03667,Hibernating,1,1,2,532,1,50.11,2024-07-18,Programmatic
C01381,Hibernating,2,1,2,373,1,50.1,2024-12-24,Meta Ads
C03653,Hibernating,2,1,2,449,1,50.1,2024-10-09,Google Search
C00348,Hibernating,1,1,2,496,1,50.09,2024-08-23,Organic / SEO
C00561,Hibernating,1,1,2,648,1,50.08,2024-03-24,Meta Ads
C02351,Hibernating,1,1,2,675,1,50.05,2024-02-26,Programmatic
C04765,Hibernating,2,1,2,368,1,50.01,2024-12-29,Organic / SEO
C01616,Hibernating,1,1,2,531,1,50.0,2024-07-19,Email / Referral
C02771,Hibernating,1,1,2,576,1,49.98,2024-06-04,Google Search
C00294,Hibernating,1,1,2,634,1,49.96,2024-04-07,Programmatic
C00533,Hibernating,2,1,2,399,1,49.93,2024-11-28,Organic / SEO
C02382,Hibernating,1,1,2,509,1,49.88,2024-08-10,Organic / SEO
C01394,Hibernating,1,1,2,672,1,49.84,2024-02-29,Organic / SEO
C04921,Hibernating,2,1,2,398,1,49.83,2024-11-29,Meta Ads
C05540,Hibernating,1,1,2,730,1,49.83,2024-01-02,Email / Referral
C02100,Hibernating,1,1,2,508,1,49.8,2024-08-11,Programmatic
C01222,Hibernating,1,1,2,531,1,49.79,2024-07-19,Google Search
C05350,Hibernating,1,1,2,539,1,49.77,2024-07-11,Programmatic
C05438,Hibernating,1,1,2,538,1,49.77,2024-07-12,Google Search
C05639,Hibernating,1,1,2,683,1,49.7,2024-02-18,Programmatic
C01467,Hibernating,2,1,2,370,1,49.68,2024-12-27,Google Search
C02072,Hibernating,2,1,2,361,1,49.64,2025-01-05,Meta Ads
C05582,Hibernating,2,1,2,400,1,49.59,2024-11-27,Email / Referral
C03974,Hibernating,1,1,2,545,1,49.58,2024-07-05,Meta Ads
C03590,Hibernating,2,1,2,462,1,49.57,2024-09-26,Google Search
C02751,Hibernating,1,1,2,520,1,49.55,2024-07-30,Organic / SEO
C04429,Hibernating,1,1,2,510,1,49.54,2024-08-09,Meta Ads
C03330,Hibernating,1,1,2,522,1,49.52,2024-07-28,Organic / SEO
C04486,Hibernating,2,2,2,409,2,49.52,2024-11-18,Organic / SEO
C05525,Hibernating,2,1,2,472,1,49.5,2024-09-16,Programmatic
C05182,Hibernating,2,1,2,400,1,49.47,2024-11-27,Google Search
C00317,Hibernating,2,1,2,403,1,49.37,2024-11-24,Meta Ads
C02905,Hibernating,2,1,2,403,1,49.34,2024-11-24,Programmatic
C05422,Hibernating,2,1,2,329,1,49.3,2025-02-06,Google Search
C01553,Hibernating,2,1,2,454,1,49.29,2024-10-04,Google Search
C01915,Hibernating,1,1,2,587,1,49.29,2024-05-24,Programmatic
C01354,Hibernating,2,1,2,453,1,49.25,2024-10-05,Organic / SEO
C05155,Hibernating,1,1,2,669,1,49.22,2024-03-03,Google Search
C03532,Hibernating,1,1,2,715,1,49.21,2024-01-17,Organic / SEO
C01078,Hibernating,2,1,2,329,1,49.14,2025-02-06,Programmatic
C05015,Hibernating,1,1,2,545,1,49.11,2024-07-05,Programmatic
C04628,Hibernating,2,1,2,431,1,49.1,2024-10-27,Google Search
C05755,Hibernating,1,1,2,647,1,49.08,2024-03-25,Organic / SEO
C03762,Hibernating,2,1,2,434,1,49.06,2024-10-24,Google Search
C00145,Hibernating,2,1,2,342,1,49.04,2025-01-24,Organic / SEO
C05111,Hibernating,1,1,2,567,1,48.91,2024-06-13,Meta Ads
C03289,Hibernating,1,1,2,643,1,48.89,2024-03-29,Meta Ads
C00943,Hibernating,1,1,2,560,1,48.88,2024-06-20,Meta Ads
C01052,Hibernating,1,1,2,606,1,48.88,2024-05-05,Google Search
C04968,Hibernating,2,1,2,441,1,48.85,2024-10-17,Programmatic
C01322,Hibernating,2,1,2,348,1,48.84,2025-01-18,Google Search
C01958,Hibernating,1,1,2,654,1,48.81,2024-03-18,Google Search
C00996,Hibernating,2,1,2,368,1,48.79,2024-12-29,Email / Referral
C01916,Hibernating,1,1,2,540,1,48.78,2024-07-10,Programmatic
C05459,Hibernating,1,1,2,549,1,48.77,2024-07-01,Programmatic
C05041,Hibernating,1,1,2,507,1,48.75,2024-08-12,Programmatic
C02398,Hibernating,1,1,2,551,1,48.71,2024-06-29,Email / Referral
C05446,Hibernating,2,1,2,481,1,48.69,2024-09-07,Google Search
C03800,Hibernating,2,1,2,479,1,48.68,2024-09-09,Meta Ads
C05395,Hibernating,2,1,2,371,1,48.59,2024-12-26,Programmatic
C04388,Hibernating,1,1,2,583,1,48.58,2024-05-28,Organic / SEO
C05934,Hibernating,1,1,2,499,1,48.57,2024-08-20,Organic / SEO
C05938,Hibernating,2,1,2,395,1,48.57,2024-12-02,Programmatic
C05514,Hibernating,2,1,2,434,1,48.54,2024-10-24,Google Search
C01434,Hibernating,1,1,2,580,1,48.52,2024-05-31,Google Search
C04550,Hibernating,2,1,2,470,1,48.51,2024-09-18,Meta Ads
C01628,Hibernating,1,1,2,552,1,48.43,2024-06-28,Programmatic
C00580,Hibernating,2,1,2,424,1,48.38,2024-11-03,Programmatic
C00475,Hibernating,2,1,2,475,1,48.33,2024-09-13,Google Search
C04149,Hibernating,2,1,2,370,1,48.29,2024-12-27,Meta Ads
C04776,Hibernating,1,1,2,657,1,48.28,2024-03-15,Meta Ads
C05131,Hibernating,2,1,2,457,1,48.26,2024-10-01,Google Search
C05379,Hibernating,1,1,2,528,1,48.26,2024-07-22,Organic / SEO
C00123,Hibernating,1,1,2,648,1,48.22,2024-03-24,Organic / SEO
C03444,Hibernating,2,1,2,411,1,48.22,2024-11-16,Google Search
C00921,Hibernating,1,1,2,636,1,48.17,2024-04-05,Email / Referral
C04272,Hibernating,2,1,2,338,1,48.15,2025-01-28,Programmatic
C03351,Hibernating,1,1,2,698,1,48.13,2024-02-03,Email / Referral
C00287,Hibernating,1,1,2,682,1,48.11,2024-02-19,Meta Ads
C00944,Hibernating,2,1,2,383,1,48.07,2024-12-14,Organic / SEO
C02608,Hibernating,1,1,2,514,1,48.03,2024-08-05,Organic / SEO
C01343,Hibernating,2,1,2,335,1,47.98,2025-01-31,Programmatic
C01058,Hibernating,1,1,2,540,1,47.97,2024-07-10,Google Search
C04576,Hibernating,1,1,2,550,1,47.89,2024-06-30,Organic / SEO
C00375,Hibernating,1,1,2,580,1,47.88,2024-05-31,Google Search
C03942,Hibernating,1,1,2,555,1,47.86,2024-06-25,Google Search
C02606,Hibernating,1,1,2,592,1,47.85,2024-05-19,Meta Ads
C02376,Hibernating,1,1,2,587,1,47.83,2024-05-24,Organic / SEO
C03282,Hibernating,1,1,2,698,1,47.81,2024-02-03,Programmatic
C02534,Hibernating,1,1,2,715,1,47.8,2024-01-17,Programmatic
C02538,Hibernating,2,1,2,404,1,47.79,2024-11-23,Programmatic
C01479,Hibernating,2,1,2,332,1,47.77,2025-02-03,Meta Ads
C03239,Hibernating,2,1,2,416,1,47.77,2024-11-11,Email / Referral
C03618,Hibernating,1,1,2,578,1,47.77,2024-06-02,Google Search
C05876,Hibernating,2,1,2,338,1,47.75,2025-01-28,Meta Ads
C02489,Hibernating,1,1,2,623,1,47.73,2024-04-18,Email / Referral
C05499,Hibernating,1,1,2,708,1,47.71,2024-01-24,Meta Ads
C02012,Hibernating,2,1,2,468,1,47.7,2024-09-20,Organic / SEO
C01263,Hibernating,2,1,2,437,1,47.66,2024-10-21,Meta Ads
C02388,Hibernating,1,1,2,648,1,47.66,2024-03-24,Organic / SEO
C01237,Hibernating,1,1,2,536,1,47.63,2024-07-14,Meta Ads
C04518,Hibernating,2,1,2,457,1,47.47,2024-10-01,Organic / SEO
C05289,Hibernating,2,1,2,450,1,47.45,2024-10-08,Meta Ads
C03788,Hibernating,1,1,2,607,1,47.44,2024-05-04,Meta Ads
C01678,Hibernating,2,1,2,366,1,47.42,2024-12-31,Programmatic
C02171,Hibernating,2,1,2,381,1,47.4,2024-12-16,Programmatic
C03335,Hibernating,2,1,2,410,1,47.4,2024-11-17,Organic / SEO
C02296,Hibernating,1,1,2,660,1,47.34,2024-03-12,Meta Ads
C05887,Hibernating,1,1,2,489,1,47.28,2024-08-30,Programmatic
C00766,Hibernating,1,1,2,722,1,47.21,2024-01-10,Organic / SEO
C02864,Hibernating,1,1,2,629,1,47.18,2024-04-12,Organic / SEO
C02242,Hibernating,1,1,2,671,1,47.17,2024-03-01,Programmatic
C00756,Hibernating,1,1,2,517,1,47.11,2024-08-02,Google Search
C05937,Hibernating,1,1,2,507,1,47.09,2024-08-12,Programmatic
C04687,Hibernating,2,1,2,468,1,47.04,2024-09-20,Email / Referral
C02055,Hibernating,2,1,2,437,1,46.95,2024-10-21,Programmatic
C02663,Hibernating,2,1,2,395,1,46.92,2024-12-02,Programmatic
C04067,Hibernating,2,1,2,472,1,46.83,2024-09-16,Meta Ads
C01923,Hibernating,2,1,2,339,1,46.8,2025-01-27,Email / Referral
C01674,Hibernating,2,2,2,445,2,46.78,2024-10-13,Meta Ads
C02987,Hibernating,1,1,2,671,1,46.77,2024-03-01,Google Search
C02385,Hibernating,1,1,2,684,1,46.76,2024-02-17,Google Search
C02324,Hibernating,1,1,2,652,1,46.74,2024-03-20,Programmatic
C00417,Hibernating,1,1,2,593,1,46.72,2024-05-18,Meta Ads
C03756,Hibernating,2,1,2,422,1,46.69,2024-11-05,Meta Ads
C00989,Hibernating,2,1,2,423,1,46.65,2024-11-04,Google Search
C02082,Hibernating,1,1,2,542,1,46.64,2024-07-08,Organic / SEO
C04462,Hibernating,2,1,2,383,1,46.56,2024-12-14,Organic / SEO
C04012,Hibernating,1,1,2,567,1,46.54,2024-06-13,Meta Ads
C00589,Hibernating,1,1,2,549,1,46.51,2024-07-01,Programmatic
C01752,Hibernating,1,1,2,541,1,46.5,2024-07-09,Google Search
C04674,Hibernating,2,1,2,472,1,46.49,2024-09-16,Email / Referral
C04869,Hibernating,2,1,2,366,1,46.49,2024-12-31,Organic / SEO
C04296,Hibernating,2,1,2,390,1,46.44,2024-12-07,Organic / SEO
C03997,Hibernating,1,1,2,638,1,46.42,2024-04-03,Meta Ads
C03008,Hibernating,1,1,2,623,1,46.4,2024-04-18,Meta Ads
C00436,Hibernating,1,1,2,540,1,46.35,2024-07-10,Meta Ads
C04191,Hibernating,1,1,2,652,1,46.35,2024-03-20,Programmatic
C01536,Hibernating,2,1,2,336,1,46.34,2025-01-30,Programmatic
C05839,Hibernating,2,1,2,342,1,46.34,2025-01-24,Organic / SEO
C01540,Hibernating,2,1,2,361,1,46.3,2025-01-05,Google Search
C02973,Hibernating,1,1,2,607,1,46.29,2024-05-04,Email / Referral
C00851,Hibernating,1,1,2,561,1,46.27,2024-06-19,Programmatic
C03890,Hibernating,1,1,2,494,1,46.24,2024-08-25,Programmatic
C02719,Hibernating,1,1,2,719,1,46.23,2024-01-13,Meta Ads
C04128,Hibernating,2,1,2,337,1,46.14,2025-01-29,Programmatic
C02750,Hibernating,1,1,2,698,1,46.13,2024-02-03,Meta Ads
C03086,Hibernating,2,1,2,443,1,46.11,2024-10-15,Google Search
C04095,Hibernating,1,1,2,525,1,46.03,2024-07-25,Programmatic
C05243,Hibernating,2,1,2,451,1,46.01,2024-10-07,Meta Ads
C02631,Hibernating,1,1,2,650,1,45.99,2024-03-22,Meta Ads
C03339,Hibernating,2,1,2,463,1,45.88,2024-09-25,Organic / SEO
C04481,Hibernating,2,1,2,353,1,45.85,2025-01-13,Programmatic
C01796,Hibernating,2,1,2,460,1,45.83,2024-09-28,Organic / SEO
C03900,Hibernating,1,1,2,549,1,45.81,2024-07-01,Programmatic
C01080,Hibernating,2,1,2,428,1,45.8,2024-10-30,Programmatic
C02194,Hibernating,1,1,2,673,1,45.75,2024-02-28,Programmatic
C05702,Hibernating,1,1,2,636,1,45.75,2024-04-05,Email / Referral
C03705,Hibernating,1,1,2,671,1,45.72,2024-03-01,Meta Ads
C03032,Hibernating,1,1,2,667,1,45.7,2024-03-05,Programmatic
C04644,Hibernating,1,1,2,692,1,45.7,2024-02-09,Programmatic
C01362,Hibernating,2,1,2,405,1,45.66,2024-11-22,Email / Referral
C01761,Hibernating,2,1,2,430,1,45.66,2024-10-28,Meta Ads
C03612,Hibernating,2,1,2,434,1,45.63,2024-10-24,Organic / SEO
C05148,Hibernating,2,1,2,334,1,45.63,2025-02-01,Google Search
C00507,Hibernating,2,1,2,444,1,45.62,2024-10-14,Programmatic
C00891,Hibernating,2,1,2,425,1,45.58,2024-11-02,Organic / SEO
C04463,Hibernating,2,1,2,434,1,45.55,2024-10-24,Google Search
C01790,Hibernating,1,1,2,655,1,45.49,2024-03-17,Google Search
C03884,Hibernating,2,1,2,349,1,45.46,2025-01-17,Meta Ads
C04579,Hibernating,2,1,2,329,1,45.44,2025-02-06,Google Search
C04996,Hibernating,1,1,2,521,1,45.44,2024-07-29,Email / Referral
C02177,Hibernating,2,1,2,383,1,45.42,2024-12-14,Organic / SEO
C01785,Hibernating,1,1,2,502,1,45.41,2024-08-17,Meta Ads
C02586,Hibernating,2,1,2,364,1,45.41,2025-01-02,Meta Ads
C01717,Hibernating,2,1,2,426,1,45.39,2024-11-01,Meta Ads
C01883,Hibernating,2,1,2,386,1,45.38,2024-12-11,Meta Ads
C03862,Hibernating,1,1,2,703,1,45.36,2024-01-29,Meta Ads
C02052,Hibernating,1,1,2,715,1,45.34,2024-01-17,Email / Referral
C04827,Hibernating,1,1,2,561,1,45.32,2024-06-19,Organic / SEO
C00551,Hibernating,2,1,2,345,1,45.29,2025-01-21,Programmatic
C01940,Hibernating,1,1,2,689,1,45.28,2024-02-12,Organic / SEO
C04325,Hibernating,1,1,2,541,1,45.27,2024-07-09,Google Search
C02546,Hibernating,2,1,2,405,1,45.25,2024-11-22,Meta Ads
C05263,Hibernating,1,1,2,582,1,45.25,2024-05-29,Meta Ads
C00823,Hibernating,2,1,2,461,1,45.22,2024-09-27,Meta Ads
C00918,Hibernating,1,1,2,598,1,45.16,2024-05-13,Organic / SEO
C05685,Hibernating,2,1,2,379,1,45.15,2024-12-18,Email / Referral
C01911,Hibernating,1,1,2,720,1,45.11,2024-01-12,Programmatic
C01165,Hibernating,1,1,2,590,1,45.09,2024-05-21,Programmatic
C00255,Hibernating,1,1,2,510,1,45.08,2024-08-09,Programmatic
C02233,Hibernating,1,1,2,639,1,45.06,2024-04-02,Programmatic
C03279,Hibernating,2,1,2,437,1,45.06,2024-10-21,Meta Ads
C01798,Hibernating,2,1,2,465,1,45.04,2024-09-23,Programmatic
C03986,Hibernating,1,1,2,660,1,45.04,2024-03-12,Programmatic
C04959,Hibernating,2,1,2,413,1,45.03,2024-11-14,Meta Ads
C01197,Hibernating,1,1,2,524,1,44.98,2024-07-26,Google Search
C05230,Hibernating,1,1,2,511,1,44.89,2024-08-08,Organic / SEO
C04153,Hibernating,2,1,2,368,1,44.86,2024-12-29,Google Search
C02716,Hibernating,1,1,2,519,1,44.79,2024-07-31,Google Search
C00535,Hibernating,1,1,2,721,1,44.78,2024-01-11,Meta Ads
C01528,Hibernating,2,1,2,338,1,44.77,2025-01-28,Email / Referral
C05033,Hibernating,1,1,2,685,1,44.77,2024-02-16,Programmatic
C02250,Hibernating,2,1,2,422,1,44.76,2024-11-05,Google Search
C03898,Hibernating,2,1,2,391,1,44.72,2024-12-06,Email / Referral
C01353,Hibernating,2,1,2,469,1,44.65,2024-09-19,Programmatic
C00034,Hibernating,2,1,2,408,1,44.6,2024-11-19,Google Search
C01141,Hibernating,2,1,2,417,1,44.57,2024-11-10,Meta Ads
C02660,Hibernating,1,1,2,519,1,44.57,2024-07-31,Meta Ads
C02115,Hibernating,1,1,2,717,1,44.52,2024-01-15,Google Search
C02443,Hibernating,1,1,2,540,1,44.49,2024-07-10,Meta Ads
C03665,Hibernating,1,1,2,507,1,44.48,2024-08-12,Google Search
C00050,Hibernating,1,1,2,596,1,44.46,2024-05-15,Meta Ads
C03600,Hibernating,2,1,2,368,1,44.43,2024-12-29,Meta Ads
C04043,Hibernating,1,1,2,600,1,44.42,2024-05-11,Organic / SEO
C01002,Hibernating,2,1,2,353,1,44.41,2025-01-13,Programmatic
C05986,Hibernating,2,1,2,410,1,44.39,2024-11-17,Meta Ads
C03199,Hibernating,1,1,2,583,1,44.38,2024-05-28,Google Search
C05123,Hibernating,2,1,2,372,1,44.38,2024-12-25,Organic / SEO
C00963,Hibernating,1,1,1,604,1,44.36,2024-05-07,Organic / SEO
C03316,Hibernating,1,1,1,668,1,44.36,2024-03-04,Programmatic
C03607,Hibernating,1,1,1,593,1,44.36,2024-05-18,Meta Ads
C05298,Hibernating,1,1,1,506,1,44.21,2024-08-13,Programmatic
C00237,Hibernating,2,1,1,346,1,44.13,2025-01-20,Meta Ads
C03617,Hibernating,2,1,1,411,1,44.05,2024-11-16,Google Search
C04985,Hibernating,2,1,1,450,1,44.02,2024-10-08,Organic / SEO
C02664,Hibernating,1,1,1,502,1,43.98,2024-08-17,Programmatic
C00633,Hibernating,1,1,1,694,1,43.94,2024-02-07,Programmatic
C04293,Hibernating,1,1,1,657,1,43.87,2024-03-15,Email / Referral
C03163,Hibernating,1,1,1,594,1,43.86,2024-05-17,Organic / SEO
C05299,Hibernating,1,1,1,488,1,43.84,2024-08-31,Organic / SEO
C03960,Hibernating,2,1,1,394,1,43.83,2024-12-03,Meta Ads
C05324,Hibernating,1,1,1,690,1,43.83,2024-02-11,Programmatic
C00686,Hibernating,2,1,1,423,1,43.79,2024-11-04,Meta Ads
C03208,Hibernating,1,1,1,669,1,43.75,2024-03-03,Meta Ads
C00828,Hibernating,1,1,1,515,1,43.71,2024-08-04,Programmatic
C04668,Hibernating,2,1,1,424,1,43.68,2024-11-03,Google Search
C05790,Hibernating,2,1,1,350,1,43.66,2025-01-16,Google Search
C00206,Hibernating,1,1,1,516,1,43.65,2024-08-03,Organic / SEO
C01621,Hibernating,1,1,1,535,1,43.64,2024-07-15,Meta Ads
C03539,Hibernating,1,1,1,583,1,43.62,2024-05-28,Organic / SEO
C04213,Hibernating,2,1,1,360,1,43.62,2025-01-06,Google Search
C01841,Hibernating,1,1,1,699,1,43.6,2024-02-02,Programmatic
C03764,Hibernating,1,1,1,500,1,43.58,2024-08-19,Google Search
C03319,Hibernating,1,1,1,647,1,43.56,2024-03-25,Email / Referral
C02424,Hibernating,1,1,1,636,1,43.55,2024-04-05,Programmatic
C05932,Hibernating,1,1,1,500,1,43.5,2024-08-19,Organic / SEO
C02815,Hibernating,1,1,1,703,1,43.46,2024-01-29,Programmatic
C04990,Hibernating,1,1,1,630,1,43.44,2024-04-11,Programmatic
C03087,Hibernating,1,1,1,537,1,43.42,2024-07-13,Google Search
C05828,Hibernating,1,1,1,500,1,43.37,2024-08-19,Google Search
C00076,Hibernating,2,1,1,472,1,43.36,2024-09-16,Meta Ads
C04666,Hibernating,2,1,1,386,1,43.36,2024-12-11,Organic / SEO
C01386,Hibernating,1,1,1,691,1,43.34,2024-02-10,Email / Referral
C01987,Hibernating,1,1,1,492,1,43.31,2024-08-27,Programmatic
C05949,Hibernating,2,1,1,409,1,43.28,2024-11-18,Meta Ads
C03683,Hibernating,2,1,1,376,1,43.27,2024-12-21,Programmatic
C04600,Hibernating,2,1,1,393,1,43.22,2024-12-04,Programmatic
C04648,Hibernating,1,1,1,529,1,43.2,2024-07-21,Email / Referral
C05159,Hibernating,2,1,1,356,1,43.17,2025-01-10,Google Search
C02097,Hibernating,1,1,1,692,1,43.15,2024-02-09,Google Search
C01390,Hibernating,1,1,1,686,1,43.12,2024-02-15,Google Search
C05359,Hibernating,2,1,1,412,1,43.11,2024-11-15,Google Search
C05513,Hibernating,2,1,1,346,1,43.07,2025-01-20,Organic / SEO
C04371,Hibernating,2,1,1,470,1,43.06,2024-09-18,Google Search
C01780,Hibernating,2,1,1,346,1,42.95,2025-01-20,Organic / SEO
C04396,Hibernating,2,1,1,368,1,42.95,2024-12-29,Meta Ads
C04751,Hibernating,1,1,1,545,1,42.95,2024-07-05,Meta Ads
C00062,Hibernating,2,1,1,343,1,42.81,2025-01-23,Meta Ads
C02673,Hibernating,2,1,1,392,1,42.74,2024-12-05,Programmatic
C03372,Hibernating,1,1,1,695,1,42.74,2024-02-06,Google Search
C03107,Hibernating,2,1,1,430,1,42.72,2024-10-28,Google Search
C03805,Hibernating,1,1,1,711,1,42.68,2024-01-21,Google Search
C02372,Hibernating,2,1,1,434,1,42.67,2024-10-24,Meta Ads
C02692,Hibernating,2,1,1,402,1,42.65,2024-11-25,Meta Ads
C03871,Hibernating,2,1,1,408,1,42.62,2024-11-19,Google Search
C00095,Hibernating,2,1,1,455,1,42.61,2024-10-03,Programmatic
C01602,Hibernating,1,1,1,596,1,42.6,2024-05-15,Programmatic
C02047,Hibernating,2,1,1,364,1,42.58,2025-01-02,Organic / SEO
C00771,Hibernating,1,1,1,506,1,42.49,2024-08-13,Meta Ads
C03526,Hibernating,2,1,1,372,1,42.47,2024-12-25,Organic / SEO
C00311,Hibernating,2,1,1,338,1,42.44,2025-01-28,Google Search
C05507,Hibernating,1,1,1,570,1,42.44,2024-06-10,Meta Ads
C02091,Hibernating,2,1,1,413,1,42.42,2024-11-14,Meta Ads
C01860,Hibernating,1,1,1,487,1,42.41,2024-09-01,Organic / SEO
C05163,Hibernating,1,1,1,609,1,42.41,2024-05-02,Google Search
C02393,Hibernating,2,1,1,414,1,42.4,2024-11-13,Meta Ads
C01177,Hibernating,2,1,1,348,1,42.36,2025-01-18,Google Search
C04084,Hibernating,2,1,1,448,1,42.36,2024-10-10,Programmatic
C04256,Hibernating,1,1,1,661,1,42.36,2024-03-11,Meta Ads
C03219,Hibernating,2,1,1,473,1,42.35,2024-09-15,Email / Referral
C04291,Hibernating,1,1,1,648,1,42.32,2024-03-24,Meta Ads
C02282,Hibernating,1,1,1,553,1,42.31,2024-06-27,Organic / SEO
C03801,Hibernating,1,1,1,716,1,42.3,2024-01-16,Google Search
C01047,Hibernating,1,1,1,544,1,42.28,2024-07-06,Meta Ads
C02802,Hibernating,2,1,1,327,1,42.22,2025-02-08,Google Search
C03211,Hibernating,2,1,1,418,1,42.21,2024-11-09,Programmatic
C00485,Hibernating,1,1,1,695,1,42.19,2024-02-06,Programmatic
C03824,Hibernating,1,1,1,700,1,42.18,2024-02-01,Meta Ads
C00423,Hibernating,1,1,1,726,1,42.16,2024-01-06,Organic / SEO
C04494,Hibernating,1,1,1,627,1,42.16,2024-04-14,Meta Ads
C05890,Hibernating,1,1,1,648,1,42.13,2024-03-24,Google Search
C01133,Hibernating,1,1,1,638,1,42.11,2024-04-03,Google Search
C03530,Hibernating,2,1,1,333,1,42.07,2025-02-02,Google Search
C05103,Hibernating,1,1,1,708,1,42.05,2024-01-24,Organic / SEO
C05167,Hibernating,2,1,1,410,1,42.0,2024-11-17,Google Search
C01904,Hibernating,1,1,1,582,1,41.98,2024-05-29,Organic / SEO
C03047,Hibernating,2,1,1,351,1,41.97,2025-01-15,Google Search
C05346,Hibernating,1,1,1,519,1,41.89,2024-07-31,Meta Ads
C02983,Hibernating,1,1,1,634,1,41.85,2024-04-07,Organic / SEO
C04692,Hibernating,1,1,1,503,1,41.84,2024-08-16,Meta Ads
C05311,Hibernating,2,1,1,376,1,41.83,2024-12-21,Meta Ads
C01990,Hibernating,1,1,1,586,1,41.82,2024-05-25,Programmatic
C05465,Hibernating,1,1,1,676,1,41.8,2024-02-25,Programmatic
C02847,Hibernating,1,1,1,514,1,41.74,2024-08-05,Email / Referral
C00684,Hibernating,2,1,1,357,1,41.72,2025-01-09,Email / Referral
C05441,Hibernating,1,1,1,606,1,41.66,2024-05-05,Meta Ads
C02672,Hibernating,2,1,1,362,1,41.63,2025-01-04,Meta Ads
C00266,Hibernating,1,1,1,573,1,41.59,2024-06-07,Email / Referral
C00373,Hibernating,2,1,1,411,1,41.59,2024-11-16,Programmatic
C03740,Hibernating,2,1,1,366,1,41.59,2024-12-31,Organic / SEO
C05320,Hibernating,2,1,1,433,1,41.57,2024-10-25,Google Search
C00902,Hibernating,1,1,1,490,1,41.5,2024-08-29,Meta Ads
C05972,Hibernating,1,1,1,685,1,41.49,2024-02-16,Google Search
C05523,Hibernating,2,1,1,374,1,41.48,2024-12-23,Programmatic
C02033,Hibernating,2,1,1,422,1,41.37,2024-11-05,Organic / SEO
C01030,Hibernating,2,1,1,390,1,41.36,2024-12-07,Programmatic
C05153,Hibernating,2,1,1,341,1,41.35,2025-01-25,Google Search
C02168,Hibernating,2,1,1,376,1,41.32,2024-12-21,Programmatic
C00449,Hibernating,1,1,1,677,1,41.3,2024-02-24,Organic / SEO
C03318,Hibernating,1,1,1,632,1,41.28,2024-04-09,Meta Ads
C02493,Hibernating,1,1,1,681,1,41.26,2024-02-20,Meta Ads
C04467,Hibernating,1,1,1,573,1,41.26,2024-06-07,Meta Ads
C01727,Hibernating,2,1,1,420,1,41.25,2024-11-07,Google Search
C05683,Hibernating,1,1,1,566,1,41.25,2024-06-14,Programmatic
C03154,Hibernating,1,1,1,611,1,41.23,2024-04-30,Programmatic
C04986,Hibernating,2,1,1,429,1,41.23,2024-10-29,Google Search
C02652,Hibernating,2,1,1,379,1,41.2,2024-12-18,Programmatic
C04164,Hibernating,2,1,1,394,1,41.19,2024-12-03,Meta Ads
C04551,Hibernating,1,1,1,662,1,41.15,2024-03-10,Programmatic
C01814,Hibernating,1,1,1,510,1,41.14,2024-08-09,Google Search
C00044,Hibernating,2,1,1,446,1,41.12,2024-10-12,Programmatic
C02763,Hibernating,1,1,1,633,1,41.1,2024-04-08,Google Search
C05221,Hibernating,1,1,1,631,1,41.1,2024-04-10,Meta Ads
C01294,Hibernating,2,1,1,439,1,41.05,2024-10-19,Google Search
C05028,Hibernating,2,1,1,438,1,41.05,2024-10-20,Email / Referral
C04817,Hibernating,1,1,1,510,1,41.03,2024-08-09,Organic / SEO
C02512,Hibernating,2,1,1,379,1,41.02,2024-12-18,Meta Ads
C00618,Hibernating,2,1,1,421,1,41.0,2024-11-06,Programmatic
C01546,Hibernating,2,1,1,396,1,40.99,2024-12-01,Meta Ads
C02058,Hibernating,2,1,1,340,1,40.92,2025-01-26,Meta Ads
C01550,Hibernating,2,1,1,444,1,40.91,2024-10-14,Google Search
C01610,Hibernating,2,1,1,372,1,40.89,2024-12-25,Programmatic
C00806,Hibernating,1,1,1,593,1,40.88,2024-05-18,Email / Referral
C05252,Hibernating,1,1,1,670,1,40.88,2024-03-02,Email / Referral
C02075,Hibernating,2,1,1,398,1,40.86,2024-11-29,Programmatic
C00225,Hibernating,2,1,1,468,1,40.85,2024-09-20,Meta Ads
C04962,Hibernating,1,1,1,579,1,40.84,2024-06-01,Google Search
C00985,Hibernating,1,1,1,584,1,40.83,2024-05-27,Meta Ads
C03587,Hibernating,2,1,1,397,1,40.83,2024-11-30,Meta Ads
C04915,Hibernating,2,1,1,436,1,40.82,2024-10-22,Programmatic
C04410,Hibernating,1,1,1,575,1,40.81,2024-06-05,Google Search
C05054,Hibernating,1,1,1,614,1,40.79,2024-04-27,Meta Ads
C00877,Hibernating,2,1,1,395,1,40.78,2024-12-02,Google Search
C02363,Hibernating,2,1,1,338,1,40.76,2025-01-28,Meta Ads
C04568,Hibernating,1,1,1,694,1,40.75,2024-02-07,Email / Referral
C03923,Hibernating,2,1,1,421,1,40.65,2024-11-06,Organic / SEO
C05174,Hibernating,1,1,1,685,1,40.63,2024-02-16,Programmatic
C05564,Hibernating,1,1,1,565,1,40.57,2024-06-15,Google Search
C00661,Hibernating,2,1,1,477,1,40.56,2024-09-11,Meta Ads
C03374,Hibernating,1,1,1,575,1,40.49,2024-06-05,Programmatic
C01943,Hibernating,2,1,1,383,1,40.47,2024-12-14,Organic / SEO
C01370,Hibernating,2,1,1,422,1,40.33,2024-11-05,Programmatic
C02967,Hibernating,2,1,1,439,1,40.3,2024-10-19,Meta Ads
C02470,Hibernating,2,1,1,425,1,40.29,2024-11-02,Meta Ads
C03861,Hibernating,2,1,1,344,1,40.26,2025-01-22,Google Search
C02266,Hibernating,1,1,1,608,1,40.21,2024-05-03,Programmatic
C01424,Hibernating,2,1,1,399,1,40.2,2024-11-28,Meta Ads
C05637,Hibernating,1,1,1,488,1,40.2,2024-08-31,Email / Referral
C01004,Hibernating,1,1,1,585,1,40.16,2024-05-26,Meta Ads
C02084,Hibernating,1,1,1,559,1,40.14,2024-06-21,Organic / SEO
C05700,Hibernating,1,1,1,678,1,40.14,2024-02-23,Email / Referral
C03975,Hibernating,1,1,1,656,1,40.13,2024-03-16,Organic / SEO
C01463,Hibernating,1,1,1,557,1,40.12,2024-06-23,Google Search
C00700,Hibernating,2,1,1,457,1,40.1,2024-10-01,Organic / SEO
C05409,Hibernating,1,1,1,519,1,40.07,2024-07-31,Meta Ads
C03793,Hibernating,1,1,1,708,1,40.01,2024-01-24,Google Search
C04279,Hibernating,2,1,1,465,1,40.01,2024-09-23,Google Search
C04301,Hibernating,2,1,1,343,1,39.95,2025-01-23,Google Search
C02065,Hibernating,2,1,1,377,1,39.94,2024-12-20,Programmatic
C00820,Hibernating,2,1,1,479,1,39.93,2024-09-09,Programmatic
C02880,Hibernating,1,1,1,731,1,39.93,2024-01-01,Meta Ads
C03959,Hibernating,1,1,1,628,1,39.93,2024-04-13,Meta Ads
C02086,Hibernating,1,1,1,487,1,39.9,2024-09-01,Email / Referral
C03124,Hibernating,2,1,1,357,1,39.84,2025-01-09,Meta Ads
C04159,Hibernating,2,1,1,359,1,39.83,2025-01-07,Meta Ads
C01659,Hibernating,2,1,1,392,1,39.8,2024-12-05,Google Search
C02518,Hibernating,1,1,1,519,1,39.78,2024-07-31,Google Search
C00404,Hibernating,1,1,1,623,1,39.77,2024-04-18,Meta Ads
C02110,Hibernating,1,1,1,575,1,39.77,2024-06-05,Organic / SEO
C01703,Hibernating,2,1,1,418,1,39.76,2024-11-09,Organic / SEO
C01491,Hibernating,1,1,1,671,1,39.74,2024-03-01,Programmatic
C00881,Hibernating,2,1,1,386,1,39.73,2024-12-11,Google Search
C05049,Hibernating,1,1,1,579,1,39.66,2024-06-01,Meta Ads
C01090,Hibernating,2,1,1,355,1,39.61,2025-01-11,Meta Ads
C03153,Hibernating,2,1,1,417,1,39.6,2024-11-10,Meta Ads
C02615,Hibernating,2,1,1,481,1,39.53,2024-09-07,Google Search
C03308,Hibernating,1,1,1,706,1,39.47,2024-01-26,Programmatic
C02919,Hibernating,1,1,1,697,1,39.43,2024-02-04,Programmatic
C03112,Hibernating,1,1,1,494,1,39.43,2024-08-25,Meta Ads
C03468,Hibernating,2,1,1,455,1,39.41,2024-10-03,Organic / SEO
C04934,Hibernating,1,1,1,498,1,39.4,2024-08-21,Meta Ads
C02917,Hibernating,1,1,1,504,1,39.39,2024-08-15,Meta Ads
C02249,Hibernating,2,1,1,398,1,39.36,2024-11-29,Meta Ads
C03015,Hibernating,2,1,1,474,1,39.35,2024-09-14,Programmatic
C02205,Hibernating,2,1,1,437,1,39.31,2024-10-21,Meta Ads
C02223,Hibernating,2,1,1,382,1,39.26,2024-12-15,Meta Ads
C00901,Hibernating,2,1,1,346,1,39.2,2025-01-20,Meta Ads
C05622,Hibernating,2,1,1,447,1,39.2,2024-10-11,Meta Ads
C03583,Hibernating,2,1,1,390,1,39.1,2024-12-07,Google Search
C01708,Hibernating,2,1,1,384,1,39.06,2024-12-13,Meta Ads
C00557,Hibernating,2,1,1,463,1,38.97,2024-09-25,Programmatic
C05138,Hibernating,1,1,1,691,1,38.97,2024-02-10,Programmatic
C02245,Hibernating,2,1,1,400,1,38.95,2024-11-27,Programmatic
C03964,Hibernating,2,1,1,478,1,38.9,2024-09-10,Programmatic
C04539,Hibernating,1,1,1,595,1,38.87,2024-05-16,Meta Ads
C01636,Hibernating,2,1,1,384,1,38.84,2024-12-13,Google Search
C00482,Hibernating,1,1,1,527,1,38.83,2024-07-23,Meta Ads
C03234,Hibernating,1,1,1,613,1,38.81,2024-04-28,Programmatic
C01868,Hibernating,1,1,1,539,1,38.62,2024-07-11,Google Search
C03765,Hibernating,1,1,1,673,1,38.58,2024-02-28,Meta Ads
C04133,Hibernating,2,1,1,375,1,38.56,2024-12-22,Meta Ads
C01569,Hibernating,2,1,1,339,1,38.54,2025-01-27,Programmatic
C01998,Hibernating,2,1,1,427,1,38.54,2024-10-31,Meta Ads
C02566,Hibernating,2,1,1,394,1,38.53,2024-12-03,Meta Ads
C00972,Hibernating,1,1,1,701,1,38.45,2024-01-31,Meta Ads
C04384,Hibernating,2,1,1,343,1,38.42,2025-01-23,Email / Referral
C03760,Hibernating,1,1,1,573,1,38.33,2024-06-07,Google Search
C02228,Hibernating,1,1,1,665,1,38.3,2024-03-07,Google Search
C03461,Hibernating,2,1,1,359,1,38.22,2025-01-07,Programmatic
C01415,Hibernating,1,1,1,608,1,38.17,2024-05-03,Organic / SEO
C03044,Hibernating,2,1,1,362,1,38.17,2025-01-04,Organic / SEO
C04411,Hibernating,2,1,1,408,1,38.17,2024-11-19,Meta Ads
C04230,Hibernating,1,1,1,494,1,38.14,2024-08-25,Meta Ads
C05139,Hibernating,1,1,1,518,1,38.14,2024-08-01,Meta Ads
C02090,Hibernating,2,1,1,347,1,38.13,2025-01-19,Google Search
C04730,Hibernating,2,1,1,385,1,38.08,2024-12-12,Programmatic
C04842,Hibernating,2,1,1,376,1,38.07,2024-12-21,Organic / SEO
C01020,Hibernating,2,1,1,360,1,38.06,2025-01-06,Organic / SEO
C04976,Hibernating,2,1,1,384,1,38.05,2024-12-13,Google Search
C03294,Hibernating,2,1,1,328,1,38.04,2025-02-07,Google Search
C04738,Hibernating,1,1,1,682,1,38.03,2024-02-19,Meta Ads
C05187,Hibernating,1,1,1,709,1,38.03,2024-01-23,Programmatic
C03196,Hibernating,2,1,1,399,1,37.99,2024-11-28,Google Search
C05500,Hibernating,1,1,1,494,1,37.98,2024-08-25,Meta Ads
C01001,Hibernating,1,1,1,670,1,37.93,2024-03-02,Organic / SEO
C01208,Hibernating,2,1,1,332,1,37.92,2025-02-03,Google Search
C04450,Hibernating,1,1,1,711,1,37.91,2024-01-21,Google Search
C02008,Hibernating,1,1,1,595,1,37.9,2024-05-16,Email / Referral
C03023,Hibernating,2,1,1,341,1,37.84,2025-01-25,Programmatic
C02360,Hibernating,1,1,1,587,1,37.81,2024-05-24,Google Search
C01340,Hibernating,2,1,1,406,1,37.77,2024-11-21,Programmatic
C04070,Hibernating,1,1,1,559,1,37.76,2024-06-21,Google Search
C02035,Hibernating,1,1,1,633,1,37.73,2024-04-08,Google Search
C01606,Hibernating,2,1,1,476,1,37.72,2024-09-12,Programmatic
C01912,Hibernating,1,1,1,561,1,37.71,2024-06-19,Google Search
C03660,Hibernating,1,1,1,674,1,37.69,2024-02-27,Meta Ads
C05562,Hibernating,2,1,1,412,1,37.69,2024-11-15,Meta Ads
C00177,Hibernating,2,1,1,370,1,37.67,2024-12-27,Organic / SEO
C00522,Hibernating,2,1,1,407,1,37.67,2024-11-20,Meta Ads
C04306,Hibernating,1,1,1,609,1,37.63,2024-05-02,Organic / SEO
C00140,Hibernating,1,1,1,650,1,37.61,2024-03-22,Meta Ads
C04029,Hibernating,2,1,1,336,1,37.56,2025-01-30,Programmatic
C04101,Hibernating,2,1,1,460,1,37.49,2024-09-28,Programmatic
C05751,Hibernating,1,1,1,694,1,37.49,2024-02-07,Programmatic
C05398,Hibernating,2,1,1,435,1,37.48,2024-10-23,Organic / SEO
C02780,Hibernating,1,1,1,600,1,37.17,2024-05-11,Google Search
C02523,Hibernating,2,1,1,409,1,37.15,2024-11-18,Programmatic
C03138,Hibernating,1,1,1,675,1,37.14,2024-02-26,Organic / SEO
C01664,Hibernating,1,1,1,532,1,37.13,2024-07-18,Programmatic
C00272,Hibernating,1,1,1,565,1,37.11,2024-06-15,Google Search
C01654,Hibernating,1,1,1,601,1,37.08,2024-05-10,Google Search
C01300,Hibernating,2,1,1,398,1,36.91,2024-11-29,Organic / SEO
C03592,Hibernating,2,1,1,433,1,36.91,2024-10-25,Google Search
C02179,Hibernating,1,1,1,493,1,36.89,2024-08-26,Meta Ads
C05515,Hibernating,1,1,1,624,1,36.89,2024-04-17,Google Search
C00718,Hibernating,1,1,1,632,1,36.86,2024-04-09,Email / Referral
C04496,Hibernating,2,1,1,415,1,36.85,2024-11-12,Programmatic
C03549,Hibernating,1,1,1,620,1,36.79,2024-04-21,Meta Ads
C03283,Hibernating,2,1,1,477,1,36.78,2024-09-11,Meta Ads
C00938,Hibernating,1,1,1,614,1,36.73,2024-04-27,Organic / SEO
C04336,Hibernating,1,1,1,662,1,36.67,2024-03-10,Programmatic
C05282,Hibernating,2,1,1,454,1,36.6,2024-10-04,Organic / SEO
C02889,Hibernating,1,1,1,626,1,36.56,2024-04-15,Email / Referral
C05045,Hibernating,1,1,1,502,1,36.54,2024-08-17,Organic / SEO
C02858,Hibernating,2,1,1,372,1,36.51,2024-12-25,Programmatic
C02312,Hibernating,1,1,1,654,1,36.45,2024-03-18,Meta Ads
C04504,Hibernating,2,1,1,352,1,36.23,2025-01-14,Organic / SEO
C02863,Hibernating,2,1,1,442,1,36.21,2024-10-16,Programmatic
C02353,Hibernating,1,1,1,512,1,36.18,2024-08-07,Email / Referral
C05381,Hibernating,1,1,1,525,1,36.17,2024-07-25,Organic / SEO
C01843,Hibernating,1,1,1,583,1,36.14,2024-05-28,Google Search
C03856,Hibernating,1,1,1,525,1,36.09,2024-07-25,Google Search
C05494,Hibernating,2,1,1,437,1,36.01,2024-10-21,Google Search
C05522,Hibernating,1,1,1,499,1,36.0,2024-08-20,Google Search
C05991,Hibernating,1,1,1,626,1,35.99,2024-04-15,Programmatic
C03679,Hibernating,2,1,1,475,1,35.98,2024-09-13,Meta Ads
C04825,Hibernating,2,1,1,385,1,35.94,2024-12-12,Google Search
C02848,Hibernating,1,1,1,668,1,35.79,2024-03-04,Organic / SEO
C03840,Hibernating,2,1,1,471,1,35.77,2024-09-17,Programmatic
C01509,Hibernating,1,1,1,528,1,35.75,2024-07-22,Organic / SEO
C05558,Hibernating,2,1,1,429,1,35.73,2024-10-29,Programmatic
C03434,Hibernating,1,1,1,500,1,35.71,2024-08-19,Meta Ads
C04571,Hibernating,2,1,1,453,1,35.65,2024-10-05,Organic / SEO
C04621,Hibernating,1,1,1,529,1,35.57,2024-07-21,Meta Ads
C02049,Hibernating,1,1,1,590,1,35.47,2024-05-21,Meta Ads
C03126,Hibernating,1,1,1,548,1,35.39,2024-07-02,Programmatic
C03872,Hibernating,1,1,1,539,1,35.35,2024-07-11,Email / Referral
C00644,Hibernating,1,1,1,512,1,35.21,2024-08-07,Meta Ads
C05521,Hibernating,2,1,1,365,1,35.21,2025-01-01,Meta Ads
C03221,Hibernating,2,1,1,478,1,35.16,2024-09-10,Programmatic
C04035,Hibernating,1,1,1,611,1,35.13,2024-04-30,Programmatic
C04746,Hibernating,1,1,1,695,1,35.08,2024-02-06,Meta Ads
C02748,Hibernating,1,1,1,554,1,35.07,2024-06-26,Programmatic
C04445,Hibernating,1,1,1,624,1,35.07,2024-04-17,Meta Ads
C00005,Hibernating,1,1,1,639,1,35.06,2024-04-02,Google Search
C05448,Hibernating,2,1,1,418,1,35.05,2024-11-09,Google Search
C02327,Hibernating,1,1,1,534,1,35.01,2024-07-16,Organic / SEO
C03011,Hibernating,2,1,1,462,1,34.99,2024-09-26,Meta Ads
C03669,Hibernating,2,1,1,403,1,34.99,2024-11-24,Programmatic
C03353,Hibernating,1,1,1,693,1,34.96,2024-02-08,Meta Ads
C02007,Hibernating,2,1,1,329,1,34.94,2025-02-06,Meta Ads
C01427,Hibernating,1,1,1,643,1,34.92,2024-03-29,Programmatic
C01164,Hibernating,1,1,1,571,1,34.91,2024-06-09,Email / Referral
C05912,Hibernating,1,1,1,629,1,34.8,2024-04-12,Programmatic
C02243,Hibernating,2,1,1,409,1,34.76,2024-11-18,Programmatic
C03619,Hibernating,2,2,1,404,2,34.650000000000006,2024-11-23,Organic / SEO
C00826,Hibernating,1,1,1,713,1,34.64,2024-01-19,Organic / SEO
C00904,Hibernating,2,1,1,335,1,34.59,2025-01-31,Meta Ads
C05150,Hibernating,2,1,1,476,1,34.52,2024-09-12,Organic / SEO
C01575,Hibernating,1,1,1,625,1,34.22,2024-04-16,Google Search
C03270,Hibernating,1,1,1,596,1,34.18,2024-05-15,Programmatic
C00740,Hibernating,2,1,1,381,1,34.11,2024-12-16,Meta Ads
C03852,Hibernating,2,1,1,475,1,34.09,2024-09-13,Organic / SEO
C04260,Hibernating,2,1,1,474,1,34.03,2024-09-14,Programmatic
C03352,Hibernating,1,1,1,618,1,33.97,2024-04-23,Meta Ads
C03454,Hibernating,1,1,1,696,1,33.96,2024-02-05,Organic / SEO
C00988,Hibernating,1,1,1,681,1,33.9,2024-02-20,Google Search
C04338,Hibernating,1,1,1,706,1,33.86,2024-01-26,Programmatic
C05404,Hibernating,1,1,1,590,1,33.85,2024-05-21,Google Search
C01210,Hibernating,2,1,1,380,1,33.83,2024-12-17,Organic / SEO
C04199,Hibernating,1,1,1,564,1,33.78,2024-06-16,Organic / SEO
C02543,Hibernating,2,1,1,425,1,33.75,2024-11-02,Meta Ads
C05385,Hibernating,1,1,1,509,1,33.71,2024-08-10,Meta Ads
C02050,Hibernating,2,1,1,426,1,33.68,2024-11-01,Organic / SEO
C02674,Hibernating,2,1,1,343,1,33.53,2025-01-23,Google Search
C03427,Hibernating,1,1,1,646,1,33.5,2024-03-26,Google Search
C05143,Hibernating,2,1,1,441,1,33.47,2024-10-17,Organic / SEO
C03492,Hibernating,1,1,1,729,1,33.43,2024-01-03,Programmatic
C01122,Hibernating,1,1,1,622,1,33.4,2024-04-19,Google Search
C02415,Hibernating,2,1,1,331,1,33.4,2025-02-04,Google Search
C02877,Hibernating,2,1,1,478,1,33.39,2024-09-10,Programmatic
C01158,Hibernating,1,1,1,731,1,33.33,2024-01-01,Programmatic
C05765,Hibernating,2,1,1,344,1,33.33,2025-01-22,Programmatic
C00499,Hibernating,2,1,1,413,1,33.27,2024-11-14,Meta Ads
C00691,Hibernating,2,1,1,469,1,33.26,2024-09-19,Meta Ads
C00764,Hibernating,1,1,1,598,1,33.23,2024-05-13,Organic / SEO
C02736,Hibernating,2,1,1,352,1,33.23,2025-01-14,Google Search
C00281,Hibernating,1,1,1,688,1,33.22,2024-02-13,Email / Referral
C05870,Hibernating,1,1,1,546,1,33.2,2024-07-04,Google Search
C01891,Hibernating,1,1,1,518,1,33.11,2024-08-01,Meta Ads
C04334,Hibernating,2,1,1,341,1,33.1,2025-01-25,Google Search
C04967,Hibernating,2,1,1,408,1,33.09,2024-11-19,Meta Ads
C04942,Hibernating,1,1,1,678,1,33.08,2024-02-23,Programmatic
C03155,Hibernating,1,1,1,554,1,33.06,2024-06-26,Meta Ads
C05073,Hibernating,2,1,1,358,1,32.89,2025-01-08,Programmatic
C04787,Hibernating,2,1,1,441,1,32.88,2024-10-17,Organic / SEO
C03645,Hibernating,1,1,1,680,1,32.87,2024-02-21,Programmatic
C05496,Hibernating,1,1,1,498,1,32.85,2024-08-21,Meta Ads
C05897,Hibernating,1,1,1,618,1,32.84,2024-04-23,Meta Ads
C05866,Hibernating,2,1,1,430,1,32.82,2024-10-28,Organic / SEO
C03610,Hibernating,2,1,1,398,1,32.8,2024-11-29,Meta Ads
C00725,Hibernating,1,1,1,631,1,32.74,2024-04-10,Meta Ads
C05317,Hibernating,1,1,1,691,1,32.71,2024-02-10,Meta Ads
C02161,Hibernating,2,1,1,361,1,32.56,2025-01-05,Meta Ads
C03141,Hibernating,2,1,1,454,1,32.5,2024-10-04,Meta Ads
C04759,Hibernating,1,1,1,667,1,32.49,2024-03-05,Programmatic
C00218,Hibernating,1,1,1,611,1,32.46,2024-04-30,Organic / SEO
C01936,Hibernating,1,1,1,631,1,32.43,2024-04-10,Meta Ads
C01239,Hibernating,1,1,1,563,1,32.36,2024-06-17,Meta Ads
C05249,Hibernating,1,1,1,631,1,32.14,2024-04-10,Google Search
C01544,Hibernating,1,1,1,563,1,32.12,2024-06-17,Programmatic
C00950,Hibernating,2,1,1,425,1,31.99,2024-11-02,Programmatic
C01301,Hibernating,1,1,1,529,1,31.99,2024-07-21,Meta Ads
C00200,Hibernating,2,1,1,448,1,31.95,2024-10-10,Programmatic
C00119,Hibernating,2,1,1,372,1,31.93,2024-12-25,Programmatic
C02613,Hibernating,2,1,1,327,1,31.9,2025-02-08,Organic / SEO
C05436,Hibernating,1,1,1,641,1,31.85,2024-03-31,Meta Ads
C04341,Hibernating,1,1,1,608,1,31.82,2024-05-03,Email / Referral
C00562,Hibernating,1,1,1,504,1,31.79,2024-08-15,Meta Ads
C05018,Hibernating,2,1,1,331,1,31.78,2025-02-04,Meta Ads
C00952,Hibernating,1,1,1,500,1,31.76,2024-08-19,Programmatic
C00310,Hibernating,1,1,1,596,1,31.68,2024-05-15,Organic / SEO
C02828,Hibernating,1,1,1,524,1,31.62,2024-07-26,Programmatic
C02384,Hibernating,1,1,1,723,1,31.49,2024-01-09,Meta Ads
C01231,Hibernating,1,1,1,529,1,31.43,2024-07-21,Meta Ads
C05836,Hibernating,1,1,1,637,1,31.42,2024-04-04,Programmatic
C01380,Hibernating,2,1,1,374,1,31.41,2024-12-23,Meta Ads
C01495,Hibernating,2,1,1,374,1,31.37,2024-12-23,Programmatic
C00763,Hibernating,1,1,1,684,1,31.31,2024-02-17,Programmatic
C03419,Hibernating,1,1,1,674,1,31.31,2024-02-27,Meta Ads
C03668,Hibernating,1,1,1,607,1,31.31,2024-05-04,Programmatic
C01643,Hibernating,2,1,1,346,1,31.06,2025-01-20,Meta Ads
C00917,Hibernating,1,1,1,660,1,31.04,2024-03-12,Meta Ads
C05292,Hibernating,2,1,1,361,1,31.0,2025-01-05,Meta Ads
C03385,Hibernating,1,1,1,540,1,30.96,2024-07-10,Meta Ads
C00847,Hibernating,2,1,1,395,1,30.9,2024-12-02,Google Search
C01371,Hibernating,1,1,1,636,1,30.89,2024-04-05,Google Search
C00029,Hibernating,1,1,1,583,1,30.87,2024-05-28,Programmatic
C02024,Hibernating,1,1,1,500,1,30.87,2024-08-19,Meta Ads
C02422,Hibernating,1,1,1,544,1,30.86,2024-07-06,Email / Referral
C04741,Hibernating,1,1,1,534,1,30.75,2024-07-16,Programmatic
C03934,Hibernating,1,1,1,695,1,30.71,2024-02-06,Google Search
C02670,Hibernating,2,1,1,346,1,30.5,2025-01-20,Programmatic
C03876,Hibernating,2,1,1,384,1,30.47,2024-12-13,Meta Ads
C05126,Hibernating,1,1,1,689,1,30.46,2024-02-12,Meta Ads
C03753,Hibernating,2,1,1,359,1,30.19,2025-01-07,Meta Ads
C04677,Hibernating,1,1,1,623,1,30.19,2024-04-18,Meta Ads
C01360,Hibernating,1,1,1,575,1,30.18,2024-06-05,Organic / SEO
C04691,Hibernating,2,1,1,343,1,30.14,2025-01-23,Programmatic
C02355,Hibernating,2,1,1,376,1,30.08,2024-12-21,Meta Ads
C01145,Hibernating,2,1,1,381,1,30.06,2024-12-16,Programmatic
C04884,Hibernating,2,1,1,424,1,29.77,2024-11-03,Programmatic
C04565,Hibernating,1,1,1,577,1,29.73,2024-06-03,Organic / SEO
C00027,Hibernating,2,1,1,347,1,29.69,2025-01-19,Google Search
C02053,Hibernating,2,1,1,358,1,29.68,2025-01-08,Programmatic
C01236,Hibernating,1,1,1,634,1,29.64,2024-04-07,Email / Referral
C05915,Hibernating,1,1,1,486,1,29.6,2024-09-02,Programmatic
C01937,Hibernating,2,1,1,340,1,29.52,2025-01-26,Google Search
C04726,Hibernating,2,1,1,426,1,29.31,2024-11-01,Programmatic
C03806,Hibernating,1,1,1,580,1,29.23,2024-05-31,Programmatic
C01477,Hibernating,2,1,1,369,1,29.19,2024-12-28,Meta Ads
C00759,Hibernating,1,1,1,683,1,29.12,2024-02-18,Meta Ads
C01594,Hibernating,2,1,1,390,1,29.11,2024-12-07,Email / Referral
C01994,Hibernating,1,1,1,661,1,29.1,2024-03-11,Programmatic
C01076,Hibernating,2,1,1,438,1,29.09,2024-10-20,Meta Ads
C01296,Hibernating,2,1,1,404,1,29.09,2024-11-23,Programmatic
C04956,Hibernating,1,1,1,510,1,29.06,2024-08-09,Programmatic
C00754,Hibernating,2,1,1,337,1,28.88,2025-01-29,Programmatic
C03700,Hibernating,2,1,1,373,1,28.81,2024-12-24,Google Search
C00263,Hibernating,2,1,1,448,1,28.64,2024-10-10,Google Search
C01291,Hibernating,2,1,1,351,1,28.58,2025-01-15,Meta Ads
C05206,Hibernating,1,1,1,712,1,28.53,2024-01-20,Google Search
C02079,Hibernating,2,1,1,455,1,28.48,2024-10-03,Programmatic
C01341,Hibernating,1,1,1,632,1,28.41,2024-04-09,Meta Ads
C00136,Hibernating,1,1,1,708,1,28.23,2024-01-24,Google Search
C00166,Hibernating,2,1,1,408,1,28.13,2024-11-19,Organic / SEO
C03184,Hibernating,1,1,1,565,1,28.12,2024-06-15,Programmatic
C00026,Hibernating,1,1,1,547,1,28.1,2024-07-03,Programmatic
C01952,Hibernating,1,1,1,719,1,28.01,2024-01-13,Organic / SEO
C01849,Hibernating,2,1,1,384,1,28.0,2024-12-13,Google Search
C04146,Hibernating,1,1,1,494,1,27.98,2024-08-25,Programmatic
C05416,Hibernating,2,1,1,345,1,27.89,2025-01-21,Organic / SEO
C02397,Hibernating,1,1,1,492,1,27.86,2024-08-27,Meta Ads
C02399,Hibernating,1,1,1,611,1,27.72,2024-04-30,Programmatic
C01684,Hibernating,2,1,1,466,1,27.59,2024-09-22,Programmatic
C00874,Hibernating,2,1,1,404,1,27.58,2024-11-23,Meta Ads
C03160,Hibernating,2,1,1,446,1,27.51,2024-10-12,Meta Ads
C04439,Hibernating,2,1,1,459,1,27.35,2024-09-29,Programmatic
C00815,Hibernating,1,1,1,608,1,27.3,2024-05-03,Meta Ads
C01627,Hibernating,2,1,1,407,1,26.95,2024-11-20,Programmatic
C03260,Hibernating,1,1,1,688,1,26.87,2024-02-13,Meta Ads
C04008,Hibernating,1,1,1,585,1,26.76,2024-05-26,Programmatic
C01930,Hibernating,2,1,1,368,1,26.74,2024-12-29,Organic / SEO
C02315,Hibernating,2,1,1,418,1,26.72,2024-11-09,Google Search
C01242,Hibernating,2,1,1,439,1,26.63,2024-10-19,Google Search
C03398,Hibernating,1,1,1,624,1,26.6,2024-04-17,Programmatic
C02237,Hibernating,1,1,1,599,1,26.57,2024-05-12,Programmatic
C02506,Hibernating,1,1,1,678,1,26.55,2024-02-23,Google Search
C04521,Hibernating,1,1,1,648,1,26.52,2024-03-24,Programmatic
C02244,Hibernating,1,1,1,495,1,26.51,2024-08-24,Meta Ads
C00319,Hibernating,2,1,1,459,1,26.49,2024-09-29,Meta Ads
C05061,Hibernating,1,1,1,570,1,26.48,2024-06-10,Meta Ads
C00626,Hibernating,2,1,1,384,1,26.35,2024-12-13,Programmatic
C03623,Hibernating,2,1,1,359,1,26.15,2025-01-07,Programmatic
C00292,Hibernating,1,1,1,680,1,26.09,2024-02-21,Programmatic
C03264,Hibernating,2,1,1,339,1,25.92,2025-01-27,Programmatic
C02482,Hibernating,1,1,1,512,1,25.91,2024-08-07,Google Search
C00103,Hibernating,1,1,1,485,1,25.84,2024-09-03,Email / Referral
C04629,Hibernating,1,1,1,546,1,25.82,2024-07-04,Programmatic
C02127,Hibernating,2,1,1,425,1,25.71,2024-11-02,Meta Ads
C04223,Hibernating,2,1,1,428,1,25.61,2024-10-30,Organic / SEO
C05631,Hibernating,2,1,1,379,1,25.54,2024-12-18,Organic / SEO
C01543,Hibernating,2,1,1,413,1,25.47,2024-11-14,Organic / SEO
C02445,Hibernating,2,1,1,335,1,25.06,2025-01-31,Programmatic
C01330,Hibernating,1,1,1,577,1,24.97,2024-06-03,Meta Ads
C04540,Hibernating,2,1,1,410,1,24.97,2024-11-17,Programmatic
C01807,Hibernating,1,1,1,658,1,24.85,2024-03-14,Email / Referral
C00737,Hibernating,1,1,1,536,1,24.84,2024-07-14,Google Search
C00658,Hibernating,2,1,1,457,1,24.79,2024-10-01,Programmatic
C01111,Hibernating,1,1,1,583,1,24.59,2024-05-28,Programmatic
C02655,Hibernating,2,1,1,358,1,24.4,2025-01-08,Meta Ads
C00671,Hibernating,1,1,1,599,1,24.39,2024-05-12,Meta Ads
C01984,Hibernating,1,1,1,506,1,24.36,2024-08-13,Programmatic
C04720,Hibernating,1,1,1,588,1,24.2,2024-05-23,Organic / SEO
C00893,Hibernating,1,1,1,504,1,24.19,2024-08-15,Google Search
C03176,Hibernating,1,1,1,691,1,23.94,2024-02-10,Programmatic
C00071,Hibernating,1,1,1,529,1,23.77,2024-07-21,Programmatic
C02125,Hibernating,2,1,1,404,1,23.59,2024-11-23,Programmatic
C02099,Hibernating,1,1,1,611,1,23.47,2024-04-30,Meta Ads
C04791,Hibernating,2,1,1,328,1,23.42,2025-02-07,Programmatic
C00231,Hibernating,1,1,1,596,1,23.28,2024-05-15,Programmatic
C04893,Hibernating,2,1,1,366,1,23.2,2024-12-31,Programmatic
C00940,Hibernating,1,1,1,633,1,23.09,2024-04-08,Google Search
C03537,Hibernating,1,1,1,517,1,23.02,2024-08-02,Programmatic
C05205,Hibernating,1,1,1,569,1,22.91,2024-06-11,Google Search
C02843,Hibernating,2,1,1,368,1,22.77,2024-12-29,Google Search
C02498,Hibernating,1,1,1,532,1,22.74,2024-07-18,Programmatic
C03080,Hibernating,1,1,1,484,1,22.74,2024-09-04,Meta Ads
C05832,Hibernating,2,1,1,458,1,22.67,2024-09-30,Google Search
C00703,Hibernating,1,1,1,582,1,22.65,2024-05-29,Programmatic
C04382,Hibernating,2,1,1,440,1,22.39,2024-10-18,Organic / SEO
C03424,Hibernating,2,1,1,390,1,22.36,2024-12-07,Google Search
C00407,Hibernating,2,1,1,470,1,22.3,2024-09-18,Programmatic
C00337,Hibernating,1,1,1,638,1,22.24,2024-04-03,Meta Ads
C01272,Hibernating,2,1,1,402,1,22.23,2024-11-25,Programmatic
C00987,Hibernating,2,1,1,424,1,21.68,2024-11-03,Organic / SEO
C03546,Hibernating,2,1,1,344,1,21.65,2025-01-22,Google Search
C02513,Hibernating,1,1,1,615,1,21.24,2024-04-26,Meta Ads
C04111,Hibernating,2,1,1,438,1,20.99,2024-10-20,Meta Ads
C05517,Hibernating,1,1,1,563,1,20.84,2024-06-17,Programmatic
C03334,Hibernating,1,1,1,505,1,19.96,2024-08-14,Organic / SEO
C04484,Hibernating,1,1,1,506,1,19.56,2024-08-13,Organic / SEO
C02809,Hibernating,1,1,1,556,1,19.19,2024-06-24,Programmatic
C03377,Hibernating,1,1,1,721,1,18.41,2024-01-11,Programmatic
C02870,Hibernating,1,1,1,695,1,18.33,2024-02-06,Organic / SEO
C02779,Hibernating,1,1,1,490,1,17.74,2024-08-29,Programmatic
C05552,Hibernating,1,1,1,667,1,16.69,2024-03-05,Programmatic
C02408,Hibernating,2,1,1,458,1,16.07,2024-09-30,Organic / SEO
C03920,Hibernating,2,1,1,373,1,12.46,2024-12-24,Programmatic
C04532,Hibernating,2,1,1,442,1,10.72,2024-10-16,Google Search
C03059,Loyal,3,5,5,189,10,936.9300000000001,2025-06-26,Google Search
C00098,Loyal,3,5,5,279,9,649.72,2025-03-28,Meta Ads
C00147,Loyal,3,5,5,247,7,590.6999999999999,2025-04-29,Email / Referral
C04792,Loyal,3,5,5,315,8,580.37,2025-02-20,Email / Referral
C01337,Loyal,3,5,5,294,7,562.48,2025-03-13,Organic / SEO
C05886,Loyal,3,5,5,227,8,546.85,2025-05-19,Meta Ads
C02875,Loyal,3,5,5,326,9,486.71,2025-02-09,Google Search
C03459,Loyal,3,5,5,250,11,470.32,2025-04-26,Organic / SEO
C00973,Loyal,5,3,5,33,3,466.07,2025-11-29,Google Search
C05508,Loyal,3,3,5,289,3,458.77,2025-03-18,Google Search
C00161,Loyal,3,5,5,309,7,442.21000000000004,2025-02-26,Organic / SEO
C01442,Loyal,3,4,5,279,4,433.25,2025-03-28,Email / Referral
C05132,Loyal,3,5,5,197,7,424.64,2025-06-18,Google Search
C01408,Loyal,3,4,5,301,4,419.52,2025-03-06,Organic / SEO
C03167,Loyal,4,3,5,66,3,417.22,2025-10-27,Organic / SEO
C02158,Loyal,3,5,5,289,6,407.6,2025-03-18,Google Search
C05571,Loyal,4,3,5,151,3,383.73,2025-08-03,Email / Referral
C05860,Loyal,3,4,5,305,4,375.36,2025-03-02,Meta Ads
C01252,Loyal,3,4,5,287,4,368.13,2025-03-20,Meta Ads
C00619,Loyal,3,4,5,204,4,361.85,2025-06-11,Google Search
C04197,Loyal,3,5,5,184,6,359.68,2025-07-01,Google Search
C03938,Loyal,4,3,5,89,3,359.18999999999994,2025-10-04,Google Search
C03343,Loyal,3,5,5,244,8,352.39,2025-05-02,Email / Referral
C02993,Loyal,4,3,5,85,3,349.19,2025-10-08,Google Search
C02197,Loyal,3,4,5,316,4,341.29,2025-02-19,Organic / SEO
C02687,Loyal,3,4,5,198,5,338.3,2025-06-17,Email / Referral
C01314,Loyal,3,3,5,276,3,331.0,2025-03-31,Organic / SEO
C02555,Loyal,3,4,5,195,5,326.53,2025-06-20,Email / Referral
C04618,Loyal,5,3,5,11,3,323.76,2025-12-21,Organic / SEO
C02725,Loyal,5,3,5,45,3,320.41999999999996,2025-11-17,Meta Ads
C00127,Loyal,3,5,5,209,7,320.37,2025-06-06,Google Search
C01199,Loyal,3,4,5,239,4,318.49,2025-05-07,Organic / SEO
C02657,Loyal,3,4,5,270,5,315.58,2025-04-06,Google Search
C00150,Loyal,3,5,5,211,7,311.67,2025-06-04,Organic / SEO
C00011,Loyal,4,3,5,170,3,311.49,2025-07-15,Email / Referral
C02501,Loyal,3,4,5,219,4,306.67,2025-05-27,Google Search
C00308,Loyal,4,3,5,133,3,304.74,2025-08-21,Email / Referral
C03019,Loyal,3,4,5,199,4,303.54999999999995,2025-06-16,Organic / SEO
C02564,Loyal,4,3,5,128,3,303.3,2025-08-26,Google Search
C05044,Loyal,3,5,5,239,6,299.67,2025-05-07,Google Search
C02026,Loyal,4,3,5,139,3,299.15999999999997,2025-08-15,Meta Ads
C04774,Loyal,3,4,5,205,4,296.04,2025-06-10,Organic / SEO
C04047,Loyal,4,3,5,152,3,294.73,2025-08-02,Organic / SEO
C01344,Loyal,4,3,5,144,3,289.15999999999997,2025-08-10,Google Search
C03927,Loyal,3,3,5,253,3,288.74,2025-04-23,Organic / SEO
C03877,Loyal,3,5,5,178,6,281.39,2025-07-07,Email / Referral
C01290,Loyal,3,4,5,188,5,280.65999999999997,2025-06-27,Google Search
C01409,Loyal,5,3,5,2,3,280.65,2025-12-30,Organic / SEO
C03324,Loyal,5,3,5,40,3,279.25,2025-11-22,Organic / SEO
C03503,Loyal,4,3,5,111,3,278.82,2025-09-12,Organic / SEO
C01411,Loyal,5,3,5,12,3,272.90999999999997,2025-12-20,Email / Referral
C02565,Loyal,5,3,5,46,3,272.62,2025-11-16,Meta Ads
C03375,Loyal,5,3,5,3,3,271.61,2025-12-29,Organic / SEO
C01376,Loyal,4,3,5,142,3,271.34000000000003,2025-08-12,Google Search
C03057,Loyal,5,3,5,24,3,270.64,2025-12-08,Organic / SEO
C05960,Loyal,3,3,5,283,3,268.82,2025-03-24,Google Search
C03707,Loyal,5,3,5,47,3,268.58000000000004,2025-11-15,Email / Referral
C04555,Loyal,3,3,5,270,3,266.68,2025-04-06,Email / Referral
C04052,Loyal,4,3,5,66,3,264.45,2025-10-27,Google Search
C02120,Loyal,5,3,5,11,3,263.19,2025-12-21,Organic / SEO
C02610,Loyal,3,3,5,283,3,262.77,2025-03-24,Google Search
C05449,Loyal,5,3,5,20,3,260.66999999999996,2025-12-12,Organic / SEO
C01766,Loyal,4,3,5,130,3,256.78999999999996,2025-08-24,Google Search
C05055,Loyal,5,3,5,26,3,255.47,2025-12-06,Meta Ads
C04206,Loyal,5,3,5,8,3,254.32,2025-12-24,Organic / SEO
C01830,Loyal,3,3,5,285,3,253.34,2025-03-22,Google Search
C03835,Loyal,3,4,5,301,5,252.76999999999998,2025-03-06,Email / Referral
C04552,Loyal,4,3,5,132,3,251.49,2025-08-22,Google Search
C05801,Loyal,3,3,5,236,3,250.18,2025-05-10,Email / Referral
C01450,Loyal,3,4,5,179,5,249.67000000000002,2025-07-06,Meta Ads
C02611,Loyal,5,3,5,13,3,249.29,2025-12-19,Google Search
C02499,Loyal,5,3,5,17,3,248.54,2025-12-15,Organic / SEO
C01054,Loyal,4,3,5,143,3,248.31,2025-08-11,Meta Ads
C02483,Loyal,3,4,5,285,4,247.92000000000002,2025-03-22,Email / Referral
C05740,Loyal,5,3,5,39,3,247.60000000000002,2025-11-23,Organic / SEO
C01760,Loyal,5,3,5,24,3,247.2,2025-12-08,Organic / SEO
C00739,Loyal,3,5,5,213,6,244.92000000000002,2025-06-02,Email / Referral
C04032,Loyal,3,4,5,185,4,243.74,2025-06-30,Email / Referral
C00222,Loyal,4,3,5,166,3,242.39,2025-07-19,Unknown
C02252,Loyal,5,3,5,35,3,242.25,2025-11-27,Google Search
C03620,Loyal,5,3,5,4,3,241.19,2025-12-28,Organic / SEO
C03528,Loyal,4,3,5,89,3,240.64999999999998,2025-10-04,Google Search
C02804,Loyal,3,3,5,188,3,240.62,2025-06-27,Google Search
C05225,Loyal,3,3,5,185,3,238.28,2025-06-30,Unknown
C04397,Loyal,3,4,5,230,4,238.11,2025-05-16,Google Search
C00843,Loyal,3,3,5,188,3,237.14,2025-06-27,Organic / SEO
C05345,Loyal,3,4,5,246,4,236.82999999999998,2025-04-30,Organic / SEO
C05151,Loyal,4,3,5,136,3,236.37,2025-08-18,Google Search
C00007,Loyal,4,3,5,78,3,236.24,2025-10-15,Organic / SEO
C04630,Loyal,4,3,5,127,3,234.76,2025-08-27,Organic / SEO
C05475,Loyal,5,3,5,28,3,233.98,2025-12-04,Google Search
C03831,Loyal,3,3,5,268,3,233.23,2025-04-08,Email / Referral
C05846,Loyal,5,3,5,17,3,231.91,2025-12-15,Meta Ads
C02448,Loyal,4,3,5,162,3,231.01,2025-07-23,Organic / SEO
C01965,Loyal,4,3,5,126,3,230.91000000000003,2025-08-28,Google Search
C04243,Loyal,3,4,5,202,4,230.81,2025-06-13,Google Search
C05027,Loyal,4,3,5,120,3,230.43,2025-09-03,Google Search
C02294,Loyal,3,4,5,282,4,228.91,2025-03-25,Google Search
C03694,Loyal,3,3,5,218,3,228.82999999999998,2025-05-28,Google Search
C00461,Loyal,5,3,5,54,3,228.04,2025-11-08,Google Search
C00745,Loyal,3,4,5,187,5,227.22,2025-06-28,Google Search
C01609,Loyal,3,4,5,245,4,226.97,2025-05-01,Meta Ads
C00146,Loyal,3,3,5,307,3,226.49,2025-02-28,Organic / SEO
C03998,Loyal,4,3,5,80,3,225.06,2025-10-13,Google Search
C00910,Loyal,3,4,5,192,4,224.95000000000002,2025-06-23,Meta Ads
C03932,Loyal,5,3,5,9,3,224.93,2025-12-23,Organic / SEO
C03109,Loyal,4,3,5,133,3,223.76,2025-08-21,Email / Referral
C02659,Loyal,3,4,5,267,4,223.68,2025-04-09,Organic / SEO
C01280,Loyal,5,3,5,28,3,223.3,2025-12-04,Organic / SEO
C00730,Loyal,3,4,5,246,4,222.76,2025-04-30,Organic / SEO
C01283,Loyal,3,3,5,283,3,222.41000000000003,2025-03-24,Google Search
C00908,Loyal,3,4,5,217,4,221.75,2025-05-29,Email / Referral
C02505,Loyal,4,3,5,130,3,221.24,2025-08-24,Organic / SEO
C03569,Loyal,5,3,5,50,3,220.39,2025-11-12,Google Search
C01108,Loyal,3,4,5,190,4,218.98000000000002,2025-06-25,Organic / SEO
C05633,Loyal,5,3,5,16,3,218.76999999999998,2025-12-16,Google Search
C00534,Loyal,4,3,5,83,3,218.44,2025-10-10,Google Search
C04587,Loyal,4,3,5,125,3,215.89,2025-08-29,Organic / SEO
C01070,Loyal,3,3,5,223,3,215.43,2025-05-23,Organic / SEO
C01844,Loyal,5,3,5,28,3,214.89,2025-12-04,Organic / SEO
C01819,Loyal,5,3,5,4,3,214.09,2025-12-28,Programmatic
C05402,Loyal,5,3,5,15,3,213.28,2025-12-17,Organic / SEO
C04435,Loyal,5,3,5,6,3,213.18,2025-12-26,Google Search
C02860,Loyal,5,3,5,13,3,213.1,2025-12-19,Google Search
C04299,Loyal,4,3,5,146,3,212.61,2025-08-08,Organic / SEO
C04546,Loyal,3,3,5,239,3,212.43,2025-05-07,Email / Referral
C01962,Loyal,5,3,5,21,3,212.26999999999998,2025-12-11,Google Search
C04170,Loyal,3,4,5,207,4,212.25,2025-06-08,Google Search
C05200,Loyal,4,3,5,127,3,212.25,2025-08-27,Google Search
C05646,Loyal,3,4,5,210,4,211.42000000000002,2025-06-05,Google Search
C01013,Loyal,3,3,5,219,3,211.23999999999998,2025-05-27,Google Search
C05431,Loyal,3,3,5,202,3,211.0,2025-06-13,Google Search
C04826,Loyal,3,3,5,267,3,208.59,2025-04-09,Organic / SEO
C04258,Loyal,4,3,5,123,3,208.57,2025-08-31,Meta Ads
C03381,Loyal,4,3,5,146,3,207.87,2025-08-08,Meta Ads
C05248,Loyal,5,3,5,11,3,207.65,2025-12-21,Meta Ads
C02323,Loyal,4,3,5,70,3,207.43,2025-10-23,Google Search
C01970,Loyal,3,4,5,228,4,206.87,2025-05-18,Google Search
C01784,Loyal,3,4,5,232,4,206.23,2025-05-14,Google Search
C02056,Loyal,5,3,5,9,3,206.22,2025-12-23,Organic / SEO
C01580,Loyal,5,3,5,48,3,204.75,2025-11-14,Meta Ads
C00323,Loyal,4,3,5,92,3,203.29,2025-10-01,Programmatic
C03265,Loyal,5,3,5,37,3,202.94,2025-11-25,Unknown
C05231,Loyal,5,3,5,51,3,202.25,2025-11-11,Google Search
C05651,Loyal,5,3,5,16,3,201.94,2025-12-16,Meta Ads
C05750,Loyal,5,3,5,9,3,201.86,2025-12-23,Email / Referral
C00704,Loyal,5,3,5,48,3,200.9,2025-11-14,Google Search
C02714,Loyal,5,3,5,25,3,200.45,2025-12-07,Organic / SEO
C04099,Loyal,5,3,5,19,3,199.43,2025-12-13,Google Search
C00947,Loyal,5,3,5,7,3,199.05,2025-12-25,Organic / SEO
C00420,Loyal,5,3,5,28,3,198.95,2025-12-04,Organic / SEO
C04744,Loyal,4,3,5,74,3,198.43,2025-10-19,Email / Referral
C03214,Loyal,5,3,5,35,3,197.92000000000002,2025-11-27,Google Search
C04815,Loyal,3,3,5,308,3,197.72,2025-02-27,Google Search
C02230,Loyal,4,3,5,90,3,197.57,2025-10-03,Organic / SEO
C00859,Loyal,4,3,5,156,3,197.41000000000003,2025-07-29,Google Search
C02953,Loyal,4,3,5,85,3,195.12,2025-10-08,Meta Ads
C04614,Loyal,4,3,5,69,3,194.11,2025-10-24,Google Search
C05990,Loyal,4,3,5,158,3,194.01,2025-07-27,Organic / SEO
C05895,Loyal,4,3,5,96,3,193.87,2025-09-27,Google Search
C00783,Loyal,4,3,5,71,3,193.38,2025-10-22,Organic / SEO
C00498,Loyal,5,3,5,38,3,192.64,2025-11-24,Meta Ads
C01714,Loyal,5,3,5,17,3,192.53,2025-12-15,Google Search
C00478,Loyal,5,3,5,24,3,192.12,2025-12-08,Meta Ads
C02379,Loyal,3,3,5,268,3,190.94,2025-04-08,Meta Ads
C03040,Loyal,4,3,5,65,3,190.17,2025-10-28,Google Search
C02465,Loyal,4,3,5,60,3,190.0,2025-11-02,Organic / SEO
C00144,Loyal,4,3,5,174,3,189.91,2025-07-11,Organic / SEO
C04144,Loyal,5,3,5,41,3,189.74,2025-11-21,Google Search
C02020,Loyal,5,3,5,32,3,189.68,2025-11-30,Organic / SEO
C02531,Loyal,4,3,5,116,3,189.29000000000002,2025-09-07,Organic / SEO
C00017,Loyal,4,3,5,64,3,188.5,2025-10-29,Google Search
C05439,Loyal,5,3,5,6,3,188.45,2025-12-26,Email / Referral
C02253,Loyal,3,3,5,263,3,187.98,2025-04-13,Organic / SEO
C00794,Loyal,4,3,5,83,3,187.54000000000002,2025-10-10,Organic / SEO
C02306,Loyal,3,3,5,293,3,186.82,2025-03-14,Google Search
C05128,Loyal,4,3,5,86,3,186.45,2025-10-07,Google Search
C02903,Loyal,3,3,5,271,3,185.45,2025-04-05,Email / Referral
C03354,Loyal,3,3,5,205,3,185.44,2025-06-10,Organic / SEO
C04186,Loyal,5,3,5,44,3,185.16,2025-11-18,Google Search
C05484,Loyal,3,4,5,188,4,184.59,2025-06-27,Organic / SEO
C05916,Loyal,5,3,5,20,3,184.5,2025-12-12,Email / Referral
C00362,Loyal,4,3,5,123,3,183.87,2025-08-31,Organic / SEO
C02966,Loyal,3,3,5,221,3,183.57,2025-05-25,Google Search
C02984,Loyal,5,3,5,40,3,183.53,2025-11-22,Email / Referral
C01506,Loyal,3,3,5,216,3,183.22,2025-05-30,Organic / SEO
C05857,Loyal,5,3,5,42,3,182.8,2025-11-20,Google Search
C00128,Loyal,5,3,5,5,3,180.17,2025-12-27,Google Search
C05160,Loyal,4,3,5,70,3,179.66000000000003,2025-10-23,Google Search
C05984,Loyal,4,3,5,77,3,179.56,2025-10-16,Google Search
C04594,Loyal,3,4,5,268,4,179.17,2025-04-08,Meta Ads
C03958,Loyal,5,3,5,16,3,179.12,2025-12-16,Google Search
C04423,Loyal,4,3,5,68,3,178.88,2025-10-25,Meta Ads
C01927,Loyal,5,3,5,32,3,178.48,2025-11-30,Google Search
C02836,Loyal,4,3,5,107,3,178.47,2025-09-16,Google Search
C01749,Loyal,3,4,5,257,4,177.46,2025-04-19,Google Search
C05568,Loyal,4,3,5,88,3,177.39,2025-10-05,Organic / SEO
C04183,Loyal,5,3,5,32,3,177.3,2025-11-30,Google Search
C05146,Loyal,4,3,5,58,3,176.88,2025-11-04,Organic / SEO
C00155,Loyal,3,3,5,230,3,176.57,2025-05-16,Meta Ads
C00818,Loyal,3,3,5,211,3,175.95999999999998,2025-06-04,Google Search
C00113,Loyal,3,4,5,303,5,175.52,2025-03-04,Google Search
C00487,Loyal,5,3,5,37,3,175.48000000000002,2025-11-25,Google Search
C02480,Loyal,5,3,5,6,3,175.34,2025-12-26,Email / Referral
C01142,Loyal,4,3,5,78,3,174.94,2025-10-15,Organic / SEO
C02614,Loyal,5,3,5,31,3,174.64,2025-12-01,Google Search
C02740,Loyal,5,3,5,46,3,174.0,2025-11-16,Organic / SEO
C04088,Loyal,4,3,5,138,3,173.75,2025-08-16,Email / Referral
C04822,Loyal,4,3,5,156,3,172.98,2025-07-29,Google Search
C03089,Loyal,3,3,5,247,3,172.28,2025-04-29,Meta Ads
C05692,Loyal,4,3,5,172,3,171.65,2025-07-13,Organic / SEO
C00515,Loyal,4,3,5,120,3,170.88,2025-09-03,Google Search
C05933,Loyal,5,3,5,11,3,170.7,2025-12-21,Google Search
C03310,Loyal,3,4,5,237,4,170.09,2025-05-09,Organic / SEO
C05331,Loyal,5,3,5,34,3,169.99,2025-11-28,Organic / SEO
C02426,Loyal,4,3,5,82,3,169.76,2025-10-11,Organic / SEO
C03446,Loyal,5,3,5,47,3,169.24,2025-11-15,Google Search
C02581,Loyal,3,4,5,289,4,169.22,2025-03-18,Organic / SEO
C05583,Loyal,5,3,5,16,3,169.01,2025-12-16,Meta Ads
C04245,Loyal,4,3,5,68,3,168.18,2025-10-25,Meta Ads
C01073,Loyal,4,3,5,86,3,167.32,2025-10-07,Meta Ads
C04227,Loyal,3,3,5,178,3,167.06,2025-07-07,Organic / SEO
C03636,Loyal,5,3,5,14,3,166.63,2025-12-18,Google Search
C03140,Loyal,3,3,5,311,3,166.14999999999998,2025-02-24,Google Search
C02343,Loyal,4,3,5,131,3,165.96,2025-08-23,Organic / SEO
C03105,Loyal,5,3,5,27,3,165.92999999999998,2025-12-05,Organic / SEO
C04754,Loyal,4,3,5,77,3,165.77999999999997,2025-10-16,Google Search
C05238,Loyal,4,3,5,92,3,165.69,2025-10-01,Email / Referral
C01941,Loyal,4,3,5,107,3,164.95999999999998,2025-09-16,Google Search
C04108,Loyal,5,3,5,57,3,164.27,2025-11-05,Programmatic
C00195,Loyal,3,4,5,229,4,164.03,2025-05-17,Google Search
C04717,Loyal,4,3,5,118,3,163.94,2025-09-05,Meta Ads
C01137,Loyal,4,3,5,127,3,163.38,2025-08-27,Google Search
C03577,Loyal,5,3,5,46,3,163.32999999999998,2025-11-16,Google Search
C00416,Loyal,4,3,5,78,3,162.35000000000002,2025-10-15,Google Search
C05889,Loyal,5,3,5,34,3,162.28,2025-11-28,Email / Referral
C05193,Loyal,3,3,5,181,3,162.09,2025-07-04,Organic / SEO
C01401,Loyal,5,3,5,22,3,161.73,2025-12-10,Meta Ads
C04920,Loyal,3,4,5,221,5,161.32,2025-05-25,Google Search
C02942,Loyal,3,3,5,289,3,160.23000000000002,2025-03-18,Google Search
C05885,Loyal,5,3,5,22,3,159.27,2025-12-10,Meta Ads
C04626,Loyal,4,3,5,61,3,159.2,2025-11-01,Organic / SEO
C04849,Loyal,3,4,5,182,4,158.9,2025-07-03,Email / Referral
C01877,Loyal,3,3,5,226,3,158.12,2025-05-20,Organic / SEO
C04246,Loyal,3,3,5,239,3,157.86,2025-05-07,Email / Referral
C04756,Loyal,3,3,5,228,3,157.53,2025-05-18,Meta Ads
C04627,Loyal,5,3,5,31,3,156.86,2025-12-01,Google Search
C01513,Loyal,5,3,5,31,3,156.42000000000002,2025-12-01,Google Search
C00073,Loyal,5,3,5,31,3,156.21,2025-12-01,Google Search
C01805,Loyal,4,3,5,59,3,155.56,2025-11-03,Google Search
C04655,Loyal,5,3,5,17,3,154.43,2025-12-15,Meta Ads
C00971,Loyal,5,3,5,38,3,153.84,2025-11-24,Email / Referral
C04415,Loyal,3,3,5,265,3,153.58,2025-04-11,Meta Ads
C01847,Loyal,4,3,5,123,3,153.12,2025-08-31,Meta Ads
C00322,Loyal,4,3,5,81,3,152.11,2025-10-12,Meta Ads
C03622,Loyal,4,3,5,60,3,150.89000000000001,2025-11-02,Organic / SEO
C04324,Loyal,3,3,5,246,3,150.68,2025-04-30,Organic / SEO
C00530,Loyal,4,3,5,60,3,149.67000000000002,2025-11-02,Google Search
C02677,Loyal,4,3,5,146,3,149.44,2025-08-08,Email / Referral
C00760,Loyal,3,3,5,261,3,149.06,2025-04-15,Google Search
C04074,Loyal,5,3,5,17,3,149.05,2025-12-15,Email / Referral
C03069,Loyal,5,3,5,28,3,148.97,2025-12-04,Organic / SEO
C01995,Loyal,3,3,5,291,3,148.84,2025-03-16,Google Search
C00253,Loyal,5,3,5,39,3,148.15,2025-11-23,Meta Ads
C04739,Loyal,3,3,5,177,3,147.86,2025-07-08,Organic / SEO
C04482,Loyal,5,3,5,28,3,147.61,2025-12-04,Google Search
C02138,Loyal,4,3,5,78,3,145.51,2025-10-15,Google Search
C00081,Loyal,4,3,5,71,3,145.39,2025-10-22,Google Search
C01460,Loyal,5,3,5,26,3,144.65,2025-12-06,Organic / SEO
C01250,Loyal,5,3,5,25,3,144.34,2025-12-07,Organic / SEO
C01833,Loyal,5,3,5,42,3,142.95999999999998,2025-11-20,Google Search
C02025,Loyal,3,3,5,246,3,142.78,2025-04-30,Google Search
C01499,Loyal,5,3,5,43,3,142.56,2025-11-19,Organic / SEO
C02747,Loyal,4,3,5,137,3,141.28,2025-08-17,Unknown
C02683,Loyal,5,3,5,2,3,141.13,2025-12-30,Email / Referral
C05072,Loyal,3,3,5,181,3,140.99,2025-07-04,Google Search
C04876,Loyal,3,3,5,192,3,139.89,2025-06-23,Organic / SEO
C03232,Loyal,3,3,5,324,3,139.85,2025-02-11,Email / Referral
C00505,Loyal,5,3,5,22,3,139.84,2025-12-10,Email / Referral
C03637,Loyal,5,3,5,22,3,138.66,2025-12-10,Organic / SEO
C03984,Loyal,3,4,5,178,4,138.25,2025-07-07,Organic / SEO
C03408,Loyal,5,3,5,12,3,137.87,2025-12-20,Google Search
C01870,Loyal,5,3,5,7,3,137.73,2025-12-25,Organic / SEO
C05785,Loyal,3,3,5,313,3,137.06,2025-02-22,Organic / SEO
C01740,Loyal,5,3,5,48,3,135.32999999999998,2025-11-14,Meta Ads
C02029,Loyal,3,3,5,184,3,135.1,2025-07-01,Programmatic
C04586,Loyal,5,3,5,10,3,134.91,2025-12-22,Organic / SEO
C02975,Loyal,4,3,5,114,3,134.76,2025-09-09,Google Search
C04617,Loyal,4,3,5,143,3,133.0,2025-08-11,Meta Ads
C00669,Loyal,5,3,5,32,3,131.93,2025-11-30,Google Search
C04858,Loyal,5,3,5,6,3,131.79,2025-12-26,Organic / SEO
C02069,Loyal,4,3,5,119,3,131.07,2025-09-04,Google Search
C03254,Loyal,5,3,5,40,3,130.73000000000002,2025-11-22,Email / Referral
C05291,Loyal,5,3,5,9,3,130.26,2025-12-23,Email / Referral
C05682,Loyal,4,3,5,91,3,129.32,2025-10-02,Meta Ads
C03995,Loyal,5,3,5,54,3,128.55,2025-11-08,Meta Ads
C01800,Loyal,5,3,5,2,3,126.53999999999999,2025-12-30,Google Search
C01801,Loyal,5,3,5,58,3,126.21000000000001,2025-11-04,Google Search
C02588,Loyal,5,3,4,2,3,122.05,2025-12-30,Meta Ads
C00979,Loyal,3,3,4,199,3,121.56,2025-06-16,Email / Referral
C05069,Loyal,5,3,4,14,3,121.02,2025-12-18,Meta Ads
C04880,Loyal,4,3,4,96,3,120.50999999999999,2025-09-27,Email / Referral
C02261,Loyal,5,3,4,55,3,120.05000000000001,2025-11-07,Meta Ads
C01516,Loyal,5,3,4,14,3,119.66,2025-12-18,Meta Ads
C01218,Loyal,5,3,4,48,3,119.14,2025-11-14,Organic / SEO
C03626,Loyal,5,3,4,23,3,119.02000000000001,2025-12-09,Organic / SEO
C04725,Loyal,5,3,4,57,3,118.44,2025-11-05,Programmatic
C03864,Loyal,4,3,4,82,3,117.57,2025-10-11,Programmatic
C03346,Loyal,4,3,4,97,3,116.55000000000001,2025-09-26,Organic / SEO
C04089,Loyal,5,3,4,49,3,116.44999999999999,2025-11-13,Google Search
C05102,Loyal,3,3,4,257,3,115.52000000000001,2025-04-19,Google Search
C03489,Loyal,5,3,4,58,3,115.12,2025-11-04,Programmatic
C04860,Loyal,4,3,4,96,3,114.52000000000001,2025-09-27,Meta Ads
C01348,Loyal,4,3,4,125,3,114.42,2025-08-29,Meta Ads
C02394,Loyal,3,3,4,269,3,113.42,2025-04-07,Organic / SEO
C03692,Loyal,5,3,4,16,3,113.16999999999999,2025-12-16,Google Search
C00556,Loyal,4,3,4,153,3,112.1,2025-08-01,Meta Ads
C02597,Loyal,3,3,4,190,3,111.8,2025-06-25,Organic / SEO
C04981,Loyal,5,3,4,43,3,111.15,2025-11-19,Meta Ads
C05074,Loyal,5,3,4,19,3,111.09,2025-12-13,Meta Ads
C01387,Loyal,5,3,4,5,3,109.53,2025-12-27,Meta Ads
C05490,Loyal,4,3,4,76,3,108.16999999999999,2025-10-17,Organic / SEO
C03016,Loyal,4,3,4,90,3,106.62,2025-10-03,Email / Referral
C05883,Loyal,5,3,4,43,3,105.50999999999999,2025-11-19,Organic / SEO
C01823,Loyal,4,3,4,61,3,105.22,2025-11-01,Meta Ads
C02490,Loyal,5,3,4,55,3,105.12,2025-11-07,Organic / SEO
C04913,Loyal,3,3,4,207,3,103.24,2025-06-08,Organic / SEO
C00602,Loyal,5,3,4,7,3,102.9,2025-12-25,Google Search
C05634,Loyal,3,3,4,284,3,102.59,2025-03-23,Google Search
C02620,Loyal,5,3,4,15,3,101.46,2025-12-17,Organic / SEO
C00542,Loyal,5,3,4,10,3,101.35,2025-12-22,Google Search
C05245,Loyal,4,3,4,85,3,99.98,2025-10-08,Email / Referral
C00116,Loyal,5,3,4,57,3,99.23,2025-11-05,Email / Referral
C03471,Loyal,4,3,4,86,3,97.66,2025-10-07,Organic / SEO
C02552,Loyal,4,3,4,147,3,96.25999999999999,2025-08-07,Organic / SEO
C01878,Loyal,5,3,4,36,3,93.48,2025-11-26,Email / Referral
C01641,Loyal,5,3,4,6,3,91.7,2025-12-26,Google Search
C02587,Loyal,3,3,4,203,3,90.97,2025-06-12,Google Search
C05280,Loyal,5,3,4,44,3,90.42,2025-11-18,Meta Ads
C03947,Loyal,5,3,4,28,3,89.2,2025-12-04,Email / Referral
C02184,Loyal,4,3,4,157,3,88.57,2025-07-28,Google Search
C03696,Loyal,3,3,4,209,3,84.17,2025-06-06,Meta Ads
C00784,Loyal,3,3,3,213,3,78.65,2025-06-02,Google Search
C00353,Loyal,4,3,3,166,3,77.74000000000001,2025-07-19,Email / Referral
C01869,Loyal,4,3,3,130,3,75.14,2025-08-24,Organic / SEO
C04501,Loyal,3,3,3,309,3,74.06,2025-02-26,Meta Ads
C03912,Loyal,3,3,3,215,3,73.51,2025-05-31,Organic / SEO
C02852,Needs Attention,3,2,5,261,2,257.61,2025-04-15,Google Search
C04316,Needs Attention,3,2,5,210,2,256.55,2025-06-05,Email / Referral
C03329,Needs Attention,3,2,5,271,2,252.24,2025-04-05,Google Search
C01456,Needs Attention,3,2,5,262,2,224.3,2025-04-14,Meta Ads
C02533,Needs Attention,3,1,5,182,1,211.14,2025-07-03,Google Search
C00232,Needs Attention,3,2,5,240,2,210.05,2025-05-06,Meta Ads
C04507,Needs Attention,3,2,5,300,2,208.5,2025-03-07,Organic / SEO
C04718,Needs Attention,3,1,5,254,1,207.78,2025-04-22,Email / Referral
C02931,Needs Attention,3,2,5,245,2,202.06,2025-05-01,Organic / SEO
C04645,Needs Attention,3,2,5,201,2,200.82999999999998,2025-06-14,Organic / SEO
C00494,Needs Attention,3,2,5,254,2,199.84,2025-04-22,Google Search
C00559,Needs Attention,3,2,5,180,2,190.97,2025-07-05,Programmatic
C04046,Needs Attention,3,2,5,191,2,190.7,2025-06-24,Meta Ads
C04808,Needs Attention,3,2,5,194,2,190.7,2025-06-21,Google Search
C00959,Needs Attention,3,2,5,176,2,189.57999999999998,2025-07-09,Meta Ads
C01704,Needs Attention,3,2,5,208,2,187.77,2025-06-07,Organic / SEO
C02098,Needs Attention,3,2,5,247,2,186.43,2025-04-29,Meta Ads
C04506,Needs Attention,3,2,5,207,2,186.3,2025-06-08,Email / Referral
C05620,Needs Attention,3,2,5,316,2,185.19,2025-02-19,Google Search
C00558,Needs Attention,3,2,5,311,2,182.51,2025-02-24,Google Search
C00448,Needs Attention,3,2,5,192,2,177.1,2025-06-23,Meta Ads
C03273,Needs Attention,3,1,5,217,1,176.48,2025-05-29,Programmatic
C01631,Needs Attention,3,2,5,232,2,175.8,2025-05-14,Meta Ads
C05709,Needs Attention,3,2,5,279,2,175.12,2025-03-28,Meta Ads
C02607,Needs Attention,3,1,5,236,1,174.07,2025-05-10,Google Search
C00360,Needs Attention,3,2,5,205,2,173.85000000000002,2025-06-10,Meta Ads
C04926,Needs Attention,3,2,5,222,2,171.97,2025-05-24,Google Search
C03658,Needs Attention,3,2,5,289,2,171.29000000000002,2025-03-18,Google Search
C04757,Needs Attention,3,2,5,196,2,171.11,2025-06-19,Email / Referral
C02894,Needs Attention,3,2,5,197,2,170.47,2025-06-18,Google Search
C04458,Needs Attention,3,1,5,258,1,168.35,2025-04-18,Google Search
C01851,Needs Attention,3,2,5,285,2,168.03,2025-03-22,Meta Ads
C01838,Needs Attention,3,2,5,261,2,164.64,2025-04-15,Organic / SEO
C01216,Needs Attention,3,2,5,298,2,164.29000000000002,2025-03-09,Google Search
C05367,Needs Attention,3,2,5,258,2,163.96,2025-04-18,Google Search
C04424,Needs Attention,3,2,5,301,2,162.03,2025-03-06,Google Search
C02871,Needs Attention,3,1,5,231,1,161.76,2025-05-15,Meta Ads
C02019,Needs Attention,3,2,5,212,2,161.28,2025-06-03,Meta Ads
C03776,Needs Attention,3,2,5,227,2,160.92000000000002,2025-05-19,Google Search
C03640,Needs Attention,3,2,5,186,2,160.82,2025-06-29,Google Search
C02549,Needs Attention,3,2,5,252,2,160.65,2025-04-24,Organic / SEO
C04995,Needs Attention,3,2,5,247,2,159.3,2025-04-29,Email / Referral
C01969,Needs Attention,3,2,5,309,2,158.75,2025-02-26,Google Search
C02159,Needs Attention,3,2,5,265,2,158.09,2025-04-11,Google Search
C01776,Needs Attention,3,2,5,189,2,156.89,2025-06-26,Meta Ads
C04696,Needs Attention,3,1,5,197,1,156.78,2025-06-18,Google Search
C04620,Needs Attention,3,2,5,286,2,156.28,2025-03-21,Email / Referral
C04425,Needs Attention,3,1,5,252,1,154.18,2025-04-24,Organic / SEO
C00496,Needs Attention,3,1,5,284,1,151.56,2025-03-23,Google Search
C04762,Needs Attention,3,1,5,318,1,150.58,2025-02-17,Organic / SEO
C05948,Needs Attention,3,2,5,196,2,150.26999999999998,2025-06-19,Meta Ads
C00303,Needs Attention,3,2,5,213,2,149.51,2025-06-02,Meta Ads
C04141,Needs Attention,3,2,5,299,2,149.4,2025-03-08,Google Search
C04135,Needs Attention,3,1,5,314,1,148.17,2025-02-21,Organic / SEO
C01213,Needs Attention,3,2,5,202,2,148.12,2025-06-13,Organic / SEO
C04615,Needs Attention,3,2,5,273,2,147.74,2025-04-03,Organic / SEO
C01750,Needs Attention,3,2,5,228,2,147.14,2025-05-18,Email / Referral
C05805,Needs Attention,3,2,5,302,2,147.1,2025-03-05,Organic / SEO
C03183,Needs Attention,3,2,5,196,2,146.21,2025-06-19,Meta Ads
C01190,Needs Attention,3,2,5,200,2,145.8,2025-06-15,Organic / SEO
C04874,Needs Attention,3,2,5,186,2,145.3,2025-06-29,Google Search
C00576,Needs Attention,3,1,5,318,1,144.49,2025-02-17,Organic / SEO
C02524,Needs Attention,3,1,5,228,1,143.75,2025-05-18,Meta Ads
C01637,Needs Attention,3,2,5,194,2,143.39,2025-06-21,Meta Ads
C03095,Needs Attention,3,2,5,247,2,142.45,2025-04-29,Google Search
C02208,Needs Attention,3,2,5,323,2,142.04000000000002,2025-02-12,Meta Ads
C03464,Needs Attention,3,2,5,183,2,140.76,2025-07-02,Google Search
C00977,Needs Attention,3,2,5,284,2,139.66,2025-03-23,Email / Referral
C02590,Needs Attention,3,2,5,288,2,139.2,2025-03-19,Organic / SEO
C04682,Needs Attention,3,2,5,282,2,138.87,2025-03-25,Email / Referral
C01587,Needs Attention,3,2,5,256,2,138.25,2025-04-20,Google Search
C02956,Needs Attention,3,2,5,227,2,137.97,2025-05-19,Meta Ads
C02039,Needs Attention,3,2,5,218,2,137.44,2025-05-28,Google Search
C03245,Needs Attention,3,2,5,282,2,136.51,2025-03-25,Meta Ads
C00500,Needs Attention,3,2,5,288,2,135.26999999999998,2025-03-19,Organic / SEO
C05549,Needs Attention,3,1,5,196,1,135.13,2025-06-19,Google Search
C04165,Needs Attention,3,1,5,219,1,134.93,2025-05-27,Google Search
C01931,Needs Attention,3,1,5,215,1,134.31,2025-05-31,Google Search
C04670,Needs Attention,3,2,5,229,2,133.61,2025-05-17,Google Search
C05629,Needs Attention,3,2,5,245,2,133.0,2025-05-01,Meta Ads
C01725,Needs Attention,3,1,5,325,1,132.79,2025-02-10,Programmatic
C02913,Needs Attention,3,2,5,270,2,132.48,2025-04-06,Organic / SEO
C00379,Needs Attention,3,2,5,211,2,131.95,2025-06-04,Google Search
C02474,Needs Attention,3,1,5,306,1,131.89,2025-03-01,Google Search
C00394,Needs Attention,3,2,5,185,2,131.78,2025-06-30,Unknown
C04356,Needs Attention,3,1,5,181,1,131.74,2025-07-04,Organic / SEO
C00490,Needs Attention,3,1,5,272,1,131.66,2025-04-04,Programmatic
C05955,Needs Attention,3,2,5,197,2,130.94,2025-06-18,Email / Referral
C00984,Needs Attention,3,2,5,254,2,130.88,2025-04-22,Email / Referral
C03525,Needs Attention,3,2,5,310,2,128.16,2025-02-25,Google Search
C04970,Needs Attention,3,1,5,231,1,128.03,2025-05-15,Meta Ads
C00171,Needs Attention,3,2,5,184,2,127.52000000000001,2025-07-01,Programmatic
C03708,Needs Attention,3,1,5,196,1,127.5,2025-06-19,Unknown
C04476,Needs Attention,3,1,5,207,1,126.9,2025-06-08,Google Search
C04589,Needs Attention,3,2,5,215,2,126.28,2025-05-31,Google Search
C00969,Needs Attention,3,1,5,280,1,126.26,2025-03-27,Organic / SEO
C04643,Needs Attention,3,2,5,208,2,126.09,2025-06-07,Email / Referral
C04343,Needs Attention,3,2,5,205,2,125.74000000000001,2025-06-10,Google Search
C05844,Needs Attention,3,1,5,271,1,125.61,2025-04-05,Meta Ads
C01033,Needs Attention,3,2,5,301,2,125.12,2025-03-06,Google Search
C02380,Needs Attention,3,1,5,180,1,124.71,2025-07-05,Meta Ads
C05581,Needs Attention,3,1,4,177,1,124.66,2025-07-08,Meta Ads
C05192,Needs Attention,3,1,4,188,1,124.56,2025-06-27,Google Search
C00013,Needs Attention,3,1,4,215,1,123.06,2025-05-31,Google Search
C00274,Needs Attention,3,1,4,253,1,123.01,2025-04-23,Google Search
C05554,Needs Attention,3,2,4,301,2,122.93,2025-03-06,Google Search
C00674,Needs Attention,3,1,4,175,1,122.85,2025-07-10,Meta Ads
C00366,Needs Attention,3,2,4,256,2,122.79999999999998,2025-04-20,Meta Ads
C05797,Needs Attention,3,1,4,306,1,122.56,2025-03-01,Meta Ads
C05733,Needs Attention,3,1,4,189,1,122.11,2025-06-26,Programmatic
C00245,Needs Attention,3,1,4,242,1,122.09,2025-05-04,Google Search
C03364,Needs Attention,3,1,4,249,1,121.61,2025-04-27,Meta Ads
C04323,Needs Attention,3,1,4,233,1,121.32,2025-05-13,Google Search
C02575,Needs Attention,3,2,4,219,2,120.63,2025-05-27,Programmatic
C02231,Needs Attention,3,2,4,297,2,120.61,2025-03-10,Google Search
C02788,Needs Attention,3,2,4,288,2,120.45,2025-03-19,Organic / SEO
C00329,Needs Attention,3,2,4,191,2,120.11999999999999,2025-06-24,Meta Ads
C05624,Needs Attention,3,2,4,222,2,119.55000000000001,2025-05-24,Organic / SEO
C03409,Needs Attention,3,2,4,288,2,118.69,2025-03-19,Organic / SEO
C00612,Needs Attention,3,1,4,208,1,118.33,2025-06-07,Google Search
C02874,Needs Attention,3,2,4,251,2,118.32999999999998,2025-04-25,Email / Referral
C04752,Needs Attention,3,1,4,299,1,118.05,2025-03-08,Google Search
C01095,Needs Attention,3,2,4,255,2,116.69,2025-04-21,Organic / SEO
C02450,Needs Attention,3,2,4,188,2,116.48,2025-06-27,Email / Referral
C00433,Needs Attention,3,1,4,177,1,115.37,2025-07-08,Google Search
C04520,Needs Attention,3,2,4,190,2,115.32,2025-06-25,Programmatic
C02861,Needs Attention,3,2,4,302,2,114.36999999999999,2025-03-05,Google Search
C00819,Needs Attention,3,1,4,231,1,114.3,2025-05-15,Google Search
C02254,Needs Attention,3,2,4,253,2,114.21000000000001,2025-04-23,Email / Referral
C00154,Needs Attention,3,1,4,281,1,113.68,2025-03-26,Google Search
C05106,Needs Attention,3,2,4,180,2,113.66,2025-07-05,Google Search
C02481,Needs Attention,3,2,4,290,2,113.47999999999999,2025-03-17,Google Search
C03309,Needs Attention,3,1,4,247,1,113.21,2025-04-29,Meta Ads
C00400,Needs Attention,3,2,4,296,2,113.13,2025-03-11,Email / Referral
C01921,Needs Attention,3,2,4,307,2,112.74000000000001,2025-02-28,Organic / SEO
C05714,Needs Attention,3,1,4,185,1,112.06,2025-06-30,Meta Ads
C02675,Needs Attention,3,1,4,260,1,111.8,2025-04-16,Google Search
C04134,Needs Attention,3,2,4,270,2,111.75,2025-04-06,Email / Referral
C03931,Needs Attention,3,2,4,297,2,110.94,2025-03-10,Google Search
C04498,Needs Attention,3,2,4,245,2,110.82,2025-05-01,Organic / SEO
C04779,Needs Attention,3,2,4,243,2,110.74,2025-05-03,Organic / SEO
C01695,Needs Attention,3,1,4,191,1,110.53,2025-06-24,Google Search
C00282,Needs Attention,3,2,4,272,2,110.39,2025-04-04,Google Search
C03703,Needs Attention,3,1,4,266,1,109.87,2025-04-10,Programmatic
C04888,Needs Attention,3,2,4,175,2,109.81,2025-07-10,Email / Referral
C00680,Needs Attention,3,2,4,273,2,109.74,2025-04-03,Meta Ads
C02331,Needs Attention,3,2,4,232,2,109.41,2025-05-14,Google Search
C01316,Needs Attention,3,1,4,189,1,109.01,2025-06-26,Google Search
C04601,Needs Attention,3,1,4,230,1,108.88,2025-05-16,Organic / SEO
C00648,Needs Attention,3,1,4,310,1,108.63,2025-02-25,Google Search
C00121,Needs Attention,3,1,4,258,1,108.45,2025-04-18,Google Search
C01668,Needs Attention,3,2,4,238,2,108.36,2025-05-08,Meta Ads
C00260,Needs Attention,3,1,4,251,1,107.62,2025-04-25,Google Search
C05265,Needs Attention,3,2,4,286,2,107.36000000000001,2025-03-21,Google Search
C04393,Needs Attention,3,1,4,307,1,106.51,2025-02-28,Organic / SEO
C05322,Needs Attention,3,2,4,207,2,106.3,2025-06-08,Meta Ads
C01818,Needs Attention,3,2,4,218,2,105.9,2025-05-28,Organic / SEO
C02933,Needs Attention,3,1,4,274,1,105.89,2025-04-02,Google Search
C02532,Needs Attention,3,1,4,218,1,105.82,2025-05-28,Google Search
C04087,Needs Attention,3,2,4,268,2,105.75,2025-04-08,Organic / SEO
C00746,Needs Attention,3,2,4,297,2,104.86,2025-03-10,Google Search
C02271,Needs Attention,3,1,4,226,1,104.72,2025-05-20,Meta Ads
C03337,Needs Attention,3,2,4,273,2,104.38999999999999,2025-04-03,Meta Ads
C00114,Needs Attention,3,1,4,262,1,104.33,2025-04-14,Programmatic
C03664,Needs Attention,3,1,4,190,1,104.22,2025-06-25,Email / Referral
C03106,Needs Attention,3,1,4,192,1,104.21,2025-06-23,Organic / SEO
C01846,Needs Attention,3,1,4,227,1,103.63,2025-05-19,Google Search
C03826,Needs Attention,3,1,4,287,1,102.74,2025-03-20,Google Search
C02761,Needs Attention,3,1,4,209,1,102.62,2025-06-06,Organic / SEO
C03791,Needs Attention,3,2,4,280,2,102.6,2025-03-27,Google Search
C05861,Needs Attention,3,1,4,245,1,102.08,2025-05-01,Programmatic
C00203,Needs Attention,3,1,4,321,1,101.97,2025-02-14,Organic / SEO
C04239,Needs Attention,3,2,4,259,2,101.97,2025-04-17,Meta Ads
C01307,Needs Attention,3,1,4,249,1,101.9,2025-04-27,Google Search
C04503,Needs Attention,3,1,4,234,1,101.63,2025-05-12,Google Search
C05374,Needs Attention,3,1,4,249,1,101.6,2025-04-27,Programmatic
C00234,Needs Attention,3,1,4,250,1,101.47,2025-04-26,Google Search
C03131,Needs Attention,3,2,4,259,2,101.36,2025-04-17,Google Search
C05120,Needs Attention,3,1,4,317,1,100.77,2025-02-18,Organic / SEO
C02251,Needs Attention,3,1,4,296,1,100.7,2025-03-11,Meta Ads
C05194,Needs Attention,3,1,4,193,1,100.03,2025-06-22,Organic / SEO
C05727,Needs Attention,3,1,4,210,1,99.83,2025-06-05,Meta Ads
C01425,Needs Attention,3,2,4,252,2,99.66,2025-04-24,Organic / SEO
C01938,Needs Attention,3,1,4,244,1,99.55,2025-05-02,Google Search
C01140,Needs Attention,3,1,4,195,1,99.26,2025-06-20,Google Search
C02289,Needs Attention,3,2,4,262,2,98.94999999999999,2025-04-14,Meta Ads
C03146,Needs Attention,3,2,4,217,2,98.86,2025-05-29,Organic / SEO
C04478,Needs Attention,3,2,4,294,2,98.78,2025-03-13,Meta Ads
C00465,Needs Attention,3,1,4,263,1,98.68,2025-04-13,Organic / SEO
C02460,Needs Attention,3,2,4,222,2,98.57,2025-05-24,Organic / SEO
C02777,Needs Attention,3,1,4,212,1,98.53,2025-06-03,Meta Ads
C02519,Needs Attention,3,1,4,285,1,98.37,2025-03-22,Organic / SEO
C00129,Needs Attention,3,2,4,270,2,98.16,2025-04-06,Meta Ads
C02759,Needs Attention,3,1,4,194,1,98.08,2025-06-21,Meta Ads
C04581,Needs Attention,3,1,4,191,1,97.83,2025-06-24,Email / Referral
C02492,Needs Attention,3,2,4,258,2,97.77000000000001,2025-04-18,Programmatic
C03552,Needs Attention,3,2,4,252,2,97.76,2025-04-24,Google Search
C01741,Needs Attention,3,2,4,193,2,97.28,2025-06-22,Meta Ads
C05566,Needs Attention,3,2,4,225,2,97.05,2025-05-21,Meta Ads
C03896,Needs Attention,3,1,4,232,1,97.0,2025-05-14,Email / Referral
C02732,Needs Attention,3,2,4,282,2,96.74000000000001,2025-03-25,Meta Ads
C04534,Needs Attention,3,2,4,323,2,96.74000000000001,2025-02-12,Organic / SEO
C03225,Needs Attention,3,2,4,217,2,96.74,2025-05-29,Google Search
C01710,Needs Attention,3,2,4,243,2,96.66,2025-05-03,Organic / SEO
C03588,Needs Attention,3,2,4,301,2,96.33000000000001,2025-03-06,Meta Ads
C04764,Needs Attention,3,1,4,316,1,96.3,2025-02-19,Email / Referral
C04016,Needs Attention,3,1,4,285,1,96.16,2025-03-22,Google Search
C05180,Needs Attention,3,1,4,300,1,96.15,2025-03-07,Organic / SEO
C00611,Needs Attention,3,1,4,281,1,94.97,2025-03-26,Organic / SEO
C05025,Needs Attention,3,2,4,215,2,94.9,2025-05-31,Google Search
C03956,Needs Attention,3,1,4,252,1,94.77,2025-04-24,Meta Ads
C00438,Needs Attention,3,1,4,318,1,94.67,2025-02-17,Meta Ads
C03629,Needs Attention,3,1,4,216,1,94.64,2025-05-30,Programmatic
C05063,Needs Attention,3,2,4,300,2,94.39,2025-03-07,Google Search
C02945,Needs Attention,3,2,4,275,2,94.28,2025-04-01,Email / Referral
C02786,Needs Attention,3,1,4,181,1,94.24,2025-07-04,Google Search
C05034,Needs Attention,3,1,4,302,1,93.88,2025-03-05,Meta Ads
C04036,Needs Attention,3,2,4,313,2,93.83,2025-02-22,Programmatic
C01207,Needs Attention,3,1,4,246,1,93.58,2025-04-30,Meta Ads
C03542,Needs Attention,3,1,4,288,1,93.02,2025-03-19,Programmatic
C00924,Needs Attention,3,1,4,289,1,92.75,2025-03-18,Meta Ads
C01347,Needs Attention,3,2,4,307,2,92.7,2025-02-28,Meta Ads
C05925,Needs Attention,3,1,4,275,1,92.41,2025-04-01,Google Search
C04218,Needs Attention,3,2,4,318,2,92.23,2025-02-17,Google Search
C04097,Needs Attention,3,2,4,193,2,92.22,2025-06-22,Google Search
C02879,Needs Attention,3,1,4,299,1,91.85,2025-03-08,Google Search
C00659,Needs Attention,3,1,4,254,1,91.55,2025-04-22,Email / Referral
C01292,Needs Attention,3,1,4,204,1,91.55,2025-06-11,Google Search
C01671,Needs Attention,3,2,4,278,2,91.48,2025-03-29,Programmatic
C03677,Needs Attention,3,2,4,290,2,91.4,2025-03-17,Organic / SEO
C05058,Needs Attention,3,1,4,284,1,91.38,2025-03-23,Google Search
C04898,Needs Attention,3,2,4,230,2,91.16,2025-05-16,Email / Referral
C04777,Needs Attention,3,2,4,307,2,91.08,2025-02-28,Programmatic
C02862,Needs Attention,3,1,4,302,1,90.92,2025-03-05,Meta Ads
C02293,Needs Attention,3,1,4,239,1,90.85,2025-05-07,Meta Ads
C04491,Needs Attention,3,1,4,302,1,90.85,2025-03-05,Google Search
C01893,Needs Attention,3,1,4,281,1,90.51,2025-03-26,Google Search
C02502,Needs Attention,3,1,4,187,1,90.43,2025-06-28,Email / Referral
C02206,Needs Attention,3,1,4,256,1,90.3,2025-04-20,Meta Ads
C05802,Needs Attention,3,1,4,243,1,90.16,2025-05-03,Meta Ads
C00736,Needs Attention,3,1,4,177,1,89.97,2025-07-08,Programmatic
C04545,Needs Attention,3,2,4,211,2,89.68,2025-06-04,Google Search
C02114,Needs Attention,3,1,4,237,1,89.64,2025-05-09,Organic / SEO
C03231,Needs Attention,3,2,4,219,2,89.53999999999999,2025-05-27,Google Search
C01585,Needs Attention,3,1,4,242,1,89.14,2025-05-04,Organic / SEO
C03302,Needs Attention,3,2,4,218,2,89.1,2025-05-28,Meta Ads
C05313,Needs Attention,3,2,4,283,2,88.84,2025-03-24,Organic / SEO
C04265,Needs Attention,3,1,4,185,1,88.8,2025-06-30,Meta Ads
C05533,Needs Attention,3,1,4,307,1,88.7,2025-02-28,Google Search
C00675,Needs Attention,3,1,4,250,1,88.54,2025-04-26,Organic / SEO
C01865,Needs Attention,3,2,4,200,2,88.48,2025-06-15,Organic / SEO
C04729,Needs Attention,3,1,4,243,1,88.47,2025-05-03,Email / Referral
C05752,Needs Attention,3,2,4,255,2,88.21,2025-04-21,Google Search
C00467,Needs Attention,3,1,4,211,1,88.13,2025-06-04,Google Search
C01633,Needs Attention,3,1,4,216,1,88.07,2025-05-30,Programmatic
C00090,Needs Attention,3,1,4,320,1,87.97,2025-02-15,Organic / SEO
C00126,Needs Attention,3,1,4,326,1,87.89,2025-02-09,Meta Ads
C02643,Needs Attention,3,1,4,265,1,87.86,2025-04-11,Google Search
C03485,Needs Attention,3,1,4,175,1,87.84,2025-07-10,Organic / SEO
C04906,Needs Attention,3,1,4,267,1,87.83,2025-04-09,Google Search
C01622,Needs Attention,3,1,4,307,1,87.72,2025-02-28,Organic / SEO
C05647,Needs Attention,3,2,4,198,2,87.62,2025-06-17,Organic / SEO
C05821,Needs Attention,3,1,4,178,1,87.59,2025-07-07,Email / Referral
C04638,Needs Attention,3,1,4,183,1,87.32,2025-07-02,Programmatic
C05340,Needs Attention,3,2,4,246,2,86.85,2025-04-30,Google Search
C02827,Needs Attention,3,2,4,246,2,86.77,2025-04-30,Organic / SEO
C04353,Needs Attention,3,1,4,206,1,86.76,2025-06-09,Organic / SEO
C02728,Needs Attention,3,2,4,286,2,86.61,2025-03-21,Meta Ads
C02977,Needs Attention,3,1,4,208,1,86.61,2025-06-07,Google Search
C03808,Needs Attention,3,1,4,225,1,86.55,2025-05-21,Google Search
C02155,Needs Attention,3,1,4,245,1,86.47,2025-05-01,Organic / SEO
C03325,Needs Attention,3,1,4,244,1,86.07,2025-05-02,Meta Ads
C02414,Needs Attention,3,1,4,293,1,85.98,2025-03-14,Google Search
C01932,Needs Attention,3,1,4,239,1,85.76,2025-05-07,Organic / SEO
C02048,Needs Attention,3,1,4,286,1,85.75,2025-03-21,Programmatic
C05965,Needs Attention,3,1,4,179,1,85.47,2025-07-06,Google Search
C02924,Needs Attention,3,1,4,194,1,85.39,2025-06-21,Meta Ads
C01077,Needs Attention,3,1,4,288,1,85.27,2025-03-19,Google Search
C05774,Needs Attention,3,1,4,301,1,85.12,2025-03-06,Organic / SEO
C05002,Needs Attention,3,1,4,202,1,85.02,2025-06-13,Google Search
C04870,Needs Attention,3,1,4,221,1,85.01,2025-05-25,Programmatic
C05337,Needs Attention,3,1,4,179,1,84.58,2025-07-06,Google Search
C01064,Needs Attention,3,1,4,228,1,84.57,2025-05-18,Google Search
C00244,Needs Attention,3,1,4,298,1,84.46,2025-03-09,Email / Referral
C05294,Needs Attention,3,1,4,198,1,84.43,2025-06-17,Organic / SEO
C01853,Needs Attention,3,1,4,321,1,84.34,2025-02-14,Organic / SEO
C03830,Needs Attention,3,1,4,229,1,83.98,2025-05-17,Meta Ads
C02085,Needs Attention,3,1,4,193,1,83.81,2025-06-22,Google Search
C05334,Needs Attention,3,2,4,275,2,83.78999999999999,2025-04-01,Meta Ads
C01269,Needs Attention,3,2,4,235,2,83.52000000000001,2025-05-11,Programmatic
C04455,Needs Attention,3,1,4,300,1,83.45,2025-03-07,Meta Ads
C00088,Needs Attention,3,2,4,258,2,83.42,2025-04-18,Google Search
C05262,Needs Attention,3,1,4,258,1,83.36,2025-04-18,Programmatic
C00391,Needs Attention,3,1,4,220,1,83.32,2025-05-26,Google Search
C02188,Needs Attention,3,1,4,258,1,83.27,2025-04-18,Unknown
C00840,Needs Attention,3,1,4,310,1,83.05,2025-02-25,Programmatic
C00929,Needs Attention,3,1,4,258,1,82.94,2025-04-18,Meta Ads
C05606,Needs Attention,3,1,4,279,1,82.89,2025-03-28,Google Search
C03098,Needs Attention,3,2,4,294,2,82.88,2025-03-13,Meta Ads
C02569,Needs Attention,3,1,4,207,1,82.77,2025-06-08,Organic / SEO
C05349,Needs Attention,3,1,4,199,1,82.59,2025-06-16,Meta Ads
C01031,Needs Attention,3,1,4,275,1,82.41,2025-04-01,Google Search
C05401,Needs Attention,3,1,4,188,1,82.35,2025-06-27,Email / Referral
C00882,Needs Attention,3,1,4,245,1,82.3,2025-05-01,Organic / SEO
C05426,Needs Attention,3,1,4,214,1,82.19,2025-06-01,Organic / SEO
C03193,Needs Attention,3,1,4,281,1,82.11,2025-03-26,Meta Ads
C03811,Needs Attention,3,1,4,270,1,82.08,2025-04-06,Meta Ads
C02837,Needs Attention,3,1,4,211,1,82.01,2025-06-04,Organic / SEO
C05756,Needs Attention,3,1,4,240,1,81.45,2025-05-06,Organic / SEO
C04217,Needs Attention,3,1,4,190,1,81.42,2025-06-25,Organic / SEO
C02256,Needs Attention,3,1,4,305,1,81.23,2025-03-02,Google Search
C00946,Needs Attention,3,2,4,294,2,81.19,2025-03-13,Email / Referral
C05035,Needs Attention,3,1,4,236,1,81.15,2025-05-10,Programmatic
C04375,Needs Attention,3,1,4,254,1,81.13,2025-04-22,Organic / SEO
C05452,Needs Attention,3,1,4,265,1,80.93,2025-04-11,Programmatic
C00685,Needs Attention,3,1,4,222,1,80.86,2025-05-24,Google Search
C00183,Needs Attention,3,1,4,307,1,80.53,2025-02-28,Email / Referral
C03357,Needs Attention,3,1,4,276,1,80.47,2025-03-31,Programmatic
C04326,Needs Attention,3,2,4,256,2,80.42999999999999,2025-04-20,Google Search
C03491,Needs Attention,3,1,4,255,1,80.41,2025-04-21,Meta Ads
C05017,Needs Attention,3,1,4,316,1,80.38,2025-02-19,Meta Ads
C04468,Needs Attention,3,1,4,205,1,80.36,2025-06-10,Google Search
C03233,Needs Attention,3,1,4,307,1,80.27,2025-02-28,Organic / SEO
C00960,Needs Attention,3,1,4,299,1,79.97,2025-03-08,Programmatic
C03603,Needs Attention,3,1,4,320,1,79.85,2025-02-15,Organic / SEO
C01321,Needs Attention,3,1,4,324,1,79.84,2025-02-11,Google Search
C01573,Needs Attention,3,1,4,282,1,79.75,2025-03-25,Google Search
C00839,Needs Attention,3,2,3,204,2,79.55,2025-06-11,Programmatic
C02627,Needs Attention,3,2,3,226,2,79.44,2025-05-20,Meta Ads
C05595,Needs Attention,3,1,3,269,1,79.16,2025-04-07,Meta Ads
C03507,Needs Attention,3,1,3,324,1,79.06,2025-02-11,Organic / SEO
C00951,Needs Attention,3,1,3,298,1,78.9,2025-03-09,Organic / SEO
C03487,Needs Attention,3,1,3,192,1,78.74,2025-06-23,Organic / SEO
C00755,Needs Attention,3,1,3,187,1,78.69,2025-06-28,Meta Ads
C01751,Needs Attention,3,2,3,210,2,78.66,2025-06-05,Programmatic
C00004,Needs Attention,3,1,3,177,1,78.55,2025-07-08,Google Search
C01202,Needs Attention,3,1,3,283,1,78.4,2025-03-24,Meta Ads
C01842,Needs Attention,3,1,3,269,1,78.34,2025-04-07,Google Search
C01449,Needs Attention,3,2,3,220,2,78.03,2025-05-26,Meta Ads
C03175,Needs Attention,3,1,3,191,1,78.01,2025-06-24,Programmatic
C01432,Needs Attention,3,1,3,238,1,77.93,2025-05-08,Organic / SEO
C01293,Needs Attention,3,1,3,280,1,77.82,2025-03-27,Email / Referral
C05675,Needs Attention,3,1,3,309,1,77.66,2025-02-26,Google Search
C00564,Needs Attention,3,1,3,220,1,77.56,2025-05-26,Programmatic
C04606,Needs Attention,3,2,3,248,2,77.56,2025-04-28,Google Search
C04780,Needs Attention,3,2,3,182,2,77.54,2025-07-03,Meta Ads
C05290,Needs Attention,3,1,3,241,1,77.5,2025-05-05,Google Search
C01618,Needs Attention,3,1,3,268,1,77.48,2025-04-08,Organic / SEO
C03212,Needs Attention,3,1,3,175,1,77.43,2025-07-10,Meta Ads
C02407,Needs Attention,3,1,3,279,1,77.38,2025-03-28,Google Search
C03313,Needs Attention,3,1,3,287,1,77.35,2025-03-20,Google Search
C02309,Needs Attention,3,1,3,238,1,77.26,2025-05-08,Meta Ads
C00048,Needs Attention,3,2,3,233,2,77.25999999999999,2025-05-13,Google Search
C00212,Needs Attention,3,1,3,261,1,77.17,2025-04-15,Organic / SEO
C02536,Needs Attention,3,1,3,257,1,76.88,2025-04-19,Google Search
C05804,Needs Attention,3,1,3,273,1,76.7,2025-04-03,Organic / SEO
C02170,Needs Attention,3,1,3,319,1,76.65,2025-02-16,Meta Ads
C05645,Needs Attention,3,1,3,230,1,76.51,2025-05-16,Organic / SEO
C04771,Needs Attention,3,1,3,215,1,76.35,2025-05-31,Google Search
C04161,Needs Attention,3,1,3,303,1,76.3,2025-03-04,Google Search
C01797,Needs Attention,3,1,3,270,1,76.12,2025-04-06,Google Search
C03844,Needs Attention,3,1,3,241,1,76.09,2025-05-05,Organic / SEO
C04034,Needs Attention,3,1,3,286,1,75.92,2025-03-21,Google Search
C03980,Needs Attention,3,1,3,209,1,75.91,2025-06-06,Google Search
C01775,Needs Attention,3,1,3,219,1,75.64,2025-05-27,Organic / SEO
C03678,Needs Attention,3,1,3,268,1,75.64,2025-04-08,Organic / SEO
C02760,Needs Attention,3,1,3,302,1,75.42,2025-03-05,Google Search
C05354,Needs Attention,3,1,3,210,1,75.26,2025-06-05,Google Search
C05614,Needs Attention,3,1,3,209,1,75.15,2025-06-06,Email / Referral
C04137,Needs Attention,3,1,3,319,1,74.47,2025-02-16,Organic / SEO
C01961,Needs Attention,3,1,3,236,1,74.45,2025-05-10,Google Search
C00466,Needs Attention,3,1,3,176,1,74.41,2025-07-09,Programmatic
C04378,Needs Attention,3,2,3,302,2,74.30000000000001,2025-03-05,Google Search
C01687,Needs Attention,3,1,3,319,1,74.24,2025-02-16,Meta Ads
C01406,Needs Attention,3,2,3,223,2,74.21000000000001,2025-05-23,Google Search
C04848,Needs Attention,3,1,3,206,1,74.16,2025-06-09,Google Search
C00524,Needs Attention,3,2,3,186,2,74.08,2025-06-29,Google Search
C04368,Needs Attention,3,1,3,255,1,73.92,2025-04-21,Meta Ads
C00450,Needs Attention,3,2,3,184,2,73.85,2025-07-01,Email / Referral
C01025,Needs Attention,3,1,3,204,1,73.81,2025-06-11,Google Search
C03108,Needs Attention,3,1,3,213,1,73.81,2025-06-02,Meta Ads
C04390,Needs Attention,3,1,3,260,1,73.55,2025-04-16,Google Search
C04828,Needs Attention,3,2,3,253,2,73.47999999999999,2025-04-23,Meta Ads
C00594,Needs Attention,3,1,3,248,1,73.38,2025-04-28,Email / Referral
C03055,Needs Attention,3,1,3,236,1,73.24,2025-05-10,Email / Referral
C03423,Needs Attention,3,1,3,204,1,73.22,2025-06-11,Organic / SEO
C05745,Needs Attention,3,1,3,189,1,73.22,2025-06-26,Meta Ads
C02676,Needs Attention,3,1,3,320,1,73.21,2025-02-15,Organic / SEO
C02634,Needs Attention,3,1,3,225,1,73.2,2025-05-21,Organic / SEO
C02702,Needs Attention,3,1,3,296,1,73.18,2025-03-11,Meta Ads
C00570,Needs Attention,3,1,3,291,1,73.03,2025-03-16,Programmatic
C02437,Needs Attention,3,1,3,256,1,72.68,2025-04-20,Meta Ads
C00328,Needs Attention,3,1,3,296,1,72.67,2025-03-11,Organic / SEO
C02067,Needs Attention,3,1,3,319,1,72.64,2025-02-16,Google Search
C00063,Needs Attention,3,1,3,272,1,72.49,2025-04-04,Google Search
C00581,Needs Attention,3,1,3,322,1,72.46,2025-02-13,Email / Referral
C05799,Needs Attention,3,1,3,204,1,72.33,2025-06-11,Google Search
C02846,Needs Attention,3,1,3,256,1,72.31,2025-04-20,Organic / SEO
C00336,Needs Attention,3,1,3,236,1,72.26,2025-05-10,Meta Ads
C01603,Needs Attention,3,1,3,191,1,72.23,2025-06-24,Meta Ads
C05737,Needs Attention,3,1,3,237,1,72.21,2025-05-09,Email / Referral
C02484,Needs Attention,3,2,3,233,2,72.03999999999999,2025-05-13,Organic / SEO
C01092,Needs Attention,3,1,3,214,1,72.0,2025-06-01,Organic / SEO
C04078,Needs Attention,3,1,3,266,1,71.94,2025-04-10,Google Search
C04569,Needs Attention,3,2,3,187,2,71.62,2025-06-28,Meta Ads
C00880,Needs Attention,3,1,3,261,1,71.49,2025-04-15,Unknown
C02409,Needs Attention,3,2,3,300,2,71.02000000000001,2025-03-07,Programmatic
C03744,Needs Attention,3,1,3,313,1,70.94,2025-02-22,Organic / SEO
C00690,Needs Attention,3,1,3,290,1,70.92,2025-03-17,Meta Ads
C02303,Needs Attention,3,2,3,282,2,70.78,2025-03-25,Google Search
C05827,Needs Attention,3,1,3,185,1,70.65,2025-06-30,Meta Ads
C01746,Needs Attention,3,1,3,221,1,70.39,2025-05-25,Organic / SEO
C03967,Needs Attention,3,1,3,323,1,70.35,2025-02-12,Meta Ads
C02717,Needs Attention,3,1,3,319,1,70.05,2025-02-16,Google Search
C01017,Needs Attention,3,1,3,191,1,69.95,2025-06-24,Meta Ads
C01634,Needs Attention,3,1,3,182,1,69.83,2025-07-03,Organic / SEO
C04820,Needs Attention,3,1,3,282,1,69.71,2025-03-25,Meta Ads
C04298,Needs Attention,3,1,3,255,1,69.7,2025-04-21,Meta Ads
C04190,Needs Attention,3,1,3,326,1,69.59,2025-02-09,Google Search
C04310,Needs Attention,3,1,3,227,1,69.56,2025-05-19,Google Search
C02076,Needs Attention,3,1,3,298,1,69.36,2025-03-09,Meta Ads
C01572,Needs Attention,3,1,3,270,1,69.33,2025-04-06,Programmatic
C03494,Needs Attention,3,1,3,239,1,69.23,2025-05-07,Organic / SEO
C03933,Needs Attention,3,1,3,313,1,69.23,2025-02-22,Meta Ads
C05504,Needs Attention,3,1,3,228,1,69.0,2025-05-18,Organic / SEO
C01446,Needs Attention,3,1,3,270,1,68.95,2025-04-06,Organic / SEO
C02268,Needs Attention,3,1,3,315,1,68.9,2025-02-20,Google Search
C01483,Needs Attention,3,1,3,252,1,68.84,2025-04-24,Organic / SEO
C01201,Needs Attention,3,1,3,271,1,68.83,2025-04-05,Meta Ads
C04196,Needs Attention,3,1,3,307,1,68.82,2025-02-28,Programmatic
C04761,Needs Attention,3,1,3,320,1,68.81,2025-02-15,Google Search
C03767,Needs Attention,3,2,3,213,2,68.74,2025-06-02,Google Search
C01533,Needs Attention,3,1,3,283,1,68.69,2025-03-24,Meta Ads
C02778,Needs Attention,3,1,3,311,1,68.63,2025-02-24,Email / Referral
C03293,Needs Attention,3,1,3,262,1,68.62,2025-04-14,Organic / SEO
C03278,Needs Attention,3,1,3,296,1,68.58,2025-03-11,Google Search
C04613,Needs Attention,3,1,3,193,1,68.58,2025-06-22,Programmatic
C04290,Needs Attention,3,1,3,243,1,68.41,2025-05-03,Google Search
C02927,Needs Attention,3,1,3,187,1,68.29,2025-06-28,Organic / SEO
C03114,Needs Attention,3,1,3,206,1,68.21,2025-06-09,Meta Ads
C03935,Needs Attention,3,1,3,323,1,68.19,2025-02-12,Unknown
C02016,Needs Attention,3,1,3,305,1,68.15,2025-03-02,Google Search
C00489,Needs Attention,3,1,3,267,1,68.08,2025-04-09,Google Search
C00582,Needs Attention,3,1,3,297,1,68.05,2025-03-10,Organic / SEO
C02928,Needs Attention,3,1,3,255,1,67.96,2025-04-21,Programmatic
C03314,Needs Attention,3,1,3,235,1,67.94,2025-05-11,Organic / SEO
C02004,Needs Attention,3,1,3,210,1,67.82,2025-06-05,Google Search
C02021,Needs Attention,3,1,3,210,1,67.8,2025-06-05,Google Search
C04363,Needs Attention,3,1,3,204,1,67.73,2025-06-11,Google Search
C00102,Needs Attention,3,1,3,176,1,67.67,2025-07-09,Google Search
C04748,Needs Attention,3,1,3,234,1,67.61,2025-05-12,Email / Referral
C03024,Needs Attention,3,1,3,268,1,67.56,2025-04-08,Meta Ads
C01333,Needs Attention,3,1,3,294,1,67.37,2025-03-13,Meta Ads
C02635,Needs Attention,3,1,3,305,1,67.37,2025-03-02,Google Search
C03007,Needs Attention,3,1,3,254,1,67.34,2025-04-22,Google Search
C04813,Needs Attention,3,1,3,315,1,67.27,2025-02-20,Meta Ads
C03078,Needs Attention,3,1,3,239,1,67.26,2025-05-07,Organic / SEO
C02738,Needs Attention,3,1,3,299,1,67.07,2025-03-08,Meta Ads
C03417,Needs Attention,3,1,3,232,1,67.06,2025-05-14,Meta Ads
C00393,Needs Attention,3,1,3,255,1,67.01,2025-04-21,Meta Ads
C00040,Needs Attention,3,1,3,197,1,66.92,2025-06-18,Meta Ads
C03262,Needs Attention,3,1,3,178,1,66.89,2025-07-07,Google Search
C03290,Needs Attention,3,1,3,296,1,66.85,2025-03-11,Google Search
C02710,Needs Attention,3,1,3,216,1,66.84,2025-05-30,Meta Ads
C00790,Needs Attention,3,1,3,246,1,66.76,2025-04-30,Email / Referral
C01363,Needs Attention,3,1,3,233,1,66.76,2025-05-13,Programmatic
C00890,Needs Attention,3,1,3,186,1,66.7,2025-06-29,Organic / SEO
C05353,Needs Attention,3,1,3,205,1,66.48,2025-06-10,Google Search
C01051,Needs Attention,3,1,3,198,1,66.34,2025-06-17,Programmatic
C03734,Needs Attention,3,1,3,262,1,66.34,2025-04-14,Google Search
C04240,Needs Attention,3,1,3,207,1,66.32,2025-06-08,Meta Ads
C02509,Needs Attention,3,1,3,297,1,66.29,2025-03-10,Programmatic
C02868,Needs Attention,3,1,3,278,1,66.29,2025-03-29,Meta Ads
C01168,Needs Attention,3,1,3,292,1,66.27,2025-03-15,Google Search
C01848,Needs Attention,3,1,3,217,1,66.22,2025-05-29,Google Search
C05653,Needs Attention,3,1,3,253,1,66.04,2025-04-23,Organic / SEO
C01799,Needs Attention,3,1,3,280,1,65.97,2025-03-27,Meta Ads
C01254,Needs Attention,3,1,3,233,1,65.85,2025-05-13,Organic / SEO
C01696,Needs Attention,3,1,3,304,1,65.8,2025-03-03,Organic / SEO
C03129,Needs Attention,3,1,3,183,1,65.77,2025-07-02,Google Search
C02749,Needs Attention,3,1,3,323,1,65.6,2025-02-12,Email / Referral
C04833,Needs Attention,3,1,3,188,1,65.55,2025-06-27,Meta Ads
C02435,Needs Attention,3,1,3,177,1,65.46,2025-07-08,Email / Referral
C03367,Needs Attention,3,1,3,180,1,65.45,2025-07-05,Organic / SEO
C00015,Needs Attention,3,1,3,320,1,65.43,2025-02-15,Google Search
C02510,Needs Attention,3,1,3,216,1,65.14,2025-05-30,Programmatic
C01771,Needs Attention,3,1,3,261,1,65.11,2025-04-15,Google Search
C05096,Needs Attention,3,1,3,279,1,64.99,2025-03-28,Email / Referral
C05433,Needs Attention,3,1,3,205,1,64.99,2025-06-10,Organic / SEO
C01824,Needs Attention,3,1,3,245,1,64.96,2025-05-01,Google Search
C05357,Needs Attention,3,1,3,250,1,64.9,2025-04-26,Meta Ads
C02391,Needs Attention,3,1,3,252,1,64.78,2025-04-24,Organic / SEO
C02451,Needs Attention,3,1,3,205,1,64.68,2025-06-10,Programmatic
C05405,Needs Attention,3,1,3,281,1,64.49,2025-03-26,Organic / SEO
C04811,Needs Attention,3,1,3,308,1,64.44,2025-02-27,Meta Ads
C01562,Needs Attention,3,1,3,237,1,64.34,2025-05-09,Google Search
C02429,Needs Attention,3,1,3,224,1,64.33,2025-05-22,Programmatic
C02545,Needs Attention,3,1,3,300,1,64.29,2025-03-07,Meta Ads
C01988,Needs Attention,3,1,3,180,1,64.23,2025-07-05,Programmatic
C02469,Needs Attention,3,1,3,253,1,64.08,2025-04-23,Meta Ads
C05545,Needs Attention,3,1,3,283,1,64.01,2025-03-24,Meta Ads
C00600,Needs Attention,3,1,3,232,1,64.0,2025-05-14,Meta Ads
C00566,Needs Attention,3,1,3,196,1,63.94,2025-06-19,Organic / SEO
C01466,Needs Attention,3,1,3,194,1,63.93,2025-06-21,Google Search
C01724,Needs Attention,3,1,3,273,1,63.92,2025-04-03,Meta Ads
C00504,Needs Attention,3,1,3,318,1,63.89,2025-02-17,Programmatic
C05542,Needs Attention,3,1,3,284,1,63.88,2025-03-23,Google Search
C05942,Needs Attention,3,1,3,251,1,63.84,2025-04-25,Meta Ads
C03858,Needs Attention,3,2,3,206,2,63.81,2025-06-09,Organic / SEO
C03893,Needs Attention,3,1,3,309,1,63.81,2025-02-26,Google Search
C02464,Needs Attention,3,1,3,252,1,63.79,2025-04-24,Email / Referral
C03029,Needs Attention,3,1,3,245,1,63.63,2025-05-01,Google Search
C04362,Needs Attention,3,1,3,290,1,63.6,2025-03-17,Meta Ads
C00637,Needs Attention,3,1,3,193,1,63.41,2025-06-22,Google Search
C02799,Needs Attention,3,1,3,190,1,63.35,2025-06-25,Google Search
C01485,Needs Attention,3,1,3,220,1,63.34,2025-05-26,Google Search
C01399,Needs Attention,3,1,3,271,1,63.25,2025-04-05,Programmatic
C01500,Needs Attention,3,1,3,202,1,63.07,2025-06-13,Google Search
C01820,Needs Attention,3,2,3,217,2,63.0,2025-05-29,Meta Ads
C03894,Needs Attention,3,1,3,304,1,62.93,2025-03-03,Programmatic
C03252,Needs Attention,3,1,3,281,1,62.7,2025-03-26,Meta Ads
C00186,Needs Attention,3,1,3,202,1,62.44,2025-06-13,Organic / SEO
C01036,Needs Attention,3,1,3,213,1,62.39,2025-06-02,Organic / SEO
C03360,Needs Attention,3,1,3,199,1,62.39,2025-06-16,Google Search
C03411,Needs Attention,3,1,3,204,1,62.31,2025-06-11,Meta Ads
C04528,Needs Attention,3,1,3,188,1,62.28,2025-06-27,Organic / SEO
C00229,Needs Attention,3,1,3,222,1,62.24,2025-05-24,Unknown
C04177,Needs Attention,3,2,3,199,2,62.239999999999995,2025-06-16,Google Search
C00067,Needs Attention,3,1,3,277,1,62.11,2025-03-30,Meta Ads
C05479,Needs Attention,3,1,3,266,1,62.11,2025-04-10,Email / Referral
C02400,Needs Attention,3,1,3,280,1,61.91,2025-03-27,Email / Referral
C02733,Needs Attention,3,1,3,280,1,61.86,2025-03-27,Meta Ads
C03752,Needs Attention,3,1,3,312,1,61.86,2025-02-23,Programmatic
C03867,Needs Attention,3,1,3,273,1,61.81,2025-04-03,Google Search
C04512,Needs Attention,3,1,3,309,1,61.73,2025-02-26,Email / Referral
C02453,Needs Attention,3,1,3,217,1,61.71,2025-05-29,Google Search
C02593,Needs Attention,3,1,3,209,1,61.48,2025-06-06,Programmatic
C05057,Needs Attention,3,1,3,284,1,61.29,2025-03-23,Google Search
C00440,Needs Attention,3,1,3,225,1,61.24,2025-05-21,Organic / SEO
C05188,Needs Attention,3,1,3,298,1,61.23,2025-03-09,Meta Ads
C00158,Needs Attention,3,1,3,204,1,61.14,2025-06-11,Google Search
C00721,Needs Attention,3,1,3,312,1,61.13,2025-02-23,Meta Ads
C02198,Needs Attention,3,1,3,312,1,61.13,2025-02-23,Google Search
C04394,Needs Attention,3,1,3,208,1,60.86,2025-06-07,Organic / SEO
C00991,Needs Attention,3,1,3,219,1,60.83,2025-05-27,Google Search
C03855,Needs Attention,3,1,3,244,1,60.83,2025-05-02,Google Search
C05029,Needs Attention,3,1,3,253,1,60.61,2025-04-23,Meta Ads
C04719,Needs Attention,3,1,3,316,1,60.58,2025-02-19,Google Search
C01234,Needs Attention,3,1,3,190,1,60.56,2025-06-25,Meta Ads
C04945,Needs Attention,3,1,3,297,1,60.54,2025-03-10,Programmatic
C04033,Needs Attention,3,1,3,218,1,60.52,2025-05-28,Organic / SEO
C03426,Needs Attention,3,1,3,300,1,60.46,2025-03-07,Email / Referral
C03721,Needs Attention,3,1,3,219,1,60.43,2025-05-27,Organic / SEO
C02449,Needs Attention,3,1,3,259,1,60.39,2025-04-17,Google Search
C00537,Needs Attention,3,1,3,302,1,60.35,2025-03-05,Google Search
C01881,Needs Attention,3,1,3,317,1,60.18,2025-02-18,Google Search
C00706,Needs Attention,3,1,3,275,1,60.14,2025-04-01,Meta Ads
C04537,Needs Attention,3,1,3,199,1,60.11,2025-06-16,Organic / SEO
C04015,Needs Attention,3,1,3,272,1,60.06,2025-04-04,Programmatic
C04436,Needs Attention,3,1,3,271,1,60.03,2025-04-05,Programmatic
C00997,Needs Attention,3,1,3,219,1,59.98,2025-05-27,Unknown
C01718,Needs Attention,3,1,3,242,1,59.83,2025-05-04,Email / Referral
C03670,Needs Attention,3,1,3,264,1,59.69,2025-04-12,Programmatic
C03474,Needs Attention,3,2,3,322,2,59.650000000000006,2025-02-13,Google Search
C03259,Needs Attention,3,1,3,272,1,59.61,2025-04-04,Meta Ads
C00133,Needs Attention,3,1,3,261,1,59.48,2025-04-15,Organic / SEO
C05399,Needs Attention,3,1,3,184,1,59.47,2025-07-01,Google Search
C00054,Needs Attention,3,1,3,200,1,59.46,2025-06-15,Google Search
C05908,Needs Attention,3,1,3,230,1,59.36,2025-05-16,Email / Referral
C05008,Needs Attention,3,1,3,210,1,59.26,2025-06-05,Organic / SEO
C05601,Needs Attention,3,1,3,297,1,59.26,2025-03-10,Email / Referral
C03116,Needs Attention,3,1,3,223,1,59.24,2025-05-23,Email / Referral
C02195,Needs Attention,3,1,3,248,1,59.21,2025-04-28,Programmatic
C02083,Needs Attention,3,1,3,189,1,59.15,2025-06-26,Google Search
C03166,Needs Attention,3,1,3,182,1,59.09,2025-07-03,Meta Ads
C05985,Needs Attention,3,1,3,199,1,59.0,2025-06-16,Google Search
C05936,Needs Attention,3,1,3,282,1,58.98,2025-03-25,Organic / SEO
C05605,Needs Attention,3,1,2,285,1,58.87,2025-03-22,Google Search
C03841,Needs Attention,3,1,2,188,1,58.83,2025-06-27,Organic / SEO
C01992,Needs Attention,3,1,2,194,1,58.8,2025-06-21,Programmatic
C02248,Needs Attention,3,1,2,227,1,58.73,2025-05-19,Google Search
C01418,Needs Attention,3,1,2,288,1,58.7,2025-03-19,Programmatic
C04798,Needs Attention,3,1,2,301,1,58.67,2025-03-06,Meta Ads
C03843,Needs Attention,3,1,2,209,1,58.28,2025-06-06,Google Search
C01259,Needs Attention,3,1,2,301,1,58.23,2025-03-06,Organic / SEO
C04737,Needs Attention,3,1,2,188,1,58.17,2025-06-27,Meta Ads
C02151,Needs Attention,3,1,2,206,1,58.06,2025-06-09,Meta Ads
C05671,Needs Attention,3,1,2,236,1,57.94,2025-05-10,Meta Ads
C05892,Needs Attention,3,1,2,255,1,57.87,2025-04-21,Google Search
C03165,Needs Attention,3,1,2,246,1,57.7,2025-04-30,Unknown
C05957,Needs Attention,3,1,2,287,1,57.64,2025-03-20,Email / Referral
C03277,Needs Attention,3,2,2,309,2,57.63,2025-02-26,Programmatic
C02688,Needs Attention,3,1,2,195,1,57.6,2025-06-20,Google Search
C02366,Needs Attention,3,1,2,186,1,57.33,2025-06-29,Programmatic
C03557,Needs Attention,3,1,2,323,1,57.24,2025-02-12,Meta Ads
C01588,Needs Attention,3,1,2,278,1,57.1,2025-03-29,Programmatic
C02632,Needs Attention,3,1,2,324,1,57.09,2025-02-11,Meta Ads
C02418,Needs Attention,3,1,2,300,1,57.08,2025-03-07,Programmatic
C04939,Needs Attention,3,1,2,224,1,57.06,2025-05-22,Meta Ads
C03152,Needs Attention,3,1,2,248,1,57.03,2025-04-28,Meta Ads
C00698,Needs Attention,3,1,2,253,1,56.97,2025-04-23,Google Search
C01897,Needs Attention,3,1,2,207,1,56.87,2025-06-08,Organic / SEO
C00349,Needs Attention,3,1,2,254,1,56.83,2025-04-22,Meta Ads
C01198,Needs Attention,3,1,2,206,1,56.47,2025-06-09,Programmatic
C02562,Needs Attention,3,1,2,191,1,56.33,2025-06-24,Google Search
C05578,Needs Attention,3,1,2,192,1,56.33,2025-06-23,Google Search
C02995,Needs Attention,3,1,2,274,1,56.3,2025-04-02,Meta Ads
C05009,Needs Attention,3,1,2,174,1,56.3,2025-07-11,Meta Ads
C01328,Needs Attention,3,1,2,272,1,56.09,2025-04-04,Meta Ads
C04102,Needs Attention,3,2,2,179,2,56.06999999999999,2025-07-06,Email / Referral
C05619,Needs Attention,3,1,2,243,1,56.01,2025-05-03,Google Search
C03611,Needs Attention,3,1,2,206,1,55.97,2025-06-09,Programmatic
C03635,Needs Attention,3,2,2,220,2,55.83,2025-05-26,Organic / SEO
C02522,Needs Attention,3,1,2,274,1,55.82,2025-04-02,Meta Ads
C05871,Needs Attention,3,1,2,220,1,55.8,2025-05-26,Google Search
C05510,Needs Attention,3,1,2,253,1,55.79,2025-04-23,Meta Ads
C02616,Needs Attention,3,1,2,326,1,55.77,2025-02-09,Organic / SEO
C04311,Needs Attention,3,1,2,306,1,55.77,2025-03-01,Google Search
C00300,Needs Attention,3,1,2,216,1,55.76,2025-05-30,Programmatic
C01914,Needs Attention,3,1,2,195,1,55.73,2025-06-20,Programmatic
C00672,Needs Attention,3,1,2,265,1,55.53,2025-04-11,Meta Ads
C00807,Needs Attention,3,1,2,180,1,55.51,2025-07-05,Meta Ads
C03506,Needs Attention,3,1,2,271,1,55.31,2025-04-05,Organic / SEO
C01662,Needs Attention,3,1,2,218,1,55.29,2025-05-28,Programmatic
C03204,Needs Attention,3,1,2,211,1,55.28,2025-06-04,Meta Ads
C01417,Needs Attention,3,1,2,287,1,55.19,2025-03-20,Google Search
C02893,Needs Attention,3,1,2,234,1,55.11,2025-05-12,Email / Referral
C03562,Needs Attention,3,1,2,318,1,55.09,2025-02-17,Google Search
C00531,Needs Attention,3,1,2,184,1,55.06,2025-07-01,Google Search
C05669,Needs Attention,3,1,2,206,1,55.06,2025-06-09,Meta Ads
C02602,Needs Attention,3,1,2,198,1,54.8,2025-06-17,Google Search
C00172,Needs Attention,3,1,2,310,1,54.77,2025-02-25,Meta Ads
C00120,Needs Attention,3,1,2,227,1,54.73,2025-05-19,Google Search
C03056,Needs Attention,3,1,2,325,1,54.55,2025-02-10,Programmatic
C04103,Needs Attention,3,1,2,276,1,54.55,2025-03-31,Unknown
C05792,Needs Attention,3,1,2,182,1,54.55,2025-07-03,Organic / SEO
C05559,Needs Attention,3,1,2,196,1,54.5,2025-06-19,Organic / SEO
C05992,Needs Attention,3,1,2,184,1,54.38,2025-07-01,Google Search
C05430,Needs Attention,3,1,2,246,1,54.35,2025-04-30,Programmatic
C04142,Needs Attention,3,1,2,299,1,54.27,2025-03-08,Email / Referral
C00065,Needs Attention,3,1,2,222,1,54.02,2025-05-24,Meta Ads
C02010,Needs Attention,3,1,2,184,1,53.96,2025-07-01,Organic / SEO
C03195,Needs Attention,3,1,2,212,1,53.77,2025-06-03,Meta Ads
C05835,Needs Attention,3,1,2,284,1,53.75,2025-03-23,Google Search
C04767,Needs Attention,3,1,2,204,1,53.63,2025-06-11,Google Search
C00421,Needs Attention,3,1,2,206,1,53.62,2025-06-09,Meta Ads
C01448,Needs Attention,3,1,2,293,1,53.58,2025-03-14,Meta Ads
C01056,Needs Attention,3,1,2,193,1,53.56,2025-06-22,Meta Ads
C05375,Needs Attention,3,1,2,211,1,53.55,2025-06-04,Google Search
C00864,Needs Attention,3,1,2,269,1,53.52,2025-04-07,Meta Ads
C02797,Needs Attention,3,1,2,227,1,53.51,2025-05-19,Meta Ads
C02553,Needs Attention,3,1,2,215,1,53.46,2025-05-31,Email / Referral
C03451,Needs Attention,3,1,2,181,1,53.44,2025-07-04,Programmatic
C03180,Needs Attention,3,1,2,316,1,53.43,2025-02-19,Google Search
C02818,Needs Attention,3,1,2,249,1,53.42,2025-04-27,Email / Referral
C05179,Needs Attention,3,1,2,271,1,53.37,2025-04-05,Programmatic
C03917,Needs Attention,3,1,2,307,1,53.36,2025-02-28,Organic / SEO
C04110,Needs Attention,3,1,2,307,1,53.32,2025-02-28,Meta Ads
C04943,Needs Attention,3,1,2,250,1,53.01,2025-04-26,Meta Ads
C00030,Needs Attention,3,1,2,187,1,52.87,2025-06-28,Google Search
C00483,Needs Attention,3,1,2,255,1,52.87,2025-04-21,Programmatic
C05492,Needs Attention,3,1,2,201,1,52.87,2025-06-14,Google Search
C05995,Needs Attention,3,1,2,267,1,52.85,2025-04-09,Google Search
C00773,Needs Attention,3,1,2,254,1,52.82,2025-04-22,Meta Ads
C05969,Needs Attention,3,1,2,232,1,52.81,2025-05-14,Meta Ads
C02339,Needs Attention,3,1,2,270,1,52.69,2025-04-06,Unknown
C00058,Needs Attention,3,1,2,270,1,52.53,2025-04-06,Organic / SEO
C05301,Needs Attention,3,1,2,281,1,52.52,2025-03-26,Meta Ads
C05678,Needs Attention,3,1,2,263,1,52.46,2025-04-13,Programmatic
C02428,Needs Attention,3,1,2,181,1,52.45,2025-07-04,Google Search
C02701,Needs Attention,3,1,2,183,1,52.43,2025-07-02,Google Search
C04454,Needs Attention,3,1,2,203,1,52.39,2025-06-12,Google Search
C00211,Needs Attention,3,1,2,179,1,52.35,2025-07-06,Google Search
C05104,Needs Attention,3,1,2,236,1,52.35,2025-05-10,Organic / SEO
C05623,Needs Attention,3,1,2,217,1,52.31,2025-05-29,Meta Ads
C04901,Needs Attention,3,1,2,322,1,52.27,2025-02-13,Google Search
C03048,Needs Attention,3,1,2,216,1,52.23,2025-05-30,Meta Ads
C03386,Needs Attention,3,1,2,186,1,52.17,2025-06-29,Meta Ads
C02496,Needs Attention,3,1,2,304,1,52.14,2025-03-03,Meta Ads
C05053,Needs Attention,3,1,2,277,1,52.14,2025-03-30,Programmatic
C00699,Needs Attention,3,1,2,208,1,52.13,2025-06-07,Organic / SEO
C04420,Needs Attention,3,1,2,313,1,52.07,2025-02-22,Organic / SEO
C00777,Needs Attention,3,1,2,233,1,52.02,2025-05-13,Meta Ads
C03452,Needs Attention,3,1,2,277,1,51.95,2025-03-30,Google Search
C04987,Needs Attention,3,1,2,223,1,51.83,2025-05-23,Google Search
C01011,Needs Attention,3,1,2,204,1,51.65,2025-06-11,Google Search
C03359,Needs Attention,3,1,2,191,1,51.63,2025-06-24,Organic / SEO
C05548,Needs Attention,3,1,2,231,1,51.57,2025-05-15,Meta Ads
C02462,Needs Attention,3,1,2,190,1,51.54,2025-06-25,Organic / SEO
C04294,Needs Attention,3,1,2,254,1,51.46,2025-04-22,Meta Ads
C03484,Needs Attention,3,1,2,274,1,51.4,2025-04-02,Organic / SEO
C04064,Needs Attention,3,1,2,257,1,51.39,2025-04-19,Google Search
C03061,Needs Attention,3,1,2,248,1,51.35,2025-04-28,Programmatic
C04028,Needs Attention,3,1,2,202,1,51.34,2025-06-13,Google Search
C01465,Needs Attention,3,1,2,208,1,51.19,2025-06-07,Programmatic
C02783,Needs Attention,3,1,2,219,1,51.18,2025-05-27,Programmatic
C02185,Needs Attention,3,1,2,301,1,51.05,2025-03-06,Meta Ads
C03909,Needs Attention,3,1,2,286,1,51.04,2025-03-21,Meta Ads
C00509,Needs Attention,3,1,2,326,1,51.02,2025-02-09,Organic / SEO
C03633,Needs Attention,3,1,2,248,1,50.98,2025-04-28,Google Search
C03387,Needs Attention,3,1,2,284,1,50.97,2025-03-23,Programmatic
C05019,Needs Attention,3,1,2,246,1,50.87,2025-04-30,Google Search
C03467,Needs Attention,3,1,2,232,1,50.86,2025-05-14,Google Search
C04949,Needs Attention,3,1,2,207,1,50.73,2025-06-08,Meta Ads
C05191,Needs Attention,3,1,2,241,1,50.71,2025-05-05,Meta Ads
C04283,Needs Attention,3,1,2,235,1,50.68,2025-05-11,Meta Ads
C04254,Needs Attention,3,1,2,298,1,50.55,2025-03-09,Meta Ads
C00247,Needs Attention,3,1,2,244,1,50.51,2025-05-02,Programmatic
C03807,Needs Attention,3,1,2,199,1,50.46,2025-06-16,Organic / SEO
C02969,Needs Attention,3,1,2,266,1,50.33,2025-04-10,Programmatic
C00326,Needs Attention,3,1,2,209,1,50.27,2025-06-06,Google Search
C03517,Needs Attention,3,1,2,240,1,50.24,2025-05-06,Programmatic
C04675,Needs Attention,3,1,2,203,1,50.16,2025-06-12,Programmatic
C02556,Needs Attention,3,1,2,180,1,49.9,2025-07-05,Google Search
C05980,Needs Attention,3,1,2,199,1,49.89,2025-06-16,Programmatic
C03403,Needs Attention,3,1,2,303,1,49.84,2025-03-04,Meta Ads
C05939,Needs Attention,3,1,2,207,1,49.74,2025-06-08,Meta Ads
C01947,Needs Attention,3,1,2,268,1,49.46,2025-04-08,Programmatic
C02671,Needs Attention,3,1,2,236,1,49.43,2025-05-10,Google Search
C01462,Needs Attention,3,1,2,291,1,49.2,2025-03-16,Organic / SEO
C01816,Needs Attention,3,1,2,287,1,49.19,2025-03-20,Meta Ads
C04768,Needs Attention,3,1,2,269,1,49.16,2025-04-07,Meta Ads
C04544,Needs Attention,3,1,2,326,1,49.12,2025-02-09,Email / Referral
C03944,Needs Attention,3,1,2,241,1,49.11,2025-05-05,Organic / SEO
C01308,Needs Attention,3,1,2,197,1,49.06,2025-06-18,Email / Referral
C03436,Needs Attention,3,1,2,275,1,49.05,2025-04-01,Organic / SEO
C03079,Needs Attention,3,1,2,240,1,49.04,2025-05-06,Google Search
C01132,Needs Attention,3,1,2,309,1,48.99,2025-02-26,Organic / SEO
C01493,Needs Attention,3,1,2,212,1,48.97,2025-06-03,Email / Referral
C04229,Needs Attention,3,1,2,279,1,48.95,2025-03-28,Google Search
C02433,Needs Attention,3,1,2,257,1,48.9,2025-04-19,Programmatic
C00696,Needs Attention,3,1,2,299,1,48.89,2025-03-08,Google Search
C03432,Needs Attention,3,1,2,278,1,48.78,2025-03-29,Google Search
C04155,Needs Attention,3,1,2,261,1,48.69,2025-04-15,Meta Ads
C01559,Needs Attention,3,1,2,216,1,48.67,2025-05-30,Programmatic
C04623,Needs Attention,3,1,2,219,1,48.34,2025-05-27,Programmatic
C04823,Needs Attention,3,1,2,200,1,48.29,2025-06-15,Google Search
C04204,Needs Attention,3,1,2,236,1,48.14,2025-05-10,Meta Ads
C03481,Needs Attention,3,2,2,278,2,48.06,2025-03-29,Programmatic
C03846,Needs Attention,3,1,2,315,1,48.06,2025-02-20,Organic / SEO
C04027,Needs Attention,3,1,2,209,1,48.06,2025-06-06,Programmatic
C04085,Needs Attention,3,1,2,291,1,48.02,2025-03-16,Organic / SEO
C04127,Needs Attention,3,1,2,307,1,48.01,2025-02-28,Google Search
C04790,Needs Attention,3,1,2,186,1,48.01,2025-06-29,Google Search
C01270,Needs Attention,3,1,2,326,1,47.94,2025-02-09,Meta Ads
C05066,Needs Attention,3,1,2,311,1,47.9,2025-02-24,Meta Ads
C05544,Needs Attention,3,1,2,247,1,47.86,2025-04-29,Email / Referral
C05811,Needs Attention,3,1,2,311,1,47.8,2025-02-24,Programmatic
C03504,Needs Attention,3,1,2,214,1,47.76,2025-06-01,Google Search
C04490,Needs Attention,3,1,2,296,1,47.76,2025-03-11,Organic / SEO
C03521,Needs Attention,3,1,2,305,1,47.65,2025-03-02,Programmatic
C05710,Needs Attention,3,1,2,235,1,47.57,2025-05-11,Organic / SEO
C03519,Needs Attention,3,1,2,289,1,47.46,2025-03-18,Meta Ads
C01005,Needs Attention,3,1,2,223,1,47.4,2025-05-23,Programmatic
C03904,Needs Attention,3,1,2,298,1,47.34,2025-03-09,Meta Ads
C04169,Needs Attention,3,1,2,294,1,47.31,2025-03-13,Programmatic
C01024,Needs Attention,3,1,2,297,1,47.29,2025-03-10,Meta Ads
C00772,Needs Attention,3,1,2,269,1,47.26,2025-04-07,Organic / SEO
C02816,Needs Attention,3,1,2,277,1,47.26,2025-03-30,Meta Ads
C04211,Needs Attention,3,1,2,176,1,47.2,2025-07-09,Google Search
C02319,Needs Attention,3,1,2,324,1,47.13,2025-02-11,Meta Ads
C04117,Needs Attention,3,1,2,254,1,46.97,2025-04-22,Programmatic
C03819,Needs Attention,3,1,2,185,1,46.95,2025-06-30,Meta Ads
C03822,Needs Attention,3,1,2,227,1,46.94,2025-05-19,Unknown
C04659,Needs Attention,3,1,2,266,1,46.87,2025-04-10,Meta Ads
C03053,Needs Attention,3,1,2,212,1,46.85,2025-06-03,Programmatic
C04665,Needs Attention,3,1,2,252,1,46.85,2025-04-24,Google Search
C04132,Needs Attention,3,1,2,227,1,46.78,2025-05-19,Google Search
C03813,Needs Attention,3,1,2,273,1,46.59,2025-04-03,Organic / SEO
C03442,Needs Attention,3,2,2,193,2,46.46,2025-06-22,Programmatic
C01397,Needs Attention,3,1,2,295,1,46.38,2025-03-12,Meta Ads
C01475,Needs Attention,3,1,2,306,1,46.38,2025-03-01,Meta Ads
C03672,Needs Attention,3,1,2,239,1,46.37,2025-05-07,Programmatic
C00560,Needs Attention,3,1,2,326,1,46.35,2025-02-09,Google Search
C00165,Needs Attention,3,1,2,280,1,46.29,2025-03-27,Programmatic
C05097,Needs Attention,3,1,2,183,1,46.29,2025-07-02,Google Search
C05502,Needs Attention,3,1,2,316,1,46.29,2025-02-19,Meta Ads
C03447,Needs Attention,3,1,2,190,1,46.26,2025-06-25,Meta Ads
C00228,Needs Attention,3,1,2,280,1,46.25,2025-03-27,Meta Ads
C04077,Needs Attention,3,1,2,211,1,46.24,2025-06-04,Organic / SEO
C00653,Needs Attention,3,1,2,195,1,46.22,2025-06-20,Organic / SEO
C03615,Needs Attention,3,1,2,245,1,46.14,2025-05-01,Google Search
C02540,Needs Attention,3,1,2,314,1,45.95,2025-02-21,Google Search
C04845,Needs Attention,3,1,2,213,1,45.89,2025-06-02,Google Search
C03785,Needs Attention,3,1,2,302,1,45.81,2025-03-05,Meta Ads
C03823,Needs Attention,3,1,2,292,1,45.59,2025-03-15,Meta Ads
C01452,Needs Attention,3,1,2,234,1,45.48,2025-05-12,Meta Ads
C03733,Needs Attention,3,1,2,266,1,45.45,2025-04-10,Programmatic
C00096,Needs Attention,3,1,2,225,1,45.42,2025-05-21,Meta Ads
C01366,Needs Attention,3,1,2,304,1,45.38,2025-03-03,Google Search
C04010,Needs Attention,3,1,2,238,1,45.22,2025-05-08,Meta Ads
C01719,Needs Attention,3,1,2,205,1,45.2,2025-06-10,Email / Referral
C04114,Needs Attention,3,1,2,321,1,45.19,2025-02-14,Programmatic
C00712,Needs Attention,3,1,2,193,1,45.18,2025-06-22,Programmatic
C02105,Needs Attention,3,1,2,242,1,45.14,2025-05-04,Organic / SEO
C05950,Needs Attention,3,1,2,209,1,45.1,2025-06-06,Meta Ads
C05982,Needs Attention,3,1,2,292,1,45.05,2025-03-15,Google Search
C01361,Needs Attention,3,1,2,198,1,45.01,2025-06-17,Meta Ads
C01957,Needs Attention,3,2,2,221,2,44.96,2025-05-25,Meta Ads
C03083,Needs Attention,3,1,2,204,1,44.95,2025-06-11,Google Search
C02988,Needs Attention,3,1,2,284,1,44.9,2025-03-23,Programmatic
C02758,Needs Attention,3,1,2,176,1,44.89,2025-07-09,Google Search
C05555,Needs Attention,3,1,2,202,1,44.8,2025-06-13,Organic / SEO
C05963,Needs Attention,3,1,2,323,1,44.79,2025-02-12,Email / Referral
C05082,Needs Attention,3,1,2,260,1,44.78,2025-04-16,Organic / SEO
C05742,Needs Attention,3,1,2,218,1,44.64,2025-05-28,Meta Ads
C02330,Needs Attention,3,1,2,323,1,44.63,2025-02-12,Meta Ads
C05338,Needs Attention,3,1,2,199,1,44.62,2025-06-16,Meta Ads
C03368,Needs Attention,3,1,2,213,1,44.61,2025-06-02,Email / Referral
C00678,Needs Attention,3,1,2,324,1,44.59,2025-02-11,Programmatic
C04975,Needs Attention,3,1,2,260,1,44.58,2025-04-16,Organic / SEO
C05112,Needs Attention,3,1,2,238,1,44.57,2025-05-08,Meta Ads
C04449,Needs Attention,3,1,2,280,1,44.56,2025-03-27,Google Search
C04215,Needs Attention,3,1,2,271,1,44.55,2025-04-05,Organic / SEO
C04406,Needs Attention,3,1,2,250,1,44.49,2025-04-26,Google Search
C05636,Needs Attention,3,1,2,197,1,44.43,2025-06-18,Meta Ads
C02111,Needs Attention,3,1,1,307,1,44.38,2025-02-28,Google Search
C03194,Needs Attention,3,1,2,175,1,44.38,2025-07-10,Unknown
C04882,Needs Attention,3,1,1,249,1,44.31,2025-04-27,Programmatic
C05538,Needs Attention,3,1,1,242,1,44.25,2025-05-04,Google Search
C04473,Needs Attention,3,1,1,212,1,44.19,2025-06-03,Email / Referral
C05306,Needs Attention,3,1,1,223,1,44.03,2025-05-23,Organic / SEO
C02787,Needs Attention,3,1,1,185,1,44.02,2025-06-30,Organic / SEO
C04592,Needs Attention,3,1,1,324,1,44.0,2025-02-11,Email / Referral
C04244,Needs Attention,3,1,1,315,1,43.99,2025-02-20,Meta Ads
C04072,Needs Attention,3,1,1,213,1,43.98,2025-06-02,Programmatic
C01756,Needs Attention,3,1,1,262,1,43.86,2025-04-14,Programmatic
C02438,Needs Attention,3,1,1,200,1,43.83,2025-06-15,Email / Referral
C03355,Needs Attention,3,1,1,325,1,43.8,2025-02-10,Organic / SEO
C01126,Needs Attention,3,1,1,282,1,43.79,2025-03-25,Programmatic
C03384,Needs Attention,3,1,1,278,1,43.74,2025-03-29,Programmatic
C05738,Needs Attention,3,1,1,198,1,43.7,2025-06-17,Email / Referral
C02265,Needs Attention,3,1,1,275,1,43.68,2025-04-01,Organic / SEO
C02370,Needs Attention,3,1,1,305,1,43.63,2025-03-02,Google Search
C05222,Needs Attention,3,1,1,275,1,43.5,2025-04-01,Organic / SEO
C00719,Needs Attention,3,1,1,209,1,43.46,2025-06-06,Organic / SEO
C04831,Needs Attention,3,1,1,251,1,43.45,2025-04-25,Email / Referral
C00923,Needs Attention,3,1,1,235,1,43.44,2025-05-11,Meta Ads
C04152,Needs Attention,3,1,1,293,1,43.23,2025-03-14,Programmatic
C03490,Needs Attention,3,1,1,322,1,43.2,2025-02-13,Programmatic
C00822,Needs Attention,3,1,1,251,1,43.16,2025-04-25,Programmatic
C03628,Needs Attention,3,1,1,195,1,43.13,2025-06-20,Meta Ads
C02457,Needs Attention,3,1,1,242,1,43.05,2025-05-04,Programmatic
C02625,Needs Attention,3,1,1,268,1,42.99,2025-04-08,Meta Ads
C00649,Needs Attention,3,1,1,191,1,42.67,2025-06-24,Programmatic
C03773,Needs Attention,3,1,1,189,1,42.65,2025-06-26,Organic / SEO
C03911,Needs Attention,3,1,1,313,1,42.6,2025-02-22,Google Search
C02280,Needs Attention,3,1,1,212,1,42.57,2025-06-03,Meta Ads
C01302,Needs Attention,3,1,1,274,1,42.56,2025-04-02,Organic / SEO
C02401,Needs Attention,3,1,1,249,1,42.4,2025-04-27,Meta Ads
C04007,Needs Attention,3,1,1,325,1,42.26,2025-02-10,Unknown
C03906,Needs Attention,3,1,1,198,1,42.24,2025-06-17,Organic / SEO
C03689,Needs Attention,3,1,1,236,1,42.22,2025-05-10,Google Search
C05863,Needs Attention,3,1,1,213,1,42.19,2025-06-02,Email / Referral
C00848,Needs Attention,3,1,1,188,1,42.17,2025-06-27,Meta Ads
C01689,Needs Attention,3,1,1,259,1,42.03,2025-04-17,Meta Ads
C01113,Needs Attention,3,1,1,232,1,41.89,2025-05-14,Organic / SEO
C01919,Needs Attention,3,1,1,247,1,41.87,2025-04-29,Programmatic
C01474,Needs Attention,3,1,1,323,1,41.85,2025-02-12,Meta Ads
C01879,Needs Attention,3,1,1,286,1,41.78,2025-03-21,Programmatic
C01804,Needs Attention,3,1,1,180,1,41.75,2025-07-05,Meta Ads
C03560,Needs Attention,3,1,1,310,1,41.68,2025-02-25,Organic / SEO
C04715,Needs Attention,3,1,1,271,1,41.66,2025-04-05,Organic / SEO
C01880,Needs Attention,3,1,1,275,1,41.55,2025-04-01,Programmatic
C01043,Needs Attention,3,1,1,207,1,41.45,2025-06-08,Google Search
C03770,Needs Attention,3,1,1,225,1,41.4,2025-05-21,Google Search
C03613,Needs Attention,3,1,1,236,1,41.31,2025-05-10,Organic / SEO
C00598,Needs Attention,3,1,1,222,1,41.29,2025-05-24,Google Search
C05376,Needs Attention,3,1,1,188,1,41.21,2025-06-27,Google Search
C02070,Needs Attention,3,1,1,318,1,41.19,2025-02-17,Programmatic
C00365,Needs Attention,3,1,1,205,1,41.16,2025-06-10,Programmatic
C03431,Needs Attention,3,1,1,274,1,41.12,2025-04-02,Meta Ads
C03170,Needs Attention,3,1,1,244,1,41.08,2025-05-02,Meta Ads
C02561,Needs Attention,3,1,1,234,1,40.87,2025-05-12,Meta Ads
C05314,Needs Attention,3,1,1,219,1,40.82,2025-05-27,Google Search
C05778,Needs Attention,3,1,1,284,1,40.81,2025-03-23,Meta Ads
C00804,Needs Attention,3,1,1,251,1,40.53,2025-04-25,Meta Ads
C05543,Needs Attention,3,1,1,248,1,40.4,2025-04-28,Meta Ads
C02796,Needs Attention,3,1,1,262,1,40.34,2025-04-14,Organic / SEO
C00879,Needs Attention,3,1,1,240,1,40.29,2025-05-06,Organic / SEO
C04810,Needs Attention,3,1,1,262,1,40.27,2025-04-14,Programmatic
C02176,Needs Attention,3,1,1,272,1,40.21,2025-04-04,Programmatic
C04193,Needs Attention,3,1,1,282,1,40.2,2025-03-25,Meta Ads
C04526,Needs Attention,3,1,1,278,1,40.19,2025-03-29,Meta Ads
C02721,Needs Attention,3,1,1,312,1,40.13,2025-02-23,Email / Referral
C02497,Needs Attention,3,1,1,282,1,40.09,2025-03-25,Google Search
C04511,Needs Attention,3,1,1,255,1,40.09,2025-04-21,Meta Ads
C05573,Needs Attention,3,1,1,320,1,40.08,2025-02-15,Meta Ads
C04417,Needs Attention,3,1,1,295,1,39.96,2025-03-12,Meta Ads
C03625,Needs Attention,3,1,1,198,1,39.93,2025-06-17,Email / Referral
C03281,Needs Attention,3,1,1,200,1,39.79,2025-06-15,Programmatic
C04570,Needs Attention,3,1,1,264,1,39.78,2025-04-12,Programmatic
C02822,Needs Attention,3,1,1,190,1,39.34,2025-06-25,Meta Ads
C04098,Needs Attention,3,1,1,231,1,39.33,2025-05-15,Programmatic
C00411,Needs Attention,3,1,1,200,1,39.12,2025-06-15,Google Search
C05973,Needs Attention,3,1,1,294,1,39.09,2025-03-13,Programmatic
C00381,Needs Attention,3,1,1,281,1,38.97,2025-03-26,Organic / SEO
C04280,Needs Attention,3,1,1,175,1,38.89,2025-07-10,Programmatic
C02551,Needs Attention,3,1,1,289,1,38.88,2025-03-18,Organic / SEO
C04381,Needs Attention,3,1,1,305,1,38.86,2025-03-02,Organic / SEO
C05288,Needs Attention,3,1,1,280,1,38.85,2025-03-27,Programmatic
C00961,Needs Attention,3,1,1,294,1,38.78,2025-03-13,Meta Ads
C04566,Needs Attention,3,1,1,203,1,38.64,2025-06-12,Meta Ads
C05865,Needs Attention,3,1,1,194,1,38.55,2025-06-21,Meta Ads
C05599,Needs Attention,3,1,1,265,1,38.39,2025-04-11,Organic / SEO
C02136,Needs Attention,3,1,1,297,1,38.32,2025-03-10,Unknown
C00824,Needs Attention,3,1,1,201,1,38.26,2025-06-14,Google Search
C05567,Needs Attention,3,1,1,202,1,38.26,2025-06-13,Meta Ads
C02930,Needs Attention,3,1,1,177,1,38.08,2025-07-08,Meta Ads
C00906,Needs Attention,3,1,1,209,1,37.96,2025-06-06,Email / Referral
C03127,Needs Attention,3,1,1,290,1,37.91,2025-03-17,Google Search
C05813,Needs Attention,3,1,1,190,1,37.9,2025-06-25,Programmatic
C03197,Needs Attention,3,1,1,280,1,37.8,2025-03-27,Organic / SEO
C02030,Needs Attention,3,1,1,251,1,37.7,2025-04-25,Organic / SEO
C02307,Needs Attention,3,1,1,305,1,37.67,2025-03-02,Organic / SEO
C01128,Needs Attention,3,1,1,185,1,37.53,2025-06-30,Meta Ads
C05663,Needs Attention,3,1,1,300,1,37.53,2025-03-07,Meta Ads
C04699,Needs Attention,3,1,1,302,1,37.4,2025-03-05,Programmatic
C05469,Needs Attention,3,1,1,307,1,37.39,2025-02-28,Email / Referral
C04530,Needs Attention,3,1,1,283,1,37.16,2025-03-24,Meta Ads
C01802,Needs Attention,3,1,1,230,1,37.08,2025-05-16,Email / Referral
C05587,Needs Attention,3,1,1,270,1,37.04,2025-04-06,Email / Referral
C03363,Needs Attention,3,1,1,258,1,37.03,2025-04-18,Organic / SEO
C00208,Needs Attention,3,1,1,191,1,36.99,2025-06-24,Google Search
C03224,Needs Attention,3,1,1,178,1,36.96,2025-07-07,Organic / SEO
C05247,Needs Attention,3,1,1,314,1,36.95,2025-02-21,Google Search
C01059,Needs Attention,3,1,1,289,1,36.93,2025-03-18,Organic / SEO
C04865,Needs Attention,3,1,1,202,1,36.91,2025-06-13,Meta Ads
C05608,Needs Attention,3,1,1,248,1,36.82,2025-04-28,Meta Ads
C00148,Needs Attention,3,1,1,305,1,36.81,2025-03-02,Meta Ads
C00043,Needs Attention,3,1,1,175,1,36.66,2025-07-10,Email / Referral
C04068,Needs Attention,3,1,1,179,1,36.54,2025-07-06,Programmatic
C02899,Needs Attention,3,1,1,230,1,36.43,2025-05-16,Meta Ads
C03979,Needs Attention,3,1,1,326,1,36.39,2025-02-09,Google Search
C00809,Needs Attention,3,1,1,316,1,36.35,2025-02-19,Meta Ads
C03926,Needs Attention,3,1,1,276,1,36.34,2025-03-31,Programmatic
C05471,Needs Attention,3,1,1,223,1,36.24,2025-05-23,Unknown
C01079,Needs Attention,3,1,1,223,1,36.07,2025-05-23,Google Search
C04635,Needs Attention,3,1,1,212,1,36.03,2025-06-03,Organic / SEO
C00130,Needs Attention,3,1,1,256,1,35.97,2025-04-20,Google Search
C05458,Needs Attention,3,1,1,214,1,35.9,2025-06-01,Google Search
C03939,Needs Attention,3,1,1,323,1,35.89,2025-02-12,Email / Referral
C05070,Needs Attention,3,1,1,319,1,35.81,2025-02-16,Meta Ads
C03246,Needs Attention,3,1,1,279,1,35.77,2025-03-28,Organic / SEO
C01788,Needs Attention,3,1,1,185,1,35.75,2025-06-30,Email / Referral
C05012,Needs Attention,3,1,1,297,1,35.75,2025-03-10,Programmatic
C00135,Needs Attention,3,1,1,253,1,35.68,2025-04-23,Meta Ads
C04935,Needs Attention,3,1,1,224,1,35.6,2025-05-22,Meta Ads
C01247,Needs Attention,3,1,1,239,1,35.58,2025-05-07,Programmatic
C03037,Needs Attention,3,1,1,234,1,35.44,2025-05-12,Programmatic
C02981,Needs Attention,3,1,1,237,1,35.42,2025-05-09,Meta Ads
C01438,Needs Attention,3,1,1,309,1,35.35,2025-02-26,Meta Ads
C00425,Needs Attention,3,1,1,242,1,35.17,2025-05-04,Google Search
C03554,Needs Attention,3,1,1,307,1,35.13,2025-02-28,Google Search
C00289,Needs Attention,3,1,1,242,1,34.98,2025-05-04,Meta Ads
C02885,Needs Attention,3,1,1,285,1,34.97,2025-03-22,Meta Ads
C01901,Needs Attention,3,1,1,260,1,34.96,2025-04-16,Meta Ads
C02378,Needs Attention,3,1,1,245,1,34.96,2025-05-01,Email / Referral
C03475,Needs Attention,3,1,1,282,1,34.92,2025-03-25,Meta Ads
C02994,Needs Attention,3,1,1,284,1,34.87,2025-03-23,Meta Ads
C05512,Needs Attention,3,1,1,293,1,34.85,2025-03-14,Programmatic
C01806,Needs Attention,3,1,1,188,1,34.8,2025-06-27,Organic / SEO
C04947,Needs Attention,3,1,1,250,1,34.73,2025-04-26,Programmatic
C01522,Needs Attention,3,1,1,299,1,34.71,2025-03-08,Meta Ads
C00066,Needs Attention,3,1,1,281,1,34.68,2025-03-26,Programmatic
C03983,Needs Attention,3,1,1,260,1,34.68,2025-04-16,Programmatic
C02240,Needs Attention,3,1,1,293,1,34.61,2025-03-14,Meta Ads
C04533,Needs Attention,3,1,1,208,1,34.53,2025-06-07,Meta Ads
C01012,Needs Attention,3,1,1,247,1,34.4,2025-04-29,Programmatic
C03842,Needs Attention,3,1,1,216,1,34.29,2025-05-30,Google Search
C05461,Needs Attention,3,1,1,186,1,34.17,2025-06-29,Meta Ads
C05834,Needs Attention,3,1,1,208,1,34.09,2025-06-07,Meta Ads
C05327,Needs Attention,3,1,1,245,1,34.08,2025-05-01,Organic / SEO
C00020,Needs Attention,3,1,1,224,1,34.07,2025-05-22,Programmatic
C03345,Needs Attention,3,1,1,319,1,33.91,2025-02-16,Organic / SEO
C05302,Needs Attention,3,1,1,237,1,33.91,2025-05-09,Programmatic
C00860,Needs Attention,3,1,1,308,1,33.77,2025-02-27,Google Search
C05296,Needs Attention,3,1,1,259,1,33.76,2025-04-17,Programmatic
C02200,Needs Attention,3,1,1,202,1,33.49,2025-06-13,Google Search
C01383,Needs Attention,3,1,1,295,1,33.37,2025-03-12,Programmatic
C01545,Needs Attention,3,1,1,315,1,33.22,2025-02-20,Organic / SEO
C02690,Needs Attention,3,1,1,313,1,33.16,2025-02-22,Email / Referral
C03502,Needs Attention,3,1,1,268,1,33.05,2025-04-08,Organic / SEO
C01332,Needs Attention,3,1,1,324,1,33.0,2025-02-11,Programmatic
C04812,Needs Attention,3,1,1,189,1,32.35,2025-06-26,Organic / SEO
C04477,Needs Attention,3,1,1,294,1,32.23,2025-03-13,Meta Ads
C01121,Needs Attention,3,1,1,201,1,32.06,2025-06-14,Meta Ads
C02444,Needs Attention,3,1,1,291,1,31.84,2025-03-16,Meta Ads
C00156,Needs Attention,3,1,1,195,1,31.65,2025-06-20,Google Search
C00460,Needs Attention,3,1,1,220,1,31.64,2025-05-26,Organic / SEO
C05593,Needs Attention,3,1,1,258,1,31.43,2025-04-18,Programmatic
C00061,Needs Attention,3,1,1,198,1,31.29,2025-06-17,Organic / SEO
C05815,Needs Attention,3,1,1,303,1,31.15,2025-03-04,Meta Ads
C01917,Needs Attention,3,1,1,204,1,31.01,2025-06-11,Programmatic
C01773,Needs Attention,3,1,1,224,1,30.93,2025-05-22,Google Search
C02173,Needs Attention,3,1,1,319,1,30.89,2025-02-16,Organic / SEO
C05520,Needs Attention,3,1,1,269,1,30.83,2025-04-07,Organic / SEO
C05913,Needs Attention,3,1,1,299,1,30.75,2025-03-08,Programmatic
C01748,Needs Attention,3,1,1,297,1,30.74,2025-03-10,Organic / SEO
C05899,Needs Attention,3,1,1,299,1,30.74,2025-03-08,Meta Ads
C05626,Needs Attention,3,1,1,241,1,30.5,2025-05-05,Unknown
C05981,Needs Attention,3,1,1,321,1,30.44,2025-02-14,Meta Ads
C01864,Needs Attention,3,1,1,301,1,30.43,2025-03-06,Meta Ads
C01346,Needs Attention,3,1,1,241,1,30.39,2025-05-05,Meta Ads
C05142,Needs Attention,3,1,1,274,1,30.28,2025-04-02,Google Search
C00900,Needs Attention,3,1,1,304,1,29.81,2025-03-03,Programmatic
C03832,Needs Attention,3,1,1,232,1,29.59,2025-05-14,Google Search
C01175,Needs Attention,3,1,1,318,1,29.58,2025-02-17,Meta Ads
C00470,Needs Attention,3,1,1,315,1,29.49,2025-02-20,Programmatic
C01960,Needs Attention,3,1,1,237,1,29.42,2025-05-09,Programmatic
C01882,Needs Attention,3,1,1,220,1,29.23,2025-05-26,Google Search
C02032,Needs Attention,3,1,1,283,1,29.1,2025-03-24,Meta Ads
C02768,Needs Attention,3,1,1,193,1,28.99,2025-06-22,Programmatic
C01501,Needs Attention,3,1,1,195,1,28.94,2025-06-20,Meta Ads
C03399,Needs Attention,3,1,1,181,1,28.89,2025-07-04,Email / Referral
C02972,Needs Attention,3,1,1,210,1,28.57,2025-06-05,Meta Ads
C04535,Needs Attention,3,1,1,319,1,28.56,2025-02-16,Google Search
C03918,Needs Attention,3,1,1,287,1,27.85,2025-03-20,Unknown
C04349,Needs Attention,3,1,1,306,1,27.74,2025-03-01,Meta Ads
C02813,Needs Attention,3,1,1,180,1,27.54,2025-07-05,Organic / SEO
C01905,Needs Attention,3,1,1,242,1,27.48,2025-05-04,Programmatic
C01680,Needs Attention,3,1,1,300,1,26.87,2025-03-07,Programmatic
C05997,Needs Attention,3,1,1,261,1,26.78,2025-04-15,Google Search
C03118,Needs Attention,3,1,1,194,1,26.54,2025-06-21,Organic / SEO
C05240,Needs Attention,3,1,1,273,1,26.32,2025-04-03,Google Search
C03407,Needs Attention,3,1,1,309,1,26.23,2025-02-26,Meta Ads
C01377,Needs Attention,3,1,1,209,1,25.87,2025-06-06,Google Search
C05907,Needs Attention,3,1,1,221,1,25.64,2025-05-25,Organic / SEO
C01265,Needs Attention,3,1,1,264,1,25.07,2025-04-12,Organic / SEO
C02857,Needs Attention,3,1,1,203,1,24.94,2025-06-12,Programmatic
C00836,Needs Attention,3,1,1,271,1,24.87,2025-04-05,Google Search
C05109,Needs Attention,3,1,1,314,1,24.54,2025-02-21,Meta Ads
C02684,Needs Attention,3,1,1,259,1,24.52,2025-04-17,Programmatic
C02906,Needs Attention,3,1,1,212,1,24.32,2025-06-03,Google Search
C00586,Needs Attention,3,1,1,224,1,24.06,2025-05-22,Google Search
C04740,Needs Attention,3,1,1,219,1,23.61,2025-05-27,Meta Ads
C03227,Needs Attention,3,1,1,191,1,23.01,2025-06-24,Programmatic
C03298,Needs Attention,3,1,1,324,1,22.66,2025-02-11,Programmatic
C04322,Needs Attention,3,1,1,283,1,22.23,2025-03-24,Meta Ads
C03340,Needs Attention,3,1,1,305,1,21.68,2025-03-02,Meta Ads
C04950,Needs Attention,3,1,1,182,1,21.56,2025-07-03,Google Search
C05190,Needs Attention,3,1,1,267,1,21.28,2025-04-09,Meta Ads
C05024,Needs Attention,3,1,1,225,1,20.69,2025-05-21,Email / Referral
C05184,Needs Attention,3,1,1,194,1,20.6,2025-06-21,Programmatic
C02000,Needs Attention,3,1,1,306,1,19.59,2025-03-01,Programmatic
C02955,Needs Attention,3,1,1,308,1,18.71,2025-02-27,Meta Ads
C05672,New Customers,4,1,5,61,1,220.62,2025-11-01,Organic / SEO
C02592,New Customers,5,1,5,51,1,199.54,2025-11-11,Google Search
C02215,New Customers,5,1,5,38,1,195.0,2025-11-24,Google Search
C05541,New Customers,5,1,5,19,1,186.93,2025-12-13,Email / Referral
C00948,New Customers,4,1,5,73,1,172.46,2025-10-20,Organic / SEO
C03311,New Customers,5,1,5,33,1,171.99,2025-11-29,Google Search
C05657,New Customers,5,1,5,42,1,160.66,2025-11-20,Meta Ads
C04513,New Customers,5,1,5,57,1,158.83,2025-11-05,Google Search
C04121,New Customers,5,1,5,25,1,157.54,2025-12-07,Google Search
C01098,New Customers,4,1,5,96,1,154.53,2025-09-27,Meta Ads
C01447,New Customers,5,1,5,42,1,152.26,2025-11-20,Organic / SEO
C00801,New Customers,4,1,5,149,1,151.02,2025-08-05,Meta Ads
C05852,New Customers,4,1,5,64,1,149.71,2025-10-29,Google Search
C00642,New Customers,4,1,5,106,1,148.79,2025-09-17,Email / Referral
C03104,New Customers,4,1,5,133,1,148.49,2025-08-21,Organic / SEO
C02800,New Customers,4,1,5,127,1,147.49,2025-08-27,Meta Ads
C02430,New Customers,4,1,5,136,1,144.06,2025-08-18,Organic / SEO
C01663,New Customers,4,1,5,118,1,141.88,2025-09-05,Organic / SEO
C00441,New Customers,4,1,5,73,1,140.9,2025-10-20,Meta Ads
C03541,New Customers,5,1,5,53,1,139.67,2025-11-09,Programmatic
C01167,New Customers,4,1,5,91,1,139.16,2025-10-02,Organic / SEO
C05336,New Customers,4,1,5,123,1,137.31,2025-08-31,Google Search
C00325,New Customers,4,1,5,74,1,135.78,2025-10-19,Organic / SEO
C05791,New Customers,4,1,5,93,1,134.79,2025-09-30,Organic / SEO
C03010,New Customers,4,1,5,140,1,133.39,2025-08-14,Google Search
C01604,New Customers,4,1,5,97,1,131.77,2025-09-26,Organic / SEO
C03887,New Customers,5,1,5,7,1,130.17,2025-12-25,Organic / SEO
C05095,New Customers,5,1,5,3,1,128.77,2025-12-29,Google Search
C01007,New Customers,5,1,5,38,1,127.14,2025-11-24,Email / Referral
C04402,New Customers,4,1,5,143,1,126.23,2025-08-11,Google Search
C05777,New Customers,4,1,5,170,1,126.07,2025-07-15,Google Search
C04109,New Customers,5,1,4,41,1,124.31,2025-11-21,Programmatic
C02074,New Customers,4,1,4,70,1,124.05,2025-10-23,Meta Ads
C04289,New Customers,5,1,4,3,1,123.85,2025-12-29,Meta Ads
C03076,New Customers,5,1,4,45,1,123.54,2025-11-17,Google Search
C00711,New Customers,5,1,4,3,1,123.19,2025-12-29,Google Search
C04736,New Customers,4,1,4,144,1,122.97,2025-08-10,Meta Ads
C03222,New Customers,4,1,4,99,1,122.62,2025-09-24,Meta Ads
C03404,New Customers,5,1,4,45,1,120.79,2025-11-17,Meta Ads
C01595,New Customers,4,1,4,84,1,120.33,2025-10-09,Organic / SEO
C04685,New Customers,5,1,4,2,1,119.99,2025-12-30,Organic / SEO
C03563,New Customers,5,1,4,46,1,119.23,2025-11-16,Google Search
C00528,New Customers,5,1,4,3,1,117.63,2025-12-29,Google Search
C04971,New Customers,5,1,4,43,1,117.59,2025-11-19,Organic / SEO
C05099,New Customers,4,1,4,88,1,117.23,2025-10-05,Google Search
C01029,New Customers,4,1,4,149,1,117.06,2025-08-05,Organic / SEO
C00992,New Customers,4,1,4,140,1,116.36,2025-08-14,Google Search
C01737,New Customers,5,1,4,54,1,115.82,2025-11-08,Organic / SEO
C01623,New Customers,4,1,4,100,1,115.77,2025-09-23,Google Search
C00377,New Customers,5,1,4,32,1,115.48,2025-11-30,Google Search
C01759,New Customers,5,1,4,46,1,115.06,2025-11-16,Meta Ads
C00321,New Customers,5,1,4,41,1,115.02,2025-11-21,Google Search
C04714,New Customers,5,1,4,47,1,114.82,2025-11-15,Google Search
C00986,New Customers,5,1,4,39,1,114.73,2025-11-23,Organic / SEO
C03429,New Customers,5,1,4,37,1,114.29,2025-11-25,Organic / SEO
C02801,New Customers,5,1,4,1,1,114.15,2025-12-31,Google Search
C05130,New Customers,5,1,4,12,1,114.08,2025-12-20,Email / Referral
C00167,New Customers,4,1,4,87,1,113.87,2025-10-06,Organic / SEO
C01018,New Customers,4,1,4,76,1,113.23,2025-10-17,Google Search
C00491,New Customers,4,1,4,174,1,112.61,2025-07-11,Google Search
C00117,New Customers,4,1,4,135,1,112.45,2025-08-19,Meta Ads
C00434,New Customers,4,1,4,81,1,111.98,2025-10-12,Programmatic
C01770,New Customers,4,1,4,89,1,111.54,2025-10-04,Organic / SEO
C02646,New Customers,5,1,4,56,1,111.53,2025-11-06,Meta Ads
C01563,New Customers,5,1,4,52,1,111.51,2025-11-10,Google Search
C03650,New Customers,4,1,4,67,1,111.48,2025-10-26,Meta Ads
C05762,New Customers,5,1,4,43,1,111.2,2025-11-19,Meta Ads
C05464,New Customers,4,1,4,148,1,111.16,2025-08-06,Google Search
C03731,New Customers,5,1,4,32,1,110.87,2025-11-30,Google Search
C04941,New Customers,4,1,4,68,1,110.74,2025-10-25,Organic / SEO
C03516,New Customers,4,1,4,137,1,110.13,2025-08-17,Programmatic
C03145,New Customers,4,1,4,89,1,109.36,2025-10-04,Google Search
C02753,New Customers,4,1,4,82,1,109.24,2025-10-11,Email / Referral
C02148,New Customers,5,1,4,3,1,108.36,2025-12-29,Google Search
C04274,New Customers,4,1,4,65,1,108.34,2025-10-28,Meta Ads
C03388,New Customers,5,1,4,28,1,108.08,2025-12-04,Email / Referral
C03715,New Customers,4,1,4,72,1,108.02,2025-10-21,Google Search
C05725,New Customers,4,1,4,107,1,107.69,2025-09-16,Google Search
C04656,New Customers,4,1,4,61,1,107.58,2025-11-01,Google Search
C00380,New Customers,4,1,4,155,1,107.29,2025-07-30,Meta Ads
C00632,New Customers,4,1,4,92,1,107.27,2025-10-01,Google Search
C04129,New Customers,4,1,4,108,1,105.81,2025-09-15,Google Search
C00743,New Customers,4,1,4,65,1,105.54,2025-10-28,Google Search
C04667,New Customers,4,1,4,99,1,105.34,2025-09-24,Google Search
C01074,New Customers,5,1,4,32,1,105.24,2025-11-30,Meta Ads
C03418,New Customers,4,1,4,116,1,105.24,2025-09-07,Organic / SEO
C00518,New Customers,4,1,4,146,1,104.79,2025-08-08,Organic / SEO
C00862,New Customers,4,1,4,154,1,104.79,2025-07-31,Programmatic
C01103,New Customers,4,1,4,108,1,104.38,2025-09-15,Organic / SEO
C01989,New Customers,5,1,4,7,1,104.12,2025-12-25,Organic / SEO
C00572,New Customers,4,1,4,77,1,103.87,2025-10-16,Meta Ads
C04255,New Customers,4,1,4,76,1,103.74,2025-10-17,Organic / SEO
C05255,New Customers,4,1,4,140,1,103.69,2025-08-14,Meta Ads
C03275,New Customers,4,1,4,173,1,103.32,2025-07-12,Organic / SEO
C00838,New Customers,5,1,4,9,1,103.27,2025-12-23,Organic / SEO
C01745,New Customers,4,1,4,168,1,103.23,2025-07-17,Email / Referral
C00631,New Customers,5,1,4,37,1,102.81,2025-11-25,Organic / SEO
C04321,New Customers,4,1,4,91,1,102.76,2025-10-02,Email / Referral
C00468,New Customers,5,1,4,30,1,102.48,2025-12-02,Organic / SEO
C03952,New Customers,5,1,4,21,1,102.01,2025-12-11,Programmatic
C00512,New Customers,4,1,4,79,1,101.61,2025-10-14,Google Search
C04487,New Customers,4,1,4,123,1,101.15,2025-08-31,Google Search
C03396,New Customers,5,1,4,36,1,100.88,2025-11-26,Organic / SEO
C02516,New Customers,4,1,4,82,1,100.43,2025-10-11,Organic / SEO
C04989,New Customers,5,1,4,39,1,100.23,2025-11-23,Google Search
C04138,New Customers,4,1,4,70,1,100.19,2025-10-23,Organic / SEO
C03017,New Customers,5,1,4,26,1,99.84,2025-12-06,Organic / SEO
C01666,New Customers,4,1,4,73,1,99.67,2025-10-20,Meta Ads
C03714,New Customers,4,1,4,138,1,99.25,2025-08-16,Email / Referral
C03205,New Customers,5,1,4,35,1,99.05,2025-11-27,Google Search
C01863,New Customers,5,1,4,5,1,99.02,2025-12-27,Google Search
C03305,New Customers,4,1,4,162,1,98.88,2025-07-23,Google Search
C04348,New Customers,5,1,4,58,1,98.7,2025-11-04,Organic / SEO
C04694,New Customers,4,1,4,70,1,98.65,2025-10-23,Google Search
C05423,New Customers,4,1,4,117,1,98.53,2025-09-06,Organic / SEO
C04238,New Customers,4,1,4,61,1,98.31,2025-11-01,Google Search
C03748,New Customers,5,1,4,58,1,98.22,2025-11-04,Programmatic
C03171,New Customers,5,1,4,7,1,98.2,2025-12-25,Google Search
C05896,New Customers,4,1,4,122,1,97.83,2025-09-01,Google Search
C00813,New Customers,5,1,4,4,1,97.75,2025-12-28,Meta Ads
C02762,New Customers,5,1,4,39,1,97.64,2025-11-23,Google Search
C01104,New Customers,4,1,4,81,1,97.46,2025-10-12,Google Search
C02337,New Customers,4,1,4,61,1,96.9,2025-11-01,Email / Referral
C00508,New Customers,4,1,4,82,1,96.81,2025-10-11,Google Search
C02974,New Customers,5,1,4,34,1,96.59,2025-11-28,Google Search
C01515,New Customers,5,1,4,50,1,96.49,2025-11-12,Organic / SEO
C03402,New Customers,4,1,4,84,1,96.27,2025-10-09,Organic / SEO
C01374,New Customers,4,1,4,101,1,96.22,2025-09-22,Email / Referral
C01862,New Customers,5,1,4,4,1,95.89,2025-12-28,Google Search
C04409,New Customers,5,1,4,58,1,95.84,2025-11-04,Organic / SEO
C05495,New Customers,4,1,4,67,1,95.56,2025-10-26,Organic / SEO
C04340,New Customers,4,1,4,99,1,95.5,2025-09-24,Organic / SEO
C03859,New Customers,4,1,4,171,1,95.44,2025-07-14,Meta Ads
C04231,New Customers,5,1,4,12,1,95.21,2025-12-20,Meta Ads
C03223,New Customers,4,1,4,134,1,95.16,2025-08-20,Meta Ads
C01867,New Customers,5,1,4,33,1,94.84,2025-11-29,Google Search
C02961,New Customers,4,1,4,109,1,94.45,2025-09-14,Google Search
C05509,New Customers,4,1,4,116,1,94.35,2025-09-07,Programmatic
C05393,New Customers,5,1,4,11,1,94.28,2025-12-21,Organic / SEO
C04123,New Customers,5,1,4,53,1,94.06,2025-11-09,Google Search
C02181,New Customers,4,1,4,117,1,93.55,2025-09-06,Google Search
C04960,New Customers,4,1,4,165,1,93.44,2025-07-20,Programmatic
C01372,New Customers,5,1,4,26,1,93.24,2025-12-06,Email / Referral
C05592,New Customers,4,1,4,113,1,93.21,2025-09-10,Google Search
C03513,New Customers,5,1,4,6,1,92.96,2025-12-26,Google Search
C05612,New Customers,4,1,4,168,1,92.89,2025-07-17,Meta Ads
C05366,New Customers,5,1,4,24,1,92.8,2025-12-08,Programmatic
C05171,New Customers,4,1,4,164,1,92.35,2025-07-21,Google Search
C03012,New Customers,5,1,4,52,1,92.3,2025-11-10,Organic / SEO
C01285,New Customers,5,1,4,36,1,92.29,2025-11-26,Programmatic
C04929,New Customers,4,1,4,164,1,92.23,2025-07-21,Programmatic
C01839,New Customers,4,1,4,128,1,91.85,2025-08-26,Organic / SEO
C00965,New Customers,5,1,4,24,1,91.71,2025-12-08,Unknown
C03848,New Customers,4,1,4,172,1,91.61,2025-07-13,Meta Ads
C05427,New Customers,5,1,4,25,1,91.38,2025-12-07,Email / Referral
C00668,New Customers,5,1,4,1,1,91.36,2025-12-31,Meta Ads
C01795,New Customers,5,1,4,43,1,90.95,2025-11-19,Organic / SEO
C00800,New Customers,4,1,4,170,1,90.69,2025-07-15,Google Search
C05087,New Customers,4,1,4,118,1,90.59,2025-09-05,Organic / SEO
C05689,New Customers,4,1,4,128,1,90.56,2025-08-26,Organic / SEO
C05681,New Customers,4,1,4,62,1,90.47,2025-10-31,Meta Ads
C01972,New Customers,5,1,4,16,1,90.4,2025-12-16,Google Search
C03395,New Customers,4,1,4,147,1,90.29,2025-08-07,Organic / SEO
C03457,New Customers,5,1,4,31,1,90.06,2025-12-01,Google Search
C05442,New Customers,4,1,4,99,1,90.04,2025-09-24,Google Search
C03567,New Customers,4,1,4,66,1,89.98,2025-10-27,Google Search
C01312,New Customers,5,1,4,37,1,89.95,2025-11-25,Google Search
C05713,New Customers,5,1,4,9,1,89.77,2025-12-23,Google Search
C05975,New Customers,5,1,4,16,1,89.74,2025-12-16,Google Search
C01249,New Customers,5,1,4,53,1,89.17,2025-11-09,Email / Referral
C03599,New Customers,5,1,4,25,1,88.88,2025-12-07,Organic / SEO
C03049,New Customers,5,1,4,40,1,88.82,2025-11-22,Programmatic
C04500,New Customers,4,1,4,127,1,88.66,2025-08-27,Email / Referral
C02269,New Customers,4,1,4,159,1,88.47,2025-07-26,Organic / SEO
C00609,New Customers,4,1,4,153,1,88.37,2025-08-01,Google Search
C03349,New Customers,4,1,4,124,1,88.36,2025-08-30,Organic / SEO
C00928,New Customers,4,1,4,72,1,88.24,2025-10-21,Programmatic
C03902,New Customers,4,1,4,100,1,88.24,2025-09-23,Google Search
C01735,New Customers,4,1,4,62,1,88.19,2025-10-31,Email / Referral
C03695,New Customers,4,1,4,139,1,88.19,2025-08-15,Meta Ads
C02766,New Customers,5,1,4,28,1,88.09,2025-12-04,Meta Ads
C04952,New Customers,4,1,4,146,1,88.06,2025-08-08,Programmatic
C02432,New Customers,4,1,4,163,1,87.85,2025-07-22,Google Search
C04302,New Customers,4,1,4,166,1,87.78,2025-07-19,Organic / SEO
C05944,New Customers,4,1,4,96,1,87.74,2025-09-27,Google Search
C04611,New Customers,4,1,4,64,1,87.62,2025-10-29,Google Search
C04365,New Customers,4,1,4,144,1,87.57,2025-08-10,Google Search
C01391,New Customers,5,1,4,32,1,87.33,2025-11-30,Google Search
C03514,New Customers,5,1,4,15,1,87.29,2025-12-17,Email / Referral
C02633,New Customers,5,1,4,53,1,87.22,2025-11-09,Google Search
C00056,New Customers,4,1,4,120,1,87.18,2025-09-03,Google Search
C00236,New Customers,4,1,4,104,1,87.04,2025-09-19,Google Search
C03101,New Customers,5,1,4,24,1,87.0,2025-12-08,Meta Ads
C03173,New Customers,4,1,4,168,1,87.0,2025-07-17,Google Search
C05445,New Customers,5,1,4,20,1,86.93,2025-12-12,Google Search
C05919,New Customers,4,1,4,61,1,86.76,2025-11-01,Programmatic
C03342,New Customers,4,1,4,92,1,86.49,2025-10-01,Google Search
C01489,New Customers,5,1,4,49,1,86.21,2025-11-13,Google Search
C04234,New Customers,4,1,4,125,1,85.98,2025-08-29,Google Search
C01789,New Customers,4,1,4,69,1,85.83,2025-10-24,Meta Ads
C02165,New Customers,5,1,4,57,1,85.73,2025-11-05,Meta Ads
C01638,New Customers,5,1,4,37,1,85.63,2025-11-25,Programmatic
C01955,New Customers,5,1,4,45,1,85.45,2025-11-17,Email / Referral
C00233,New Customers,5,1,4,17,1,85.34,2025-12-15,Email / Referral
C05425,New Customers,5,1,4,34,1,85.34,2025-11-28,Google Search
C00616,New Customers,4,1,4,152,1,85.23,2025-08-02,Google Search
C04624,New Customers,5,1,4,48,1,85.16,2025-11-14,Organic / SEO
C03323,New Customers,4,1,4,170,1,85.12,2025-07-15,Google Search
C04602,New Customers,5,1,4,38,1,84.85,2025-11-24,Email / Referral
C03597,New Customers,4,1,4,61,1,84.7,2025-11-01,Google Search
C01699,New Customers,5,1,4,20,1,84.66,2025-12-12,Google Search
C04130,New Customers,5,1,4,44,1,84.22,2025-11-18,Meta Ads
C02820,New Customers,5,1,4,38,1,84.16,2025-11-24,Programmatic
C04924,New Customers,5,1,4,56,1,84.12,2025-11-06,Meta Ads
C05295,New Customers,4,1,4,132,1,84.09,2025-08-22,Meta Ads
C04770,New Customers,4,1,4,169,1,83.84,2025-07-16,Email / Referral
C00995,New Customers,5,1,4,37,1,83.79,2025-11-25,Email / Referral
C03174,New Customers,5,1,4,8,1,83.76,2025-12-24,Google Search
C00502,New Customers,5,1,4,54,1,83.56,2025-11-08,Meta Ads
C05186,New Customers,4,1,4,63,1,83.37,2025-10-30,Meta Ads
C02775,New Customers,4,1,4,138,1,83.36,2025-08-16,Organic / SEO
C01586,New Customers,5,1,4,31,1,83.26,2025-12-01,Meta Ads
C04743,New Customers,4,1,4,121,1,83.21,2025-09-02,Google Search
C01176,New Customers,4,1,4,141,1,83.09,2025-08-13,Google Search
C01084,New Customers,4,1,4,78,1,82.82,2025-10-15,Google Search
C02825,New Customers,5,1,4,10,1,82.63,2025-12-22,Programmatic
C00883,New Customers,5,1,4,32,1,82.49,2025-11-30,Meta Ads
C04856,New Customers,5,1,4,25,1,82.45,2025-12-07,Google Search
C04549,New Customers,4,1,4,157,1,82.44,2025-07-28,Organic / SEO
C03881,New Customers,4,1,4,163,1,82.43,2025-07-22,Google Search
C00279,New Customers,5,1,4,58,1,82.39,2025-11-04,Organic / SEO
C03596,New Customers,5,1,4,2,1,82.31,2025-12-30,Meta Ads
C04026,New Customers,5,1,4,27,1,82.31,2025-12-05,Google Search
C05561,New Customers,5,1,4,35,1,82.28,2025-11-27,Email / Referral
C02508,New Customers,5,1,4,32,1,81.91,2025-11-30,Google Search
C00214,New Customers,4,1,4,104,1,81.83,2025-09-19,Organic / SEO
C03448,New Customers,4,1,4,136,1,81.61,2025-08-18,Meta Ads
C04086,New Customers,5,1,4,38,1,81.6,2025-11-24,Email / Referral
C04683,New Customers,4,1,4,134,1,81.45,2025-08-20,Email / Referral
C02503,New Customers,5,1,4,25,1,81.25,2025-12-07,Google Search
C01324,New Customers,4,1,4,116,1,81.24,2025-09-07,Programmatic
C03605,New Customers,5,1,4,32,1,81.22,2025-11-30,Google Search
C01412,New Customers,5,1,4,12,1,81.18,2025-12-20,Organic / SEO
C00640,New Customers,4,1,4,63,1,81.17,2025-10-30,Meta Ads
C01866,New Customers,4,1,4,67,1,80.94,2025-10-26,Meta Ads
C03462,New Customers,4,1,4,114,1,80.86,2025-09-09,Google Search
C00100,New Customers,5,1,4,19,1,80.85,2025-12-13,Google Search
C03780,New Customers,5,1,4,19,1,80.83,2025-12-13,Email / Referral
C00162,New Customers,5,1,4,41,1,80.78,2025-11-21,Organic / SEO
C05851,New Customers,5,1,4,3,1,80.65,2025-12-29,Google Search
C02770,New Customers,5,1,4,5,1,80.59,2025-12-27,Google Search
C02381,New Customers,4,1,4,75,1,80.41,2025-10-18,Meta Ads
C04003,New Customers,4,1,4,72,1,80.33,2025-10-21,Google Search
C02320,New Customers,5,1,4,39,1,80.29,2025-11-23,Meta Ads
C02466,New Customers,4,1,4,152,1,80.27,2025-08-02,Meta Ads
C04443,New Customers,5,1,4,57,1,80.23,2025-11-05,Programmatic
C01667,New Customers,4,1,4,75,1,80.14,2025-10-18,Email / Referral
C00457,New Customers,5,1,4,10,1,80.1,2025-12-22,Meta Ads
C03274,New Customers,4,1,4,168,1,79.93,2025-07-17,Organic / SEO
C02742,New Customers,4,1,4,77,1,79.86,2025-10-16,Organic / SEO
C03529,New Customers,4,1,4,82,1,79.78,2025-10-11,Email / Referral
C02187,New Customers,4,1,4,95,1,79.66,2025-09-28,Meta Ads
C05603,New Customers,5,1,4,49,1,79.58,2025-11-13,Google Search
C02667,New Customers,5,1,3,50,1,79.55,2025-11-12,Meta Ads
C02467,New Customers,4,1,3,88,1,79.33,2025-10-05,Meta Ads
C01378,New Customers,4,1,3,60,1,79.3,2025-11-02,Programmatic
C04853,New Customers,4,1,3,103,1,79.29,2025-09-20,Organic / SEO
C05814,New Customers,4,1,3,164,1,79.25,2025-07-21,Programmatic
C00724,New Customers,5,1,3,20,1,79.22,2025-12-12,Google Search
C04163,New Customers,4,1,3,67,1,79.2,2025-10-26,Meta Ads
C04919,New Customers,5,1,3,39,1,79.17,2025-11-23,Email / Referral
C02274,New Customers,4,1,3,78,1,79.13,2025-10-15,Organic / SEO
C04226,New Customers,4,1,3,59,1,79.05,2025-11-03,Organic / SEO
C01981,New Customers,4,1,3,67,1,78.98,2025-10-26,Meta Ads
C04432,New Customers,5,1,3,47,1,78.97,2025-11-15,Organic / SEO
C03251,New Customers,5,1,3,15,1,78.84,2025-12-17,Google Search
C02143,New Customers,4,1,3,129,1,78.76,2025-08-25,Google Search
C02892,New Customers,5,1,3,10,1,78.48,2025-12-22,Organic / SEO
C05658,New Customers,4,1,3,107,1,78.4,2025-09-16,Organic / SEO
C03725,New Customers,4,1,3,94,1,78.39,2025-09-29,Organic / SEO
C01615,New Customers,4,1,3,83,1,78.36,2025-10-10,Meta Ads
C02746,New Customers,4,1,3,118,1,78.36,2025-09-05,Meta Ads
C01681,New Customers,4,1,3,144,1,78.14,2025-08-10,Programmatic
C03711,New Customers,4,1,3,62,1,78.11,2025-10-31,Email / Referral
C05297,New Customers,5,1,3,5,1,78.0,2025-12-27,Organic / SEO
C03297,New Customers,4,1,3,136,1,77.98,2025-08-18,Google Search
C03458,New Customers,5,1,3,47,1,77.71,2025-11-15,Google Search
C01815,New Customers,4,1,3,87,1,77.68,2025-10-06,Organic / SEO
C00334,New Customers,4,1,3,66,1,77.5,2025-10-27,Meta Ads
C02529,New Customers,4,1,3,87,1,77.46,2025-10-06,Organic / SEO
C03243,New Customers,5,1,3,39,1,77.38,2025-11-23,Google Search
C02695,New Customers,4,1,3,59,1,77.3,2025-11-03,Email / Referral
C01305,New Customers,4,1,3,89,1,77.22,2025-10-04,Meta Ads
C04914,New Customers,5,1,3,30,1,77.12,2025-12-02,Organic / SEO
C00591,New Customers,5,1,3,36,1,77.07,2025-11-26,Google Search
C04992,New Customers,4,1,3,70,1,77.06,2025-10-23,Organic / SEO
C03393,New Customers,5,1,3,13,1,76.98,2025-12-19,Organic / SEO
C01548,New Customers,4,1,3,140,1,76.82,2025-08-14,Google Search
C05162,New Customers,5,1,3,30,1,76.72,2025-12-02,Organic / SEO
C03627,New Customers,5,1,3,54,1,76.68,2025-11-08,Google Search
C02051,New Customers,5,1,3,7,1,76.6,2025-12-25,Meta Ads
C05110,New Customers,4,1,3,82,1,76.57,2025-10-11,Meta Ads
C00853,New Customers,4,1,3,68,1,76.49,2025-10-25,Organic / SEO
C02404,New Customers,5,1,3,51,1,76.47,2025-11-11,Email / Referral
C00825,New Customers,4,1,3,83,1,76.44,2025-10-10,Organic / SEO
C03433,New Customers,5,1,3,8,1,76.22,2025-12-24,Organic / SEO
C00226,New Customers,5,1,3,37,1,76.05,2025-11-25,Google Search
C03181,New Customers,5,1,3,32,1,76.02,2025-11-30,Meta Ads
C00152,New Customers,5,1,3,49,1,76.0,2025-11-13,Organic / SEO
C00863,New Customers,4,1,3,118,1,75.9,2025-09-05,Google Search
C04287,New Customers,5,1,3,43,1,75.84,2025-11-19,Programmatic
C02653,New Customers,4,1,3,97,1,75.71,2025-09-26,Programmatic
C03810,New Customers,4,1,3,108,1,75.65,2025-09-15,Email / Referral
C02954,New Customers,5,1,3,42,1,75.55,2025-11-20,Programmatic
C02943,New Customers,4,1,3,97,1,75.54,2025-09-26,Google Search
C00262,New Customers,4,1,3,90,1,75.5,2025-10-03,Google Search
C03675,New Customers,4,1,3,113,1,75.29,2025-09-10,Meta Ads
C05213,New Customers,5,1,3,19,1,75.16,2025-12-13,Meta Ads
C01534,New Customers,4,1,3,172,1,75.13,2025-07-13,Google Search
C00748,New Customers,4,1,3,80,1,74.96,2025-10-13,Meta Ads
C02377,New Customers,4,1,3,60,1,74.96,2025-11-02,Organic / SEO
C02980,New Customers,5,1,3,58,1,74.84,2025-11-04,Organic / SEO
C00617,New Customers,4,1,3,141,1,74.81,2025-08-13,Meta Ads
C02071,New Customers,4,1,3,67,1,74.8,2025-10-26,Meta Ads
C04400,New Customers,4,1,3,121,1,74.77,2025-09-02,Email / Referral
C00139,New Customers,4,1,3,118,1,74.76,2025-09-05,Google Search
C04092,New Customers,4,1,3,131,1,74.71,2025-08-23,Google Search
C04056,New Customers,4,1,3,74,1,74.6,2025-10-19,Google Search
C00638,New Customers,4,1,3,166,1,74.54,2025-07-19,Organic / SEO
C00720,New Customers,5,1,3,23,1,74.47,2025-12-09,Meta Ads
C01256,New Customers,4,1,3,72,1,74.34,2025-10-21,Google Search
C04364,New Customers,5,1,3,11,1,74.21,2025-12-21,Organic / SEO
C00981,New Customers,5,1,3,6,1,74.19,2025-12-26,Programmatic
C01875,New Customers,5,1,3,45,1,74.19,2025-11-17,Meta Ads
C04330,New Customers,5,1,3,39,1,74.16,2025-11-23,Programmatic
C01692,New Customers,5,1,3,42,1,74.11,2025-11-20,Meta Ads
C05940,New Customers,4,1,3,83,1,74.06,2025-10-10,Organic / SEO
C03739,New Customers,4,1,3,110,1,73.98,2025-09-13,Organic / SEO
C04347,New Customers,4,1,3,130,1,73.65,2025-08-24,Meta Ads
C05781,New Customers,5,1,3,3,1,73.63,2025-12-29,Google Search
C02691,New Customers,5,1,3,26,1,73.48,2025-12-06,Meta Ads
C05807,New Customers,4,1,3,172,1,73.48,2025-07-13,Organic / SEO
C02044,New Customers,5,1,3,35,1,73.43,2025-11-27,Meta Ads
C00370,New Customers,5,1,3,48,1,73.4,2025-11-14,Organic / SEO
C01057,New Customers,5,1,3,43,1,73.3,2025-11-19,Programmatic
C03036,New Customers,4,1,3,171,1,73.29,2025-07-14,Google Search
C05660,New Customers,4,1,3,143,1,73.29,2025-08-11,Programmatic
C05344,New Customers,4,1,3,156,1,73.23,2025-07-29,Google Search
C01825,New Customers,4,1,3,149,1,73.15,2025-08-05,Programmatic
C05355,New Customers,5,1,3,46,1,73.03,2025-11-16,Meta Ads
C01829,New Customers,5,1,3,38,1,72.87,2025-11-24,Email / Referral
C03639,New Customers,4,1,3,104,1,72.86,2025-09-19,Organic / SEO
C00912,New Customers,5,1,3,58,1,72.79,2025-11-04,Organic / SEO
C01351,New Customers,4,1,3,110,1,72.68,2025-09-13,Google Search
C05577,New Customers,5,1,3,9,1,72.43,2025-12-23,Meta Ads
C01268,New Customers,5,1,3,11,1,72.31,2025-12-21,Organic / SEO
C04821,New Customers,4,1,3,165,1,72.29,2025-07-20,Programmatic
C02856,New Customers,5,1,3,30,1,72.22,2025-12-02,Google Search
C00677,New Customers,5,1,3,41,1,72.21,2025-11-21,Meta Ads
C02647,New Customers,4,1,3,155,1,72.07,2025-07-30,Organic / SEO
C01777,New Customers,4,1,3,167,1,72.03,2025-07-18,Google Search
C04051,New Customers,5,1,3,25,1,71.9,2025-12-07,Google Search
C00042,New Customers,4,1,3,85,1,71.74,2025-10-08,Google Search
C03148,New Customers,4,1,3,167,1,71.73,2025-07-18,Meta Ads
C04469,New Customers,5,1,3,4,1,71.72,2025-12-28,Meta Ads
C05786,New Customers,4,1,3,149,1,71.65,2025-08-05,Google Search
C05480,New Customers,5,1,3,1,1,71.59,2025-12-31,Email / Referral
C05974,New Customers,5,1,3,3,1,71.55,2025-12-29,Meta Ads
C01876,New Customers,4,1,3,108,1,71.51,2025-09-15,Google Search
C01556,New Customers,4,1,3,132,1,71.47,2025-08-22,Programmatic
C01071,New Customers,5,1,3,58,1,71.45,2025-11-04,Organic / SEO
C01027,New Customers,5,1,3,26,1,71.44,2025-12-06,Organic / SEO
C01087,New Customers,4,1,3,131,1,71.43,2025-08-23,Organic / SEO
C05428,New Customers,4,1,3,95,1,71.38,2025-09-28,Google Search
C00785,New Customers,5,1,3,8,1,71.34,2025-12-24,Organic / SEO
C02454,New Customers,4,1,3,113,1,71.28,2025-09-10,Programmatic
C02681,New Customers,4,1,3,106,1,71.19,2025-09-17,Google Search
C01973,New Customers,4,1,3,152,1,71.13,2025-08-02,Meta Ads
C03508,New Customers,4,1,3,100,1,70.97,2025-09-23,Google Search
C02950,New Customers,5,1,3,58,1,70.96,2025-11-04,Google Search
C03090,New Customers,5,1,3,39,1,70.83,2025-11-23,Meta Ads
C05323,New Customers,4,1,3,64,1,70.77,2025-10-29,Meta Ads
C05808,New Customers,4,1,3,86,1,70.68,2025-10-07,Meta Ads
C05923,New Customers,4,1,3,143,1,70.51,2025-08-11,Organic / SEO
C00320,New Customers,5,1,3,26,1,70.49,2025-12-06,Unknown
C00541,New Customers,5,1,3,6,1,70.49,2025-12-26,Programmatic
C02991,New Customers,4,1,3,113,1,70.26,2025-09-10,Programmatic
C02057,New Customers,5,1,3,11,1,70.12,2025-12-21,Organic / SEO
C02934,New Customers,5,1,3,55,1,70.0,2025-11-07,Programmatic
C04763,New Customers,5,1,3,38,1,69.86,2025-11-24,Google Search
C05547,New Customers,5,1,3,15,1,69.83,2025-12-17,Organic / SEO
C04681,New Customers,5,1,3,28,1,69.82,2025-12-04,Meta Ads
C04270,New Customers,4,1,3,136,1,69.8,2025-08-18,Google Search
C03373,New Customers,4,1,3,70,1,69.79,2025-10-23,Organic / SEO
C02473,New Customers,4,1,3,159,1,69.66,2025-07-26,Meta Ads
C04261,New Customers,5,1,3,21,1,69.66,2025-12-11,Email / Referral
C05129,New Customers,5,1,3,40,1,69.62,2025-11-22,Google Search
C03581,New Customers,4,1,3,130,1,69.55,2025-08-24,Organic / SEO
C02718,New Customers,5,1,3,5,1,69.37,2025-12-27,Google Search
C00529,New Customers,4,1,3,126,1,69.33,2025-08-28,Meta Ads
C01968,New Customers,4,1,3,74,1,69.21,2025-10-19,Email / Referral
C05281,New Customers,5,1,3,21,1,69.21,2025-12-11,Google Search
C03248,New Customers,4,1,3,106,1,69.15,2025-09-17,Meta Ads
C02153,New Customers,4,1,3,127,1,69.08,2025-08-27,Organic / SEO
C05021,New Customers,5,1,3,39,1,69.0,2025-11-23,Meta Ads
C03566,New Customers,4,1,3,99,1,68.91,2025-09-24,Organic / SEO
C02485,New Customers,4,1,3,96,1,68.89,2025-09-27,Email / Referral
C02904,New Customers,5,1,3,2,1,68.88,2025-12-30,Meta Ads
C03957,New Customers,5,1,3,6,1,68.78,2025-12-26,Organic / SEO
C05771,New Customers,4,1,3,106,1,68.7,2025-09-17,Meta Ads
C04931,New Customers,4,1,3,136,1,68.6,2025-08-18,Google Search
C00873,New Customers,5,1,3,11,1,68.5,2025-12-21,Meta Ads
C04060,New Customers,4,1,3,107,1,68.44,2025-09-16,Programmatic
C05050,New Customers,5,1,3,10,1,68.43,2025-12-22,Google Search
C01082,New Customers,5,1,3,42,1,68.41,2025-11-20,Email / Referral
C05927,New Customers,4,1,3,94,1,68.41,2025-09-29,Meta Ads
C04782,New Customers,5,1,3,2,1,68.32,2025-12-30,Organic / SEO
C00655,New Customers,4,1,3,72,1,68.25,2025-10-21,Meta Ads
C02756,New Customers,4,1,3,108,1,68.1,2025-09-15,Google Search
C00603,New Customers,5,1,3,46,1,68.09,2025-11-16,Google Search
C04205,New Customers,4,1,3,143,1,67.97,2025-08-11,Organic / SEO
C03515,New Customers,5,1,3,39,1,67.91,2025-11-23,Google Search
C04547,New Customers,5,1,3,10,1,67.8,2025-12-22,Organic / SEO
C04711,New Customers,4,1,3,111,1,67.8,2025-09-12,Email / Referral
C05699,New Customers,4,1,3,71,1,67.75,2025-10-22,Email / Referral
C04805,New Customers,4,1,3,97,1,67.61,2025-09-26,Organic / SEO
C01352,New Customers,4,1,3,82,1,67.58,2025-10-11,Google Search
C02133,New Customers,5,1,3,5,1,67.44,2025-12-27,Email / Referral
C05466,New Customers,4,1,3,100,1,67.42,2025-09-23,Organic / SEO
C01032,New Customers,4,1,3,162,1,67.39,2025-07-23,Google Search
C01223,New Customers,5,1,3,50,1,67.38,2025-11-12,Meta Ads
C04662,New Customers,5,1,3,40,1,67.31,2025-11-22,Organic / SEO
C03536,New Customers,4,1,3,110,1,67.27,2025-09-13,Meta Ads
C03512,New Customers,4,1,3,170,1,67.19,2025-07-15,Meta Ads
C04684,New Customers,4,1,3,150,1,67.14,2025-08-04,Email / Referral
C04900,New Customers,4,1,3,112,1,67.08,2025-09-11,Google Search
C05610,New Customers,4,1,3,169,1,67.0,2025-07-16,Google Search
C05749,New Customers,5,1,3,16,1,67.0,2025-12-16,Meta Ads
C05891,New Customers,5,1,3,17,1,66.94,2025-12-15,Meta Ads
C05698,New Customers,5,1,3,47,1,66.84,2025-11-15,Meta Ads
C02219,New Customers,5,1,3,26,1,66.8,2025-12-06,Meta Ads
C03113,New Customers,4,1,3,168,1,66.77,2025-07-17,Meta Ads
C00431,New Customers,5,1,3,36,1,66.66,2025-11-26,Meta Ads
C00803,New Customers,5,1,3,52,1,66.63,2025-11-10,Meta Ads
C01286,New Customers,5,1,3,33,1,66.62,2025-11-29,Programmatic
C00371,New Customers,4,1,3,132,1,66.61,2025-08-22,Programmatic
C03072,New Customers,5,1,3,18,1,66.55,2025-12-14,Meta Ads
C05075,New Customers,5,1,3,8,1,66.55,2025-12-24,Programmatic
C01918,New Customers,4,1,3,158,1,66.52,2025-07-27,Google Search
C03249,New Customers,5,1,3,57,1,66.46,2025-11-05,Organic / SEO
C04557,New Customers,4,1,3,127,1,66.46,2025-08-27,Meta Ads
C01959,New Customers,4,1,3,74,1,66.41,2025-10-19,Google Search
C02859,New Customers,4,1,3,142,1,66.4,2025-08-12,Unknown
C01258,New Customers,4,1,3,93,1,66.36,2025-09-30,Programmatic
C05364,New Customers,5,1,3,48,1,66.35,2025-11-14,Meta Ads
C00871,New Customers,4,1,3,145,1,66.34,2025-08-09,Organic / SEO
C01967,New Customers,4,1,3,155,1,66.33,2025-07-30,Meta Ads
C05293,New Customers,4,1,3,65,1,66.33,2025-10-28,Google Search
C02077,New Customers,5,1,3,12,1,66.28,2025-12-20,Google Search
C00055,New Customers,4,1,3,172,1,66.19,2025-07-13,Google Search
C01574,New Customers,4,1,3,82,1,66.12,2025-10-11,Meta Ads
C00405,New Customers,5,1,3,2,1,66.09,2025-12-30,Google Search
C03582,New Customers,4,1,3,112,1,66.07,2025-09-11,Google Search
C02273,New Customers,4,1,3,138,1,66.04,2025-08-16,Programmatic
C03646,New Customers,4,1,3,137,1,66.01,2025-08-17,Meta Ads
C01648,New Customers,4,1,3,109,1,65.93,2025-09-14,Meta Ads
C00708,New Customers,4,1,3,118,1,65.91,2025-09-05,Meta Ads
C02705,New Customers,4,1,3,169,1,65.88,2025-07-16,Meta Ads
C04178,New Customers,5,1,3,7,1,65.84,2025-12-25,Organic / SEO
C01421,New Customers,4,1,3,172,1,65.76,2025-07-13,Google Search
C01612,New Customers,4,1,3,123,1,65.41,2025-08-31,Organic / SEO
C03535,New Customers,4,1,3,172,1,65.41,2025-07-13,Programmatic
C05199,New Customers,4,1,3,139,1,65.41,2025-08-15,Google Search
C00143,New Customers,5,1,3,31,1,65.33,2025-12-01,Google Search
C04389,New Customers,4,1,3,161,1,65.22,2025-07-24,Google Search
C03505,New Customers,4,1,3,163,1,65.17,2025-07-22,Organic / SEO
C03028,New Customers,4,1,3,67,1,65.16,2025-10-26,Email / Referral
C00426,New Customers,4,1,3,106,1,65.11,2025-09-17,Google Search
C02225,New Customers,5,1,3,48,1,65.0,2025-11-14,Google Search
C00914,New Customers,5,1,3,8,1,64.89,2025-12-24,Organic / SEO
C00614,New Customers,5,1,3,8,1,64.83,2025-12-24,Google Search
C04852,New Customers,4,1,3,154,1,64.8,2025-07-31,Meta Ads
C04519,New Customers,4,1,3,132,1,64.77,2025-08-22,Organic / SEO
C05618,New Customers,4,1,3,83,1,64.77,2025-10-10,Google Search
C03256,New Customers,4,1,3,104,1,64.76,2025-09-19,Google Search
C00280,New Customers,4,1,3,73,1,64.73,2025-10-20,Google Search
C01143,New Customers,4,1,3,85,1,64.66,2025-10-08,Email / Referral
C00503,New Customers,5,1,3,4,1,64.64,2025-12-28,Organic / SEO
C01193,New Customers,5,1,3,58,1,64.61,2025-11-04,Organic / SEO
C01854,New Customers,4,1,3,137,1,64.39,2025-08-17,Meta Ads
C02262,New Customers,5,1,3,7,1,64.37,2025-12-25,Google Search
C05473,New Customers,5,1,3,28,1,64.32,2025-12-04,Google Search
C01075,New Customers,4,1,3,71,1,64.31,2025-10-22,Unknown
C04885,New Customers,4,1,3,67,1,64.31,2025-10-26,Programmatic
C02196,New Customers,4,1,3,96,1,64.13,2025-09-27,Meta Ads
C01979,New Customers,4,1,3,152,1,64.12,2025-08-02,Programmatic
C05526,New Customers,5,1,3,41,1,64.1,2025-11-21,Email / Referral
C05717,New Customers,4,1,3,89,1,64.08,2025-10-04,Meta Ads
C02525,New Customers,5,1,3,42,1,64.07,2025-11-20,Google Search
C01130,New Customers,5,1,3,4,1,64.03,2025-12-28,Meta Ads
C02619,New Customers,4,1,3,91,1,64.03,2025-10-02,Google Search
C05748,New Customers,5,1,3,23,1,64.0,2025-12-09,Google Search
C05040,New Customers,4,1,3,132,1,63.78,2025-08-22,Email / Referral
C01523,New Customers,5,1,3,55,1,63.67,2025-11-07,Meta Ads
C00868,New Customers,4,1,3,108,1,63.64,2025-09-15,Google Search
C00579,New Customers,4,1,3,73,1,63.63,2025-10-20,Programmatic
C00343,New Customers,4,1,3,106,1,63.62,2025-09-17,Programmatic
C03579,New Customers,4,1,3,144,1,63.6,2025-08-10,Google Search
C02487,New Customers,4,1,3,125,1,63.47,2025-08-29,Programmatic
C02279,New Customers,4,1,3,67,1,63.42,2025-10-26,Programmatic
C00045,New Customers,4,1,3,85,1,63.41,2025-10-08,Meta Ads
C01088,New Customers,4,1,3,132,1,63.36,2025-08-22,Google Search
C01874,New Customers,5,1,3,8,1,63.33,2025-12-24,Google Search
C04814,New Customers,5,1,3,30,1,63.23,2025-12-02,Organic / SEO
C01420,New Customers,5,1,3,14,1,63.18,2025-12-18,Google Search
C01676,New Customers,5,1,3,31,1,63.15,2025-12-01,Meta Ads
C04907,New Customers,5,1,3,57,1,63.0,2025-11-05,Organic / SEO
C04899,New Customers,5,1,3,53,1,62.94,2025-11-09,Google Search
C03428,New Customers,5,1,3,57,1,62.9,2025-11-05,Meta Ads
C00410,New Customers,5,1,3,1,1,62.88,2025-12-31,Google Search
C00532,New Customers,4,1,3,172,1,62.85,2025-07-13,Programmatic
C03593,New Customers,4,1,3,103,1,62.81,2025-09-20,Programmatic
C03662,New Customers,5,1,3,44,1,62.75,2025-11-18,Email / Referral
C02661,New Customers,4,1,3,80,1,62.69,2025-10-13,Google Search
C01257,New Customers,4,1,3,138,1,62.59,2025-08-16,Meta Ads
C04118,New Customers,4,1,3,63,1,62.53,2025-10-30,Meta Ads
C00185,New Customers,4,1,3,126,1,62.47,2025-08-28,Google Search
C00340,New Customers,5,1,3,32,1,62.33,2025-11-30,Organic / SEO
C00453,New Customers,4,1,3,169,1,62.31,2025-07-16,Meta Ads
C02297,New Customers,4,1,3,156,1,62.28,2025-07-29,Organic / SEO
C03878,New Customers,5,1,3,24,1,62.28,2025-12-08,Programmatic
C04100,New Customers,5,1,3,45,1,62.26,2025-11-17,Google Search
C01049,New Customers,4,1,3,66,1,62.24,2025-10-27,Meta Ads
C02693,New Customers,5,1,3,58,1,62.24,2025-11-04,Google Search
C05412,New Customers,4,1,3,124,1,62.11,2025-08-30,Google Search
C01507,New Customers,4,1,3,150,1,62.05,2025-08-04,Programmatic
C04509,New Customers,4,1,3,136,1,62.05,2025-08-18,Google Search
C00858,New Customers,5,1,3,57,1,61.99,2025-11-05,Meta Ads
C04912,New Customers,5,1,3,28,1,61.98,2025-12-04,Organic / SEO
C04758,New Customers,5,1,3,6,1,61.94,2025-12-26,Meta Ads
C05383,New Customers,4,1,3,118,1,61.92,2025-09-05,Meta Ads
C05278,New Customers,4,1,3,162,1,61.91,2025-07-23,Google Search
C01115,New Customers,5,1,3,10,1,61.88,2025-12-22,Email / Referral
C05276,New Customers,4,1,3,136,1,61.85,2025-08-18,Meta Ads
C05114,New Customers,5,1,3,32,1,61.8,2025-11-30,Meta Ads
C02420,New Customers,5,1,3,34,1,61.77,2025-11-28,Google Search
C01700,New Customers,4,1,3,160,1,61.75,2025-07-25,Organic / SEO
C01813,New Customers,4,1,3,146,1,61.75,2025-08-08,Organic / SEO
C01956,New Customers,5,1,3,15,1,61.73,2025-12-17,Organic / SEO
C05642,New Customers,4,1,3,109,1,61.72,2025-09-14,Google Search
C03466,New Customers,4,1,3,112,1,61.71,2025-09-11,Google Search
C00182,New Customers,5,1,3,50,1,61.67,2025-11-12,Meta Ads
C00799,New Customers,4,1,3,158,1,61.66,2025-07-27,Organic / SEO
C00347,New Customers,5,1,3,27,1,61.59,2025-12-05,Programmatic
C01903,New Customers,4,1,3,74,1,61.58,2025-10-19,Programmatic
C00623,New Customers,5,1,3,8,1,61.51,2025-12-24,Google Search
C00782,New Customers,5,1,3,39,1,61.35,2025-11-23,Meta Ads
C05149,New Customers,5,1,3,50,1,61.33,2025-11-12,Google Search
C00181,New Customers,5,1,3,52,1,61.23,2025-11-10,Google Search
C03550,New Customers,4,1,3,72,1,61.23,2025-10-21,Google Search
C05208,New Customers,5,1,3,35,1,61.12,2025-11-27,Organic / SEO
C00554,New Customers,5,1,3,45,1,61.08,2025-11-17,Google Search
C03378,New Customers,5,1,3,41,1,61.02,2025-11-21,Google Search
C04806,New Customers,4,1,3,155,1,61.0,2025-07-30,Organic / SEO
C03930,New Customers,5,1,3,43,1,60.99,2025-11-19,Meta Ads
C03074,New Customers,4,1,3,159,1,60.96,2025-07-26,Organic / SEO
C00574,New Customers,4,1,3,128,1,60.95,2025-08-26,Organic / SEO
C00357,New Customers,4,1,3,131,1,60.91,2025-08-23,Meta Ads
C02920,New Customers,4,1,3,169,1,60.89,2025-07-16,Organic / SEO
C00982,New Customers,4,1,3,94,1,60.87,2025-09-29,Programmatic
C05929,New Customers,5,1,3,57,1,60.85,2025-11-05,Organic / SEO
C00238,New Customers,4,1,3,117,1,60.83,2025-09-06,Organic / SEO
C05161,New Customers,5,1,3,5,1,60.82,2025-12-27,Google Search
C04050,New Customers,4,1,3,163,1,60.81,2025-07-22,Organic / SEO
C00905,New Customers,5,1,3,21,1,60.79,2025-12-11,Meta Ads
C01649,New Customers,5,1,3,44,1,60.69,2025-11-18,Meta Ads
C02061,New Customers,5,1,3,27,1,60.66,2025-12-05,Organic / SEO
C01306,New Customers,5,1,3,36,1,60.64,2025-11-26,Meta Ads
C04093,New Customers,4,1,3,83,1,60.63,2025-10-10,Google Search
C01114,New Customers,5,1,3,33,1,60.57,2025-11-29,Meta Ads
C02287,New Customers,5,1,3,53,1,60.57,2025-11-09,Meta Ads
C00110,New Customers,5,1,3,47,1,60.56,2025-11-15,Organic / SEO
C01194,New Customers,5,1,3,13,1,60.53,2025-12-19,Meta Ads
C01009,New Customers,4,1,3,157,1,60.48,2025-07-28,Google Search
C03907,New Customers,4,1,3,98,1,60.48,2025-09-25,Meta Ads
C04437,New Customers,4,1,3,88,1,60.47,2025-10-05,Google Search
C05232,New Customers,5,1,3,41,1,60.43,2025-11-21,Programmatic
C00338,New Customers,4,1,3,157,1,60.4,2025-07-28,Meta Ads
C05810,New Customers,4,1,3,137,1,60.4,2025-08-17,Email / Referral
C02504,New Customers,4,1,3,87,1,60.24,2025-10-06,Organic / SEO
C01889,New Customers,4,1,3,73,1,60.2,2025-10-20,Organic / SEO
C02949,New Customers,5,1,3,21,1,60.15,2025-12-11,Meta Ads
C04386,New Customers,5,1,3,41,1,60.13,2025-11-21,Meta Ads
C05741,New Customers,4,1,3,162,1,60.07,2025-07-23,Organic / SEO
C01431,New Customers,5,1,3,34,1,60.0,2025-11-28,Email / Referral
C04890,New Customers,5,1,3,1,1,59.79,2025-12-31,Google Search
C01999,New Customers,4,1,3,76,1,59.69,2025-10-17,Google Search
C04460,New Customers,4,1,3,90,1,59.58,2025-10-03,Organic / SEO
C00630,New Customers,4,1,3,105,1,59.53,2025-09-18,Organic / SEO
C05536,New Customers,4,1,3,139,1,59.49,2025-08-15,Google Search
C03663,New Customers,5,1,3,52,1,59.46,2025-11-10,Google Search
C01821,New Customers,5,1,3,35,1,59.43,2025-11-27,Organic / SEO
C02389,New Customers,4,1,3,142,1,59.34,2025-08-12,Meta Ads
C04693,New Customers,4,1,3,157,1,59.3,2025-07-28,Google Search
C00194,New Customers,4,1,3,86,1,59.22,2025-10-07,Meta Ads
C00219,New Customers,5,1,3,36,1,59.22,2025-11-26,Google Search
C02066,New Customers,5,1,3,35,1,59.22,2025-11-27,Google Search
C01683,New Customers,4,1,3,141,1,59.13,2025-08-13,Meta Ads
C04346,New Customers,5,1,2,25,1,58.98,2025-12-07,Email / Referral
C00452,New Customers,5,1,2,55,1,58.95,2025-11-07,Google Search
C03132,New Customers,5,1,2,47,1,58.92,2025-11-15,Organic / SEO
C00606,New Customers,4,1,2,119,1,58.87,2025-09-04,Google Search
C01946,New Customers,5,1,2,36,1,58.85,2025-11-26,Google Search
C05668,New Customers,5,1,2,51,1,58.76,2025-11-11,Programmatic
C03445,New Customers,5,1,2,57,1,58.71,2025-11-05,Organic / SEO
C01241,New Customers,4,1,2,67,1,58.66,2025-10-26,Organic / SEO
C05166,New Customers,4,1,2,152,1,58.64,2025-08-02,Organic / SEO
C02888,New Customers,5,1,2,29,1,58.62,2025-12-03,Organic / SEO
C03091,New Customers,4,1,2,59,1,58.61,2025-11-03,Organic / SEO
C00202,New Customers,5,1,2,14,1,58.6,2025-12-18,Meta Ads
C03470,New Customers,5,1,2,17,1,58.58,2025-12-15,Google Search
C04593,New Customers,4,1,2,155,1,58.58,2025-07-30,Organic / SEO
C01711,New Customers,4,1,2,115,1,58.55,2025-09-08,Meta Ads
C02599,New Customers,5,1,2,29,1,58.52,2025-12-03,Meta Ads
C00137,New Customers,5,1,2,21,1,58.51,2025-12-11,Programmatic
C05788,New Customers,4,1,2,97,1,58.48,2025-09-26,Meta Ads
C04483,New Customers,4,1,2,113,1,58.41,2025-09-10,Email / Referral
C01389,New Customers,5,1,2,46,1,58.38,2025-11-16,Google Search
C05516,New Customers,5,1,2,10,1,58.35,2025-12-22,Meta Ads
C03450,New Customers,4,1,2,92,1,58.33,2025-10-01,Meta Ads
C02491,New Customers,5,1,2,21,1,58.26,2025-12-11,Google Search
C04785,New Customers,5,1,2,17,1,58.21,2025-12-15,Programmatic
C04312,New Customers,4,1,2,108,1,58.15,2025-09-15,Meta Ads
C00842,New Customers,4,1,2,109,1,58.13,2025-09-14,Programmatic
C05443,New Customers,4,1,2,94,1,58.13,2025-09-29,Google Search
C03589,New Customers,4,1,2,121,1,58.08,2025-09-02,Email / Referral
C02976,New Customers,4,1,2,94,1,58.07,2025-09-29,Google Search
C02234,New Customers,5,1,2,25,1,58.02,2025-12-07,Organic / SEO
C03865,New Customers,5,1,2,26,1,57.96,2025-12-06,Google Search
C03783,New Customers,5,1,2,33,1,57.95,2025-11-29,Organic / SEO
C04001,New Customers,4,1,2,164,1,57.95,2025-07-21,Organic / SEO
C03498,New Customers,4,1,2,135,1,57.93,2025-08-19,Google Search
C05931,New Customers,5,1,2,4,1,57.91,2025-12-28,Email / Referral
C03420,New Customers,4,1,2,73,1,57.9,2025-10-20,Programmatic
C05879,New Customers,4,1,2,167,1,57.85,2025-07-18,Google Search
C03511,New Customers,5,1,2,21,1,57.84,2025-12-11,Organic / SEO
C00854,New Customers,5,1,2,42,1,57.8,2025-11-20,Meta Ads
C02180,New Customers,5,1,2,15,1,57.71,2025-12-17,Meta Ads
C05806,New Customers,4,1,2,157,1,57.67,2025-07-28,Organic / SEO
C00032,New Customers,5,1,2,17,1,57.64,2025-12-15,Meta Ads
C00386,New Customers,5,1,2,7,1,57.64,2025-12-25,Programmatic
C00563,New Customers,4,1,2,78,1,57.61,2025-10-15,Google Search
C01451,New Customers,4,1,2,106,1,57.61,2025-09-17,Google Search
C02580,New Customers,5,1,2,36,1,57.59,2025-11-26,Google Search
C05037,New Customers,5,1,2,49,1,57.55,2025-11-13,Meta Ads
C04669,New Customers,4,1,2,59,1,57.52,2025-11-03,Google Search
C01720,New Customers,4,1,2,87,1,57.36,2025-10-06,Meta Ads
C01635,New Customers,5,1,2,9,1,57.35,2025-12-23,Google Search
C05565,New Customers,5,1,2,33,1,57.27,2025-11-29,Google Search
C02141,New Customers,5,1,2,50,1,57.24,2025-11-12,Google Search
C04042,New Customers,4,1,2,138,1,57.24,2025-08-16,Meta Ads
C00383,New Customers,4,1,2,120,1,57.23,2025-09-03,Organic / SEO
C05529,New Customers,5,1,2,23,1,57.21,2025-12-09,Email / Referral
C02547,New Customers,5,1,2,15,1,57.19,2025-12-17,Organic / SEO
C05196,New Customers,5,1,2,13,1,57.17,2025-12-19,Organic / SEO
C01334,New Customers,5,1,2,18,1,57.16,2025-12-14,Organic / SEO
C04561,New Customers,5,1,2,5,1,57.15,2025-12-27,Meta Ads
C03949,New Customers,5,1,2,58,1,57.04,2025-11-04,Organic / SEO
C04061,New Customers,5,1,2,17,1,57.02,2025-12-15,Programmatic
C03477,New Customers,4,1,2,89,1,56.97,2025-10-04,Meta Ads
C02582,New Customers,4,1,2,83,1,56.87,2025-10-10,Meta Ads
C01148,New Customers,4,1,2,106,1,56.82,2025-09-17,Email / Referral
C05868,New Customers,4,1,2,165,1,56.8,2025-07-20,Email / Referral
C03382,New Customers,4,1,2,63,1,56.79,2025-10-30,Meta Ads
C01260,New Customers,5,1,2,2,1,56.76,2025-12-30,Google Search
C01494,New Customers,4,1,2,119,1,56.7,2025-09-04,Google Search
C01266,New Customers,4,1,2,103,1,56.55,2025-09-20,Google Search
C01204,New Customers,4,1,2,168,1,56.53,2025-07-17,Programmatic
C01564,New Customers,5,1,2,44,1,56.51,2025-11-18,Meta Ads
C05328,New Customers,5,1,2,38,1,56.51,2025-11-24,Google Search
C00662,New Customers,5,1,2,53,1,56.5,2025-11-09,Programmatic
C05989,New Customers,5,1,2,25,1,56.45,2025-12-07,Programmatic
C02108,New Customers,5,1,2,4,1,56.44,2025-12-28,Email / Referral
C01640,New Customers,4,1,2,155,1,56.4,2025-07-30,Meta Ads
C04582,New Customers,4,1,2,113,1,56.37,2025-09-10,Meta Ads
C03268,New Customers,4,1,2,132,1,56.3,2025-08-22,Programmatic
C04701,New Customers,5,1,2,12,1,56.26,2025-12-20,Email / Referral
C05014,New Customers,4,1,2,157,1,56.21,2025-07-28,Google Search
C01713,New Customers,5,1,2,10,1,56.19,2025-12-22,Meta Ads
C02235,New Customers,4,1,2,142,1,56.14,2025-08-12,Programmatic
C02654,New Customers,4,1,2,144,1,56.04,2025-08-10,Unknown
C03520,New Customers,4,1,2,130,1,55.97,2025-08-24,Google Search
C00118,New Customers,4,1,2,162,1,55.92,2025-07-23,Google Search
C04122,New Customers,4,1,2,108,1,55.91,2025-09-15,Google Search
C05803,New Customers,4,1,2,134,1,55.86,2025-08-20,Organic / SEO
C00930,New Customers,4,1,2,151,1,55.82,2025-08-03,Programmatic
C03269,New Customers,5,1,2,24,1,55.82,2025-12-08,Programmatic
C04044,New Customers,5,1,2,37,1,55.77,2025-11-25,Organic / SEO
C05339,New Customers,4,1,2,87,1,55.76,2025-10-06,Meta Ads
C03712,New Customers,4,1,2,135,1,55.68,2025-08-19,Meta Ads
C00857,New Customers,4,1,2,152,1,55.66,2025-08-02,Google Search
C03317,New Customers,4,1,2,149,1,55.66,2025-08-05,Programmatic
C03046,New Customers,5,1,2,13,1,55.64,2025-12-19,Google Search
C04066,New Customers,4,1,2,114,1,55.61,2025-09-09,Programmatic
C01731,New Customers,5,1,2,28,1,55.57,2025-12-04,Organic / SEO
C05643,New Customers,4,1,2,118,1,55.49,2025-09-05,Meta Ads
C03777,New Customers,4,1,2,172,1,55.47,2025-07-13,Google Search
C02679,New Customers,4,1,2,144,1,55.43,2025-08-10,Email / Referral
C01599,New Customers,4,1,2,99,1,55.34,2025-09-24,Meta Ads
C04471,New Customers,5,1,2,45,1,55.34,2025-11-17,Google Search
C00646,New Customers,4,1,2,68,1,55.32,2025-10-25,Google Search
C04173,New Customers,5,1,2,3,1,55.32,2025-12-29,Programmatic
C03241,New Customers,5,1,2,48,1,55.3,2025-11-14,Google Search
C01538,New Customers,4,1,2,142,1,55.28,2025-08-12,Email / Referral
C00215,New Customers,4,1,2,165,1,55.24,2025-07-20,Google Search
C04379,New Customers,5,1,2,49,1,55.17,2025-11-13,Meta Ads
C02921,New Customers,5,1,2,1,1,55.03,2025-12-31,Meta Ads
C01403,New Customers,5,1,2,16,1,55.01,2025-12-16,Meta Ads
C01948,New Customers,5,1,2,35,1,54.98,2025-11-27,Meta Ads
C00814,New Customers,5,1,2,23,1,54.92,2025-12-09,Google Search
C00604,New Customers,4,1,2,161,1,54.91,2025-07-24,Google Search
C05467,New Customers,4,1,2,109,1,54.89,2025-09-14,Meta Ads
C00527,New Customers,5,1,2,21,1,54.86,2025-12-11,Meta Ads
C04392,New Customers,4,1,2,134,1,54.85,2025-08-20,Programmatic
C01670,New Customers,4,1,2,62,1,54.84,2025-10-31,Meta Ads
C04622,New Customers,5,1,2,31,1,54.8,2025-12-01,Meta Ads
C03216,New Customers,4,1,2,142,1,54.75,2025-08-12,Organic / SEO
C03632,New Customers,5,1,2,18,1,54.66,2025-12-14,Programmatic
C03774,New Customers,4,1,2,95,1,54.64,2025-09-28,Meta Ads
C05816,New Customers,4,1,2,111,1,54.57,2025-09-12,Organic / SEO
C00019,New Customers,4,1,2,88,1,54.51,2025-10-05,Organic / SEO
C01211,New Customers,4,1,2,135,1,54.49,2025-08-19,Meta Ads
C03779,New Customers,4,1,2,135,1,54.47,2025-08-19,Organic / SEO
C02528,New Customers,5,1,2,47,1,54.29,2025-11-15,Organic / SEO
C01928,New Customers,4,1,2,167,1,54.26,2025-07-18,Meta Ads
C00296,New Customers,5,1,2,46,1,54.15,2025-11-16,Email / Referral
C04560,New Customers,4,1,2,173,1,54.15,2025-07-12,Email / Referral
C02436,New Customers,5,1,2,22,1,54.08,2025-12-10,Email / Referral
C05670,New Customers,4,1,2,85,1,54.06,2025-10-08,Organic / SEO
C01758,New Customers,5,1,2,14,1,53.99,2025-12-18,Google Search
C01229,New Customers,5,1,2,32,1,53.93,2025-11-30,Google Search
C02641,New Customers,4,1,2,164,1,53.92,2025-07-21,Google Search
C04727,New Customers,4,1,2,104,1,53.89,2025-09-19,Organic / SEO
C05271,New Customers,5,1,2,22,1,53.87,2025-12-10,Meta Ads
C04416,New Customers,4,1,2,124,1,53.86,2025-08-30,Programmatic
C02202,New Customers,5,1,2,32,1,53.83,2025-11-30,Programmatic
C01497,New Customers,4,1,2,69,1,53.82,2025-10-24,Meta Ads
C04610,New Customers,5,1,2,14,1,53.82,2025-12-18,Email / Referral
C04916,New Customers,4,1,2,97,1,53.82,2025-09-26,Programmatic
C00012,New Customers,5,1,2,36,1,53.81,2025-11-26,Organic / SEO
C05254,New Customers,4,1,2,104,1,53.81,2025-09-19,Google Search
C04377,New Customers,4,1,2,159,1,53.78,2025-07-26,Organic / SEO
C01767,New Customers,5,1,2,6,1,53.77,2025-12-26,Organic / SEO
C03584,New Customers,4,1,2,160,1,53.77,2025-07-25,Email / Referral
C05782,New Customers,5,1,2,3,1,53.76,2025-12-29,Meta Ads
C01619,New Customers,5,1,2,3,1,53.75,2025-12-29,Organic / SEO
C01392,New Customers,4,1,2,82,1,53.73,2025-10-11,Google Search
C02095,New Customers,5,1,2,48,1,53.69,2025-11-14,Google Search
C03139,New Customers,4,1,2,122,1,53.67,2025-09-01,Meta Ads
C05365,New Customers,5,1,2,54,1,53.63,2025-11-08,Organic / SEO
C01728,New Customers,4,1,2,63,1,53.55,2025-10-30,Google Search
C00463,New Customers,5,1,2,27,1,53.46,2025-12-05,Organic / SEO
C05579,New Customers,4,1,2,73,1,53.44,2025-10-20,Organic / SEO
C03771,New Customers,5,1,2,30,1,53.43,2025-12-02,Meta Ads
C05604,New Customers,5,1,2,43,1,53.4,2025-11-19,Programmatic
C01682,New Customers,4,1,2,93,1,53.34,2025-09-30,Organic / SEO
C05437,New Customers,4,1,2,87,1,53.34,2025-10-06,Meta Ads
C01429,New Customers,4,1,2,120,1,53.32,2025-09-03,Organic / SEO
C01665,New Customers,5,1,2,40,1,53.27,2025-11-22,Google Search
C03004,New Customers,4,1,2,144,1,53.18,2025-08-10,Google Search
C03676,New Customers,5,1,2,57,1,53.11,2025-11-05,Google Search
C00652,New Customers,5,1,2,50,1,53.0,2025-11-12,Programmatic
C05763,New Customers,4,1,2,144,1,52.98,2025-08-10,Google Search
C05764,New Customers,5,1,2,34,1,52.97,2025-11-28,Google Search
C03326,New Customers,4,1,2,76,1,52.91,2025-10-17,Meta Ads
C05065,New Customers,5,1,2,38,1,52.86,2025-11-24,Google Search
C00132,New Customers,5,1,2,37,1,52.82,2025-11-25,Organic / SEO
C04841,New Customers,5,1,2,57,1,52.82,2025-11-05,Unknown
C02591,New Customers,4,1,2,129,1,52.8,2025-08-25,Meta Ads
C01539,New Customers,4,1,2,97,1,52.76,2025-09-26,Google Search
C03643,New Customers,4,1,2,96,1,52.7,2025-09-27,Programmatic
C02789,New Customers,5,1,2,32,1,52.69,2025-11-30,Meta Ads
C04788,New Customers,4,1,2,141,1,52.54,2025-08-13,Google Search
C04083,New Customers,4,1,2,155,1,52.5,2025-07-30,Google Search
C04451,New Customers,4,1,2,79,1,52.49,2025-10-14,Meta Ads
C05754,New Customers,4,1,2,139,1,52.47,2025-08-15,Organic / SEO
C04829,New Customers,4,1,2,116,1,52.44,2025-09-07,Unknown
C01945,New Customers,4,1,2,90,1,52.42,2025-10-03,Organic / SEO
C01416,New Customers,4,1,2,110,1,52.29,2025-09-13,Email / Referral
C03479,New Customers,5,1,2,34,1,52.28,2025-11-28,Meta Ads
C04055,New Customers,4,1,2,88,1,52.21,2025-10-05,Email / Referral
C03001,New Customers,4,1,2,87,1,52.2,2025-10-06,Programmatic
C02895,New Customers,5,1,2,7,1,52.16,2025-12-25,Meta Ads
C01873,New Customers,5,1,2,8,1,52.13,2025-12-24,Google Search
C05695,New Customers,4,1,2,141,1,52.07,2025-08-13,Meta Ads
C03591,New Customers,4,1,2,104,1,52.05,2025-09-19,Organic / SEO
C03845,New Customers,5,1,2,21,1,51.96,2025-12-11,Google Search
C00298,New Customers,4,1,2,105,1,51.9,2025-09-18,Organic / SEO
C05372,New Customers,5,1,2,2,1,51.86,2025-12-30,Meta Ads
C03924,New Customers,5,1,2,38,1,51.84,2025-11-24,Google Search
C01471,New Customers,5,1,2,32,1,51.83,2025-11-30,Google Search
C04755,New Customers,5,1,2,37,1,51.82,2025-11-25,Organic / SEO
C05628,New Customers,4,1,2,128,1,51.8,2025-08-26,Programmatic
C04584,New Customers,5,1,2,10,1,51.76,2025-12-22,Meta Ads
C02769,New Customers,4,1,2,79,1,51.74,2025-10-14,Organic / SEO
C00625,New Customers,5,1,2,11,1,51.73,2025-12-21,Google Search
C05023,New Customers,5,1,2,57,1,51.73,2025-11-05,Programmatic
C02909,New Customers,5,1,2,38,1,51.7,2025-11-24,Meta Ads
C03042,New Customers,5,1,2,37,1,51.7,2025-11-25,Google Search
C03688,New Customers,5,1,2,24,1,51.66,2025-12-08,Programmatic
C04830,New Customers,5,1,2,44,1,51.63,2025-11-18,Meta Ads
C05390,New Customers,5,1,2,35,1,51.61,2025-11-27,Google Search
C03754,New Customers,4,1,2,140,1,51.59,2025-08-14,Google Search
C03486,New Customers,4,1,2,141,1,51.54,2025-08-13,Google Search
C05264,New Customers,5,1,2,54,1,51.48,2025-11-08,Google Search
C05736,New Customers,5,1,2,24,1,51.48,2025-12-08,Programmatic
C02596,New Customers,5,1,2,42,1,51.46,2025-11-20,Email / Referral
C05707,New Customers,5,1,2,46,1,51.43,2025-11-16,Meta Ads
C04732,New Customers,5,1,2,41,1,51.42,2025-11-21,Google Search
C04259,New Customers,5,1,2,22,1,51.31,2025-12-10,Meta Ads
C00750,New Customers,4,1,2,79,1,51.27,2025-10-14,Organic / SEO
C01953,New Customers,4,1,2,132,1,51.21,2025-08-22,Programmatic
C02267,New Customers,4,1,2,140,1,51.21,2025-08-14,Programmatic
C05189,New Customers,5,1,2,50,1,51.13,2025-11-12,Google Search
C04479,New Customers,4,1,2,88,1,51.1,2025-10-05,Google Search
C04700,New Customers,4,1,2,123,1,51.1,2025-08-31,Email / Referral
C00789,New Customers,4,1,2,107,1,51.09,2025-09-16,Email / Referral
C03857,New Customers,4,1,2,104,1,51.08,2025-09-19,Organic / SEO
C04332,New Customers,5,1,2,30,1,51.03,2025-12-02,Email / Referral
C05505,New Customers,4,1,2,59,1,51.01,2025-11-03,Programmatic
C01983,New Customers,4,1,2,72,1,50.92,2025-10-21,Programmatic
C05993,New Customers,5,1,2,19,1,50.87,2025-12-13,Programmatic
C00006,New Customers,5,1,2,13,1,50.86,2025-12-19,Meta Ads
C04954,New Customers,5,1,2,10,1,50.86,2025-12-22,Email / Referral
C00713,New Customers,4,1,2,97,1,50.84,2025-09-26,Meta Ads
C04933,New Customers,4,1,2,115,1,50.75,2025-09-08,Organic / SEO
C04938,New Customers,4,1,2,158,1,50.75,2025-07-27,Organic / SEO
C01679,New Customers,5,1,2,58,1,50.7,2025-11-04,Programmatic
C01303,New Customers,4,1,2,137,1,50.68,2025-08-17,Programmatic
C02275,New Customers,4,1,2,61,1,50.65,2025-11-01,Google Search
C02423,New Customers,4,1,2,130,1,50.63,2025-08-24,Organic / SEO
C05343,New Customers,4,1,2,61,1,50.6,2025-11-01,Meta Ads
C02554,New Customers,5,1,2,25,1,50.56,2025-12-07,Organic / SEO
C05089,New Customers,5,1,2,31,1,50.45,2025-12-01,Programmatic
C00967,New Customers,5,1,2,24,1,50.44,2025-12-08,Meta Ads
C01733,New Customers,4,1,2,141,1,50.37,2025-08-13,Meta Ads
C01510,New Customers,4,1,2,144,1,50.35,2025-08-10,Organic / SEO
C04556,New Customers,4,1,2,143,1,50.3,2025-08-11,Programmatic
C02715,New Customers,4,1,2,66,1,50.25,2025-10-27,Google Search
C05772,New Customers,4,1,2,58,1,50.21,2025-11-04,Meta Ads
C03585,New Customers,5,1,2,41,1,50.2,2025-11-21,Email / Referral
C02410,New Customers,5,1,2,34,1,50.17,2025-11-28,Organic / SEO
C00892,New Customers,5,1,2,23,1,50.13,2025-12-09,Meta Ads
C03103,New Customers,5,1,2,21,1,50.1,2025-12-11,Meta Ads
C05690,New Customers,5,1,2,51,1,50.05,2025-11-11,Organic / SEO
C04105,New Customers,5,1,2,44,1,49.96,2025-11-18,Organic / SEO
C00692,New Customers,5,1,2,49,1,49.93,2025-11-13,Google Search
C02978,New Customers,4,1,2,168,1,49.89,2025-07-17,Programmatic
C05486,New Customers,5,1,2,42,1,49.8,2025-11-20,Meta Ads
C01195,New Customers,4,1,2,59,1,49.76,2025-11-03,Email / Referral
C00024,New Customers,5,1,2,51,1,49.74,2025-11-11,Programmatic
C04024,New Customers,5,1,2,47,1,49.74,2025-11-15,Programmatic
C03380,New Customers,5,1,2,23,1,49.67,2025-12-09,Unknown
C04531,New Customers,4,1,2,127,1,49.65,2025-08-27,Organic / SEO
C00915,New Customers,5,1,2,9,1,49.59,2025-12-23,Organic / SEO
C04062,New Customers,4,1,2,173,1,49.57,2025-07-12,Meta Ads
C00577,New Customers,5,1,2,43,1,49.56,2025-11-19,Meta Ads
C04335,New Customers,4,1,2,80,1,49.54,2025-10-13,Google Search
C02001,New Customers,4,1,2,78,1,49.51,2025-10-15,Organic / SEO
C01226,New Customers,5,1,2,52,1,49.49,2025-11-10,Google Search
C04836,New Customers,4,1,2,89,1,49.46,2025-10-04,Google Search
C05351,New Customers,5,1,2,42,1,49.44,2025-11-20,Google Search
C01085,New Customers,5,1,2,11,1,49.36,2025-12-21,Organic / SEO
C02140,New Customers,4,1,2,77,1,49.32,2025-10-16,Meta Ads
C00867,New Customers,4,1,2,63,1,49.25,2025-10-30,Meta Ads
C03188,New Customers,4,1,2,64,1,49.25,2025-10-29,Organic / SEO
C00459,New Customers,4,1,2,118,1,49.23,2025-09-05,Meta Ads
C05998,New Customers,4,1,2,96,1,49.14,2025-09-27,Meta Ads
C05032,New Customers,4,1,2,72,1,49.12,2025-10-21,Google Search
C00597,New Customers,4,1,2,173,1,49.11,2025-07-12,Google Search
C01514,New Customers,4,1,2,143,1,49.11,2025-08-11,Organic / SEO
C03910,New Customers,4,1,2,93,1,49.07,2025-09-30,Programmatic
C04760,New Customers,5,1,2,34,1,49.06,2025-11-28,Programmatic
C04993,New Customers,4,1,2,173,1,49.04,2025-07-12,Organic / SEO
C05679,New Customers,4,1,2,138,1,49.01,2025-08-16,Meta Ads
C00331,New Customers,4,1,2,151,1,49.0,2025-08-03,Meta Ads
C04360,New Customers,4,1,2,146,1,49.0,2025-08-08,Organic / SEO
C05638,New Customers,4,1,2,167,1,49.0,2025-07-18,Organic / SEO
C01099,New Customers,4,1,2,66,1,48.98,2025-10-27,Google Search
C03271,New Customers,5,1,2,20,1,48.98,2025-12-12,Google Search
C00544,New Customers,5,1,2,5,1,48.97,2025-12-27,Meta Ads
C03164,New Customers,4,1,2,165,1,48.94,2025-07-20,Organic / SEO
C00599,New Customers,5,1,2,9,1,48.92,2025-12-23,Google Search
C03913,New Customers,4,1,2,63,1,48.92,2025-10-30,Programmatic
C02359,New Customers,5,1,2,6,1,48.89,2025-12-26,Programmatic
C05847,New Customers,5,1,2,29,1,48.79,2025-12-03,Email / Referral
C00911,New Customers,4,1,2,131,1,48.77,2025-08-23,Organic / SEO
C01021,New Customers,5,1,2,51,1,48.72,2025-11-11,Programmatic
C01335,New Customers,5,1,2,18,1,48.71,2025-12-14,Meta Ads
C04038,New Customers,4,1,2,76,1,48.66,2025-10-17,Organic / SEO
C04069,New Customers,5,1,2,43,1,48.62,2025-11-19,Google Search
C05348,New Customers,4,1,2,142,1,48.6,2025-08-12,Google Search
C05485,New Customers,5,1,2,55,1,48.59,2025-11-07,Google Search
C02902,New Customers,5,1,2,34,1,48.33,2025-11-28,Programmatic
C00695,New Customers,5,1,2,44,1,48.16,2025-11-18,Meta Ads
C02507,New Customers,5,1,2,30,1,48.11,2025-12-02,Organic / SEO
C00780,New Customers,4,1,2,70,1,48.07,2025-10-23,Organic / SEO
C03782,New Customers,4,1,2,83,1,48.01,2025-10-10,Meta Ads
C04493,New Customers,5,1,2,2,1,47.99,2025-12-30,Programmatic
C02387,New Customers,5,1,2,7,1,47.94,2025-12-25,Programmatic
C02472,New Customers,4,1,2,64,1,47.9,2025-10-29,Email / Referral
C01144,New Customers,4,1,2,93,1,47.82,2025-09-30,Google Search
C00765,New Customers,5,1,2,39,1,47.81,2025-11-23,Meta Ads
C01469,New Customers,4,1,2,160,1,47.77,2025-07-25,Email / Referral
C05195,New Customers,5,1,2,56,1,47.76,2025-11-06,Organic / SEO
C05085,New Customers,5,1,2,33,1,47.59,2025-11-29,Meta Ads
C01601,New Customers,5,1,2,42,1,47.56,2025-11-20,Programmatic
C01613,New Customers,4,1,2,126,1,47.47,2025-08-28,Organic / SEO
C05369,New Customers,4,1,2,88,1,47.32,2025-10-05,Organic / SEO
C03681,New Customers,4,1,2,149,1,47.29,2025-08-05,Organic / SEO
C04690,New Customers,4,1,2,155,1,47.29,2025-07-30,Programmatic
C00257,New Customers,4,1,2,96,1,47.21,2025-09-27,Organic / SEO
C03094,New Customers,5,1,2,18,1,47.21,2025-12-14,Google Search
C00299,New Customers,4,1,2,121,1,47.18,2025-09-02,Google Search
C00104,New Customers,5,1,2,16,1,47.15,2025-12-16,Email / Referral
C01166,New Customers,4,1,2,66,1,47.15,2025-10-27,Meta Ads
C02824,New Customers,5,1,2,22,1,47.11,2025-12-10,Organic / SEO
C05901,New Customers,4,1,2,85,1,47.11,2025-10-08,Google Search
C04303,New Customers,5,1,2,2,1,47.1,2025-12-30,Organic / SEO
C03304,New Customers,5,1,2,1,1,47.08,2025-12-31,Organic / SEO
C02386,New Customers,4,1,2,132,1,47.07,2025-08-22,Meta Ads
C04647,New Customers,5,1,2,40,1,47.07,2025-11-22,Meta Ads
C02941,New Customers,5,1,2,7,1,46.96,2025-12-25,Google Search
C02291,New Customers,5,1,2,14,1,46.95,2025-12-18,Organic / SEO
C04115,New Customers,4,1,2,129,1,46.93,2025-08-25,Google Search
C02869,New Customers,5,1,2,34,1,46.81,2025-11-28,Meta Ads
C04979,New Customers,4,1,2,99,1,46.81,2025-09-24,Meta Ads
C02396,New Customers,5,1,2,5,1,46.8,2025-12-27,Meta Ads
C00521,New Customers,4,1,2,69,1,46.7,2025-10-24,Programmatic
C05917,New Customers,4,1,2,108,1,46.6,2025-09-15,Email / Referral
C05116,New Customers,5,1,2,36,1,46.59,2025-11-26,Meta Ads
C00829,New Customers,4,1,2,59,1,46.56,2025-11-03,Organic / SEO
C01579,New Customers,5,1,2,3,1,46.51,2025-12-29,Google Search
C05532,New Customers,4,1,2,79,1,46.41,2025-10-14,Google Search
C04538,New Customers,4,1,2,63,1,46.38,2025-10-30,Email / Referral
C04783,New Customers,5,1,2,41,1,46.34,2025-11-21,Google Search
C05356,New Customers,5,1,2,35,1,46.33,2025-11-27,Google Search
C04657,New Customers,5,1,2,55,1,46.32,2025-11-07,Organic / SEO
C04220,New Customers,4,1,2,129,1,46.31,2025-08-25,Organic / SEO
C02134,New Customers,5,1,2,35,1,46.17,2025-11-27,Email / Referral
C05676,New Customers,5,1,2,46,1,46.09,2025-11-16,Google Search
C02697,New Customers,4,1,2,94,1,46.03,2025-09-29,Google Search
C01022,New Customers,4,1,2,141,1,45.97,2025-08-13,Programmatic
C05884,New Customers,5,1,2,20,1,45.87,2025-12-12,Programmatic
C04271,New Customers,5,1,2,1,1,45.86,2025-12-31,Organic / SEO
C00390,New Customers,4,1,2,73,1,45.83,2025-10-20,Google Search
C04180,New Customers,5,1,2,48,1,45.63,2025-11-14,Organic / SEO
C00922,New Customers,4,1,2,76,1,45.6,2025-10-17,Email / Referral
C00707,New Customers,4,1,2,112,1,45.56,2025-09-11,Google Search
C01537,New Customers,4,1,2,119,1,45.55,2025-09-04,Meta Ads
C02405,New Customers,4,1,2,103,1,45.54,2025-09-20,Programmatic
C03889,New Customers,5,1,2,35,1,45.54,2025-11-27,Google Search
C00447,New Customers,5,1,2,10,1,45.53,2025-12-22,Organic / SEO
C05918,New Customers,4,1,2,122,1,45.53,2025-09-01,Organic / SEO
C02037,New Customers,5,1,2,29,1,45.51,2025-12-03,Meta Ads
C00866,New Customers,5,1,2,46,1,45.36,2025-11-16,Meta Ads
C00008,New Customers,4,1,2,116,1,45.32,2025-09-07,Programmatic
C04295,New Customers,4,1,2,100,1,45.25,2025-09-23,Google Search
C00397,New Customers,4,1,2,90,1,45.21,2025-10-03,Email / Referral
C00414,New Customers,5,1,2,49,1,45.21,2025-11-13,Programmatic
C02574,New Customers,4,1,2,89,1,45.17,2025-10-04,Meta Ads
C02392,New Customers,4,1,2,137,1,45.12,2025-08-17,Meta Ads
C05867,New Customers,4,1,2,89,1,45.02,2025-10-04,Meta Ads
C02288,New Customers,4,1,2,131,1,44.98,2025-08-23,Programmatic
C04799,New Customers,4,1,2,78,1,44.97,2025-10-15,Programmatic
C03847,New Customers,4,1,2,153,1,44.95,2025-08-01,Email / Referral
C04262,New Customers,5,1,2,53,1,44.92,2025-11-09,Programmatic
C03430,New Customers,4,1,2,92,1,44.91,2025-10-01,Email / Referral
C00688,New Customers,5,1,2,21,1,44.89,2025-12-11,Programmatic
C03110,New Customers,5,1,2,31,1,44.83,2025-12-01,Meta Ads
C02003,New Customers,5,1,2,24,1,44.73,2025-12-08,Google Search
C03013,New Customers,4,1,2,133,1,44.72,2025-08-21,Programmatic
C05046,New Customers,5,1,2,1,1,44.71,2025-12-31,Email / Referral
C02156,New Customers,4,1,2,69,1,44.7,2025-10-24,Programmatic
C02773,New Customers,5,1,2,53,1,44.69,2025-11-09,Organic / SEO
C01345,New Customers,5,1,2,9,1,44.68,2025-12-23,Meta Ads
C02347,New Customers,4,1,2,65,1,44.68,2025-10-28,Organic / SEO
C03787,New Customers,5,1,2,20,1,44.6,2025-12-12,Google Search
C01419,New Customers,5,1,2,48,1,44.54,2025-11-14,Meta Ads
C02537,New Customers,4,1,2,119,1,44.52,2025-09-04,Google Search
C03885,New Customers,5,1,2,13,1,44.52,2025-12-19,Google Search
C00607,New Customers,4,1,2,62,1,44.43,2025-10-31,Programmatic
C05627,New Customers,4,1,2,151,1,44.41,2025-08-03,Google Search
C02203,New Customers,5,1,2,50,1,44.4,2025-11-12,Google Search
C03456,New Customers,4,1,1,119,1,44.33,2025-09-04,Google Search
C02979,New Customers,4,1,1,164,1,44.26,2025-07-21,Organic / SEO
C03548,New Customers,5,1,1,2,1,44.19,2025-12-30,Organic / SEO
C02211,New Customers,5,1,1,1,1,44.13,2025-12-31,Meta Ads
C04139,New Customers,4,1,1,169,1,44.04,2025-07-16,Meta Ads
C02794,New Customers,5,1,1,6,1,44.0,2025-12-26,Organic / SEO
C03809,New Customers,5,1,1,32,1,43.95,2025-11-30,Meta Ads
C00201,New Customers,4,1,1,122,1,43.9,2025-09-01,Meta Ads
C05105,New Customers,4,1,1,90,1,43.89,2025-10-03,Programmatic
C00235,New Customers,5,1,1,33,1,43.86,2025-11-29,Meta Ads
C01147,New Customers,4,1,1,142,1,43.82,2025-08-12,Meta Ads
C01407,New Customers,5,1,1,18,1,43.79,2025-12-14,Programmatic
C05429,New Customers,5,1,1,36,1,43.79,2025-11-26,Google Search
C01565,New Customers,4,1,1,113,1,43.77,2025-09-10,Google Search
C00955,New Customers,5,1,1,30,1,43.73,2025-12-02,Organic / SEO
C04577,New Customers,4,1,1,92,1,43.71,2025-10-01,Email / Referral
C03147,New Customers,4,1,1,151,1,43.68,2025-08-03,Google Search
C05822,New Customers,4,1,1,76,1,43.64,2025-10-17,Meta Ads
C04357,New Customers,5,1,1,24,1,43.61,2025-12-08,Meta Ads
C04689,New Customers,4,1,1,69,1,43.61,2025-10-24,Meta Ads
C03888,New Customers,4,1,1,74,1,43.59,2025-10-19,Email / Referral
C04318,New Customers,4,1,1,115,1,43.56,2025-09-08,Meta Ads
C02911,New Customers,4,1,1,172,1,43.52,2025-07-13,Meta Ads
C01106,New Customers,4,1,1,124,1,43.47,2025-08-30,Google Search
C00776,New Customers,4,1,1,71,1,43.3,2025-10-22,Meta Ads
C01581,New Customers,5,1,1,52,1,43.3,2025-11-10,Google Search
C05911,New Customers,5,1,1,20,1,43.3,2025-12-12,Programmatic
C05597,New Customers,5,1,1,41,1,43.27,2025-11-21,Meta Ads
C05080,New Customers,4,1,1,163,1,43.22,2025-07-22,Email / Referral
C04864,New Customers,4,1,1,124,1,43.2,2025-08-30,Google Search
C00083,New Customers,4,1,1,97,1,43.19,2025-09-26,Organic / SEO
C02841,New Customers,4,1,1,116,1,43.15,2025-09-07,Google Search
C01123,New Customers,4,1,1,85,1,43.11,2025-10-08,Programmatic
C00939,New Customers,5,1,1,49,1,43.03,2025-11-13,Google Search
C03875,New Customers,5,1,1,1,1,43.02,2025-12-31,Google Search
C00935,New Customers,4,1,1,125,1,42.97,2025-08-29,Organic / SEO
C00895,New Customers,4,1,1,138,1,42.91,2025-08-16,Google Search
C04492,New Customers,4,1,1,73,1,42.9,2025-10-20,Meta Ads
C05378,New Customers,4,1,1,160,1,42.88,2025-07-25,Meta Ads
C02146,New Customers,5,1,1,35,1,42.84,2025-11-27,Organic / SEO
C03497,New Customers,4,1,1,164,1,42.83,2025-07-21,Google Search
C05250,New Customers,4,1,1,92,1,42.81,2025-10-01,Meta Ads
C04485,New Customers,4,1,1,64,1,42.75,2025-10-29,Google Search
C01706,New Customers,5,1,1,7,1,42.69,2025-12-25,Meta Ads
C04345,New Customers,4,1,1,154,1,42.64,2025-07-31,Meta Ads
C00191,New Customers,5,1,1,32,1,42.62,2025-11-30,Email / Referral
C02403,New Customers,4,1,1,139,1,42.62,2025-08-15,Organic / SEO
C02040,New Customers,4,1,1,131,1,42.57,2025-08-23,Email / Referral
C01023,New Customers,5,1,1,5,1,42.54,2025-12-27,Meta Ads
C00605,New Customers,5,1,1,19,1,42.53,2025-12-13,Organic / SEO
C02651,New Customers,5,1,1,4,1,42.49,2025-12-28,Meta Ads
C03895,New Customers,5,1,1,37,1,42.48,2025-11-25,Meta Ads
C03500,New Customers,4,1,1,71,1,42.44,2025-10-22,Google Search
C01856,New Customers,5,1,1,1,1,42.38,2025-12-31,Email / Referral
C03922,New Customers,4,1,1,62,1,42.36,2025-10-31,Meta Ads
C02227,New Customers,4,1,1,172,1,42.32,2025-07-13,Organic / SEO
C03301,New Customers,5,1,1,29,1,42.32,2025-12-03,Email / Referral
C04850,New Customers,4,1,1,123,1,42.29,2025-08-31,Meta Ads
C00297,New Customers,5,1,1,11,1,42.26,2025-12-21,Email / Referral
C02101,New Customers,4,1,1,143,1,42.25,2025-08-11,Google Search
C04328,New Customers,4,1,1,147,1,42.22,2025-08-07,Google Search
C01152,New Customers,5,1,1,57,1,42.19,2025-11-05,Organic / SEO
C01319,New Customers,4,1,1,145,1,42.18,2025-08-09,Meta Ads
C00168,New Customers,4,1,1,101,1,42.15,2025-09-22,Unknown
C03561,New Customers,4,1,1,168,1,42.12,2025-07-17,Organic / SEO
C04905,New Customers,4,1,1,168,1,42.11,2025-07-17,Google Search
C05352,New Customers,4,1,1,139,1,42.09,2025-08-15,Unknown
C03903,New Customers,4,1,1,172,1,42.08,2025-07-13,Organic / SEO
C01109,New Customers,5,1,1,1,1,42.04,2025-12-31,Meta Ads
C03187,New Customers,4,1,1,157,1,42.0,2025-07-28,Organic / SEO
C02311,New Customers,5,1,1,3,1,41.9,2025-12-29,Programmatic
C05447,New Customers,4,1,1,89,1,41.89,2025-10-04,Email / Referral
C00613,New Customers,5,1,1,15,1,41.86,2025-12-17,Meta Ads
C00543,New Customers,4,1,1,81,1,41.82,2025-10-12,Programmatic
C00575,New Customers,4,1,1,72,1,41.77,2025-10-21,Meta Ads
C02425,New Customers,5,1,1,48,1,41.77,2025-11-14,Meta Ads
C03161,New Customers,5,1,1,9,1,41.73,2025-12-23,Meta Ads
C04904,New Customers,5,1,1,57,1,41.72,2025-11-05,Meta Ads
C01505,New Customers,4,1,1,99,1,41.66,2025-09-24,Meta Ads
C02089,New Customers,4,1,1,164,1,41.62,2025-07-21,Meta Ads
C03766,New Customers,5,1,1,1,1,41.51,2025-12-31,Meta Ads
C05273,New Customers,4,1,1,90,1,41.49,2025-10-03,Programmatic
C02960,New Customers,5,1,1,42,1,41.48,2025-11-20,Organic / SEO
C02178,New Customers,4,1,1,91,1,41.45,2025-10-02,Organic / SEO
C01951,New Customers,5,1,1,24,1,41.44,2025-12-08,Organic / SEO
C02962,New Customers,5,1,1,15,1,41.42,2025-12-17,Meta Ads
C02726,New Customers,4,1,1,147,1,41.35,2025-08-07,Programmatic
C01557,New Customers,5,1,1,35,1,41.33,2025-11-27,Google Search
C01913,New Customers,5,1,1,46,1,41.33,2025-11-16,Meta Ads
C03614,New Customers,5,1,1,52,1,41.32,2025-11-10,Google Search
C05744,New Customers,5,1,1,49,1,41.18,2025-11-13,Google Search
C01118,New Customers,4,1,1,113,1,41.13,2025-09-10,Organic / SEO
C02739,New Customers,4,1,1,171,1,41.07,2025-07-14,Email / Referral
C00224,New Customers,5,1,1,22,1,40.99,2025-12-10,Google Search
C03483,New Customers,4,1,1,81,1,40.91,2025-10-12,Programmatic
C05418,New Customers,5,1,1,20,1,40.84,2025-12-12,Meta Ads
C01561,New Customers,5,1,1,1,1,40.83,2025-12-31,Programmatic
C02361,New Customers,4,1,1,86,1,40.8,2025-10-07,Google Search
C05721,New Customers,4,1,1,132,1,40.8,2025-08-22,Google Search
C04651,New Customers,4,1,1,77,1,40.77,2025-10-16,Organic / SEO
C04264,New Customers,4,1,1,95,1,40.74,2025-09-28,Google Search
C03730,New Customers,4,1,1,136,1,40.7,2025-08-18,Programmatic
C01909,New Customers,4,1,1,105,1,40.69,2025-09-18,Meta Ads
C04025,New Customers,4,1,1,109,1,40.68,2025-09-14,Google Search
C00667,New Customers,4,1,1,102,1,40.65,2025-09-21,Email / Referral
C03159,New Customers,5,1,1,41,1,40.6,2025-11-21,Google Search
C03820,New Customers,4,1,1,79,1,40.55,2025-10-14,Programmatic
C03565,New Customers,5,1,1,14,1,40.52,2025-12-18,Organic / SEO
C04603,New Customers,5,1,1,7,1,40.45,2025-12-25,Programmatic
C04175,New Customers,4,1,1,114,1,40.41,2025-09-09,Google Search
C04946,New Customers,4,1,1,106,1,40.41,2025-09-17,Programmatic
C05406,New Customers,4,1,1,155,1,40.35,2025-07-30,Meta Ads
C00916,New Customers,5,1,1,24,1,40.34,2025-12-08,Programmatic
C03328,New Customers,4,1,1,74,1,40.32,2025-10-19,Google Search
C05701,New Customers,4,1,1,91,1,40.32,2025-10-02,Meta Ads
C02711,New Customers,5,1,1,14,1,40.31,2025-12-18,Organic / SEO
C02563,New Customers,4,1,1,143,1,40.22,2025-08-11,Programmatic
C05837,New Customers,4,1,1,59,1,40.21,2025-11-03,Meta Ads
C02830,New Customers,4,1,1,150,1,40.19,2025-08-04,Programmatic
C05711,New Customers,4,1,1,126,1,40.16,2025-08-28,Organic / SEO
C05787,New Customers,5,1,1,57,1,40.13,2025-11-05,Organic / SEO
C05718,New Customers,5,1,1,2,1,40.12,2025-12-30,Organic / SEO
C04786,New Customers,4,1,1,62,1,40.09,2025-10-31,Programmatic
C04722,New Customers,5,1,1,5,1,40.04,2025-12-27,Google Search
C01355,New Customers,4,1,1,59,1,40.02,2025-11-03,Meta Ads
C03493,New Customers,4,1,1,70,1,39.95,2025-10-23,Programmatic
C04113,New Customers,4,1,1,127,1,39.95,2025-08-27,Meta Ads
C01320,New Customers,4,1,1,72,1,39.92,2025-10-21,Meta Ads
C02644,New Customers,4,1,1,65,1,39.88,2025-10-28,Meta Ads
C03237,New Customers,5,1,1,23,1,39.71,2025-12-09,Meta Ads
C04247,New Customers,4,1,1,71,1,39.65,2025-10-22,Google Search
C02042,New Customers,4,1,1,115,1,39.62,2025-09-08,Meta Ads
C04198,New Customers,5,1,1,54,1,39.49,2025-11-08,Organic / SEO
C02853,New Customers,4,1,1,97,1,39.43,2025-09-26,Google Search
C03465,New Customers,4,1,1,140,1,39.41,2025-08-14,Programmatic
C04800,New Customers,4,1,1,135,1,39.4,2025-08-19,Programmatic
C00774,New Customers,4,1,1,74,1,39.37,2025-10-19,Programmatic
C01920,New Customers,5,1,1,24,1,39.31,2025-12-08,Meta Ads
C00430,New Customers,4,1,1,106,1,39.26,2025-09-17,Google Search
C03598,New Customers,5,1,1,55,1,39.25,2025-11-07,Meta Ads
C04862,New Customers,5,1,1,54,1,39.22,2025-11-08,Email / Referral
C05360,New Customers,4,1,1,94,1,39.22,2025-09-29,Google Search
C03292,New Customers,4,1,1,161,1,39.19,2025-07-24,Programmatic
C03064,New Customers,5,1,1,55,1,39.18,2025-11-07,Email / Referral
C04588,New Customers,5,1,1,42,1,39.03,2025-11-20,Programmatic
C05585,New Customers,4,1,1,164,1,39.02,2025-07-21,Programmatic
C03990,New Customers,5,1,1,2,1,38.92,2025-12-30,Meta Ads
C05906,New Customers,5,1,1,56,1,38.9,2025-11-06,Organic / SEO
C01709,New Customers,5,1,1,58,1,38.89,2025-11-04,Meta Ads
C05556,New Customers,5,1,1,57,1,38.87,2025-11-05,Meta Ads
C02808,New Customers,4,1,1,154,1,38.83,2025-07-31,Email / Referral
C02744,New Customers,4,1,1,131,1,38.78,2025-08-23,Organic / SEO
C03177,New Customers,4,1,1,62,1,38.75,2025-10-31,Meta Ads
C01459,New Customers,5,1,1,27,1,38.73,2025-12-05,Google Search
C02573,New Customers,4,1,1,140,1,38.72,2025-08-14,Email / Referral
C05386,New Customers,4,1,1,121,1,38.67,2025-09-02,Google Search
C01212,New Customers,4,1,1,89,1,38.66,2025-10-04,Email / Referral
C05770,New Customers,4,1,1,143,1,38.64,2025-08-11,Google Search
C02727,New Customers,4,1,1,117,1,38.63,2025-09-06,Programmatic
C01578,New Customers,4,1,1,75,1,38.6,2025-10-18,Google Search
C02855,New Customers,4,1,1,135,1,38.58,2025-08-19,Meta Ads
C03478,New Customers,5,1,1,44,1,38.57,2025-11-18,Email / Referral
C05574,New Customers,4,1,1,65,1,38.56,2025-10-28,Programmatic
C03371,New Customers,5,1,1,51,1,38.51,2025-11-11,Programmatic
C00178,New Customers,5,1,1,4,1,38.5,2025-12-28,Meta Ads
C05487,New Customers,5,1,1,56,1,38.41,2025-11-06,Programmatic
C00850,New Customers,5,1,1,19,1,38.4,2025-12-13,Programmatic
C03488,New Customers,4,1,1,143,1,38.39,2025-08-11,Meta Ads
C03989,New Customers,5,1,1,5,1,38.36,2025-12-27,Meta Ads
C00993,New Customers,4,1,1,111,1,38.25,2025-09-12,Programmatic
C01299,New Customers,4,1,1,159,1,38.25,2025-07-26,Programmatic
C02622,New Customers,5,1,1,20,1,38.16,2025-12-12,Organic / SEO
C01478,New Customers,5,1,1,3,1,38.12,2025-12-29,Google Search
C03031,New Customers,4,1,1,114,1,38.08,2025-09-09,Meta Ads
C01160,New Customers,4,1,1,124,1,37.99,2025-08-30,Google Search
C04401,New Customers,4,1,1,108,1,37.93,2025-09-15,Programmatic
C01840,New Customers,4,1,1,152,1,37.91,2025-08-02,Meta Ads
C04652,New Customers,4,1,1,105,1,37.91,2025-09-18,Meta Ads
C01782,New Customers,4,1,1,109,1,37.76,2025-09-14,Google Search
C04444,New Customers,5,1,1,42,1,37.72,2025-11-20,Organic / SEO
C03558,New Customers,5,1,1,36,1,37.7,2025-11-26,Organic / SEO
C00749,New Customers,4,1,1,120,1,37.65,2025-09-03,Meta Ads
C04309,New Customers,5,1,1,30,1,37.64,2025-12-02,Organic / SEO
C03719,New Customers,5,1,1,33,1,37.62,2025-11-29,Email / Referral
C04202,New Customers,4,1,1,103,1,37.54,2025-09-20,Email / Referral
C00080,New Customers,4,1,1,118,1,37.46,2025-09-05,Unknown
C04020,New Customers,4,1,1,161,1,37.46,2025-07-24,Organic / SEO
C04834,New Customers,4,1,1,148,1,37.45,2025-08-06,Organic / SEO
C04527,New Customers,4,1,1,159,1,37.37,2025-07-26,Programmatic
C05999,New Customers,4,1,1,66,1,37.35,2025-10-27,Email / Referral
C00216,New Customers,4,1,1,148,1,37.34,2025-08-06,Google Search
C04974,New Customers,4,1,1,59,1,37.33,2025-11-03,Meta Ads
C05795,New Customers,4,1,1,126,1,37.32,2025-08-28,Organic / SEO
C01453,New Customers,4,1,1,64,1,37.29,2025-10-29,Meta Ads
C05453,New Customers,4,1,1,142,1,37.22,2025-08-12,Meta Ads
C00913,New Customers,5,1,1,47,1,37.18,2025-11-15,Organic / SEO
C05708,New Customers,4,1,1,81,1,37.13,2025-10-12,Google Search
C04250,New Customers,4,1,1,107,1,37.06,2025-09-16,Programmatic
C05214,New Customers,5,1,1,43,1,37.05,2025-11-19,Google Search
C02600,New Customers,5,1,1,25,1,37.03,2025-12-07,Meta Ads
C00428,New Customers,4,1,1,74,1,37.02,2025-10-19,Meta Ads
C00876,New Customers,5,1,1,53,1,36.9,2025-11-09,Meta Ads
C05415,New Customers,4,1,1,156,1,36.88,2025-07-29,Programmatic
C05135,New Customers,4,1,1,59,1,36.64,2025-11-03,Email / Referral
C05928,New Customers,4,1,1,95,1,36.56,2025-09-28,Organic / SEO
C00549,New Customers,4,1,1,137,1,36.51,2025-08-17,Organic / SEO
C05729,New Customers,5,1,1,45,1,36.45,2025-11-17,Organic / SEO
C01061,New Customers,5,1,1,24,1,36.4,2025-12-08,Google Search
C02326,New Customers,5,1,1,7,1,36.28,2025-12-25,Google Search
C00673,New Customers,5,1,1,2,1,36.27,2025-12-30,Meta Ads
C01188,New Customers,5,1,1,5,1,36.22,2025-12-27,Meta Ads
C02255,New Customers,5,1,1,17,1,36.13,2025-12-15,Organic / SEO
C05898,New Customers,4,1,1,80,1,36.1,2025-10-13,Google Search
C01172,New Customers,4,1,1,149,1,36.04,2025-08-05,Meta Ads
C04398,New Customers,4,1,1,136,1,35.96,2025-08-18,Meta Ads
C00241,New Customers,4,1,1,87,1,35.93,2025-10-06,Organic / SEO
C00106,New Customers,4,1,1,164,1,35.89,2025-07-21,Programmatic
C02104,New Customers,5,1,1,32,1,35.87,2025-11-30,Organic / SEO
C04192,New Customers,4,1,1,159,1,35.87,2025-07-26,Google Search
C00896,New Customers,5,1,1,56,1,35.86,2025-11-06,Google Search
C03296,New Customers,5,1,1,17,1,35.79,2025-12-15,Meta Ads
C04794,New Customers,5,1,1,23,1,35.72,2025-12-09,Programmatic
C02027,New Customers,4,1,1,100,1,35.7,2025-09-23,Meta Ads
C04543,New Customers,5,1,1,6,1,35.62,2025-12-26,Google Search
C00990,New Customers,4,1,1,111,1,35.53,2025-09-12,Google Search
C02757,New Customers,4,1,1,61,1,35.48,2025-11-01,Google Search
C01607,New Customers,5,1,1,18,1,35.47,2025-12-14,Email / Referral
C03839,New Customers,4,1,1,110,1,35.39,2025-09-13,Programmatic
C02624,New Customers,5,1,1,34,1,35.36,2025-11-28,Organic / SEO
C02068,New Customers,5,1,1,15,1,35.27,2025-12-17,Meta Ads
C01487,New Customers,5,1,1,10,1,35.17,2025-12-22,Google Search
C02207,New Customers,4,1,1,163,1,35.16,2025-07-22,Meta Ads
C01525,New Customers,4,1,1,170,1,35.14,2025-07-15,Google Search
C00170,New Customers,5,1,1,24,1,35.12,2025-12-08,Organic / SEO
C00151,New Customers,4,1,1,89,1,35.05,2025-10-04,Email / Referral
C01518,New Customers,5,1,1,22,1,34.97,2025-12-10,Organic / SEO
C01203,New Customers,4,1,1,88,1,34.96,2025-10-05,Google Search
C02461,New Customers,4,1,1,59,1,34.89,2025-11-03,Programmatic
C01439,New Customers,5,1,1,32,1,34.84,2025-11-30,Google Search
C03624,New Customers,4,1,1,83,1,34.73,2025-10-10,Organic / SEO
C03718,New Customers,4,1,1,106,1,34.69,2025-09-17,Google Search
C02639,New Customers,4,1,1,91,1,34.66,2025-10-02,Unknown
C03761,New Customers,5,1,1,6,1,34.64,2025-12-26,Programmatic
C01852,New Customers,5,1,1,45,1,34.63,2025-11-17,Email / Referral
C00817,New Customers,5,1,1,56,1,34.51,2025-11-06,Organic / SEO
C05113,New Customers,4,1,1,138,1,34.5,2025-08-16,Unknown
C01384,New Customers,5,1,1,4,1,34.38,2025-12-28,Google Search
C05983,New Customers,4,1,1,88,1,34.38,2025-10-05,Meta Ads
C02333,New Customers,4,1,1,89,1,34.33,2025-10-04,Google Search
C00031,New Customers,4,1,1,144,1,34.23,2025-08-10,Meta Ads
C05118,New Customers,4,1,1,129,1,34.08,2025-08-25,Meta Ads
C04499,New Customers,4,1,1,69,1,34.06,2025-10-24,Organic / SEO
C04980,New Customers,5,1,1,42,1,34.02,2025-11-20,Organic / SEO
C03482,New Customers,4,1,1,172,1,34.01,2025-07-13,Meta Ads
C00252,New Customers,4,1,1,62,1,33.98,2025-10-31,Google Search
C02183,New Customers,4,1,1,81,1,33.89,2025-10-12,Meta Ads
C01150,New Customers,5,1,1,51,1,33.87,2025-11-11,Organic / SEO
C01560,New Customers,4,1,1,62,1,33.8,2025-10-31,Programmatic
C00779,New Customers,4,1,1,125,1,33.74,2025-08-29,Meta Ads
C01336,New Customers,4,1,1,70,1,33.73,2025-10-23,Programmatic
C02092,New Customers,4,1,1,72,1,33.7,2025-10-21,Google Search
C02650,New Customers,4,1,1,76,1,33.62,2025-10-17,Organic / SEO
C03312,New Customers,5,1,1,32,1,33.53,2025-11-30,Unknown
C01279,New Customers,4,1,1,63,1,33.47,2025-10-30,Organic / SEO
C03659,New Customers,5,1,1,57,1,33.46,2025-11-05,Programmatic
C01892,New Customers,4,1,1,134,1,33.43,2025-08-20,Programmatic
C03143,New Customers,5,1,1,2,1,33.38,2025-12-30,Google Search
C05256,New Customers,4,1,1,58,1,33.2,2025-11-04,Google Search
C02897,New Customers,5,1,1,13,1,33.18,2025-12-19,Google Search
C05994,New Customers,5,1,1,44,1,33.16,2025-11-18,Meta Ads
C04944,New Customers,5,1,1,8,1,33.09,2025-12-24,Meta Ads
C00942,New Customers,4,1,1,76,1,32.94,2025-10-17,Meta Ads
C01691,New Customers,4,1,1,116,1,32.93,2025-09-07,Google Search
C02182,New Customers,5,1,1,16,1,32.91,2025-12-16,Email / Referral
C03991,New Customers,5,1,1,11,1,32.84,2025-12-21,Google Search
C01436,New Customers,5,1,1,12,1,32.8,2025-12-20,Meta Ads
C02682,New Customers,4,1,1,71,1,32.78,2025-10-22,Organic / SEO
C01954,New Customers,5,1,1,15,1,32.75,2025-12-17,Google Search
C04607,New Customers,4,1,1,69,1,32.66,2025-10-24,Meta Ads
C02154,New Customers,4,1,1,107,1,32.65,2025-09-16,Programmatic
C02642,New Customers,4,1,1,134,1,32.64,2025-08-20,Programmatic
C00046,New Customers,4,1,1,104,1,32.62,2025-09-19,Meta Ads
C03202,New Customers,5,1,1,38,1,32.57,2025-11-24,Programmatic
C03551,New Customers,4,1,1,64,1,32.44,2025-10-29,Programmatic
C00846,New Customers,5,1,1,52,1,32.41,2025-11-10,Google Search
C02621,New Customers,5,1,1,57,1,32.35,2025-11-05,Programmatic
C05060,New Customers,5,1,1,9,1,32.32,2025-12-23,Google Search
C05318,New Customers,5,1,1,40,1,32.31,2025-11-22,Google Search
C01326,New Customers,5,1,1,57,1,32.29,2025-11-05,Meta Ads
C02791,New Customers,4,1,1,83,1,32.27,2025-10-10,Programmatic
C03772,New Customers,5,1,1,20,1,32.25,2025-12-12,Organic / SEO
C00439,New Customers,4,1,1,144,1,32.24,2025-08-10,Programmatic
C00101,New Customers,5,1,1,44,1,32.2,2025-11-18,Organic / SEO
C01673,New Customers,4,1,1,134,1,32.18,2025-08-20,Programmatic
C01398,New Customers,5,1,1,41,1,32.15,2025-11-21,Meta Ads
C03727,New Customers,5,1,1,19,1,32.09,2025-12-13,Google Search
C04040,New Customers,4,1,1,92,1,32.06,2025-10-01,Meta Ads
C01698,New Customers,4,1,1,110,1,32.04,2025-09-13,Email / Referral
C02656,New Customers,5,1,1,36,1,32.04,2025-11-26,Google Search
C04646,New Customers,5,1,1,3,1,32.04,2025-12-29,Meta Ads
C02604,New Customers,4,1,1,138,1,32.0,2025-08-16,Programmatic
C05570,New Customers,5,1,1,57,1,31.99,2025-11-05,Organic / SEO
C00432,New Customers,4,1,1,126,1,31.93,2025-08-28,Meta Ads
C03043,New Customers,4,1,1,131,1,31.92,2025-08-23,Meta Ads
C03953,New Customers,5,1,1,28,1,31.87,2025-12-04,Email / Referral
C03736,New Customers,5,1,1,13,1,31.7,2025-12-19,Organic / SEO
C02535,New Customers,5,1,1,21,1,31.56,2025-12-11,Organic / SEO
C03084,New Customers,4,1,1,120,1,31.55,2025-09-03,Google Search
C02834,New Customers,4,1,1,89,1,31.45,2025-10-04,Organic / SEO
C00697,New Customers,4,1,1,146,1,31.44,2025-08-08,Meta Ads
C00382,New Customers,5,1,1,32,1,31.43,2025-11-30,Programmatic
C00758,New Customers,5,1,1,34,1,31.41,2025-11-28,Programmatic
C05140,New Customers,4,1,1,78,1,31.29,2025-10-15,Google Search
C01395,New Customers,4,1,1,84,1,31.16,2025-10-09,Programmatic
C02452,New Customers,4,1,1,161,1,31.14,2025-07-24,Google Search
C05287,New Customers,4,1,1,117,1,31.09,2025-09-06,Programmatic
C04171,New Customers,5,1,1,19,1,31.07,2025-12-13,Meta Ads
C01271,New Customers,5,1,1,15,1,30.77,2025-12-17,Programmatic
C05743,New Customers,4,1,1,115,1,30.71,2025-09-08,Programmatic
C05144,New Customers,5,1,1,35,1,30.69,2025-11-27,Google Search
C01774,New Customers,5,1,1,55,1,30.67,2025-11-07,Programmatic
C01986,New Customers,5,1,1,36,1,30.67,2025-11-26,Google Search
C01978,New Customers,5,1,1,29,1,30.45,2025-12-03,Programmatic
C02345,New Customers,4,1,1,159,1,30.35,2025-07-26,Email / Referral
C03347,New Customers,4,1,1,110,1,30.34,2025-09-13,Meta Ads
C01375,New Customers,5,1,1,13,1,30.33,2025-12-19,Meta Ads
C02045,New Customers,5,1,1,10,1,30.22,2025-12-22,Programmatic
C02570,New Customers,5,1,1,3,1,30.19,2025-12-29,Email / Referral
C00388,New Customers,5,1,1,25,1,30.18,2025-12-07,Google Search
C02907,New Customers,5,1,1,16,1,30.16,2025-12-16,Meta Ads
C02190,New Customers,5,1,1,35,1,30.14,2025-11-27,Email / Referral
C05739,New Customers,5,1,1,42,1,30.08,2025-11-20,Meta Ads
C00861,New Customers,4,1,1,146,1,29.99,2025-08-08,Google Search
C02218,New Customers,5,1,1,35,1,29.85,2025-11-27,Organic / SEO
C04131,New Customers,4,1,1,154,1,29.82,2025-07-31,Programmatic
C04285,New Customers,5,1,1,49,1,29.81,2025-11-13,Google Search
C00495,New Customers,4,1,1,115,1,29.78,2025-09-08,Email / Referral
C00408,New Customers,4,1,1,82,1,29.77,2025-10-11,Google Search
C01414,New Customers,5,1,1,28,1,29.73,2025-12-04,Organic / SEO
C02412,New Customers,5,1,1,13,1,29.65,2025-12-19,Meta Ads
C03045,New Customers,4,1,1,141,1,29.65,2025-08-13,Meta Ads
C01910,New Customers,5,1,1,51,1,29.58,2025-11-11,Meta Ads
C03022,New Customers,4,1,1,146,1,29.54,2025-08-08,Programmatic
C04957,New Customers,4,1,1,68,1,29.5,2025-10-25,Programmatic
C02952,New Customers,4,1,1,123,1,29.37,2025-08-31,Meta Ads
C04480,New Customers,5,1,1,15,1,29.27,2025-12-17,Programmatic
C03035,New Customers,5,1,1,8,1,29.26,2025-12-24,Meta Ads
C04680,New Customers,4,1,1,59,1,29.22,2025-11-03,Meta Ads
C02793,New Customers,4,1,1,148,1,29.08,2025-08-06,Meta Ads
C00342,New Customers,5,1,1,21,1,28.97,2025-12-11,Programmatic
C01440,New Customers,5,1,1,12,1,28.91,2025-12-20,Programmatic
C02292,New Customers,4,1,1,170,1,28.87,2025-07-15,Programmatic
C04268,New Customers,4,1,1,96,1,28.52,2025-09-27,Google Search
C01264,New Customers,5,1,1,26,1,28.49,2025-12-06,Google Search
C01747,New Customers,4,1,1,145,1,28.44,2025-08-09,Meta Ads
C01950,New Customers,5,1,1,37,1,28.35,2025-11-25,Programmatic
C01832,New Customers,5,1,1,19,1,28.33,2025-12-13,Organic / SEO
C02270,New Customers,4,1,1,61,1,28.24,2025-11-01,Meta Ads
C04233,New Customers,4,1,1,153,1,28.22,2025-08-01,Meta Ads
C01066,New Customers,5,1,1,12,1,28.18,2025-12-20,Email / Referral
C02310,New Customers,5,1,1,48,1,28.11,2025-11-14,Programmatic
C04596,New Customers,5,1,1,11,1,28.04,2025-12-21,Meta Ads
C04314,New Customers,4,1,1,94,1,27.84,2025-09-29,Programmatic
C00540,New Customers,4,1,1,83,1,27.82,2025-10-10,Organic / SEO
C03135,New Customers,4,1,1,161,1,27.77,2025-07-24,Google Search
C01675,New Customers,4,1,1,120,1,27.02,2025-09-03,Meta Ads
C04824,New Customers,4,1,1,173,1,26.99,2025-07-12,Meta Ads
C01060,New Customers,4,1,1,174,1,26.86,2025-07-11,Meta Ads
C05022,New Customers,4,1,1,80,1,26.77,2025-10-13,Programmatic
C00937,New Customers,5,1,1,29,1,26.73,2025-12-03,Programmatic
C00974,New Customers,5,1,1,40,1,26.66,2025-11-22,Programmatic
C02527,New Customers,5,1,1,42,1,26.65,2025-11-20,Email / Referral
C01342,New Customers,4,1,1,99,1,26.47,2025-09-24,Google Search
C00999,New Customers,5,1,1,4,1,26.4,2025-12-28,Programmatic
C05303,New Customers,4,1,1,157,1,26.4,2025-07-28,Unknown
C04886,New Customers,4,1,1,76,1,26.38,2025-10-17,Google Search
C01200,New Customers,4,1,1,151,1,26.27,2025-08-03,Organic / SEO
C04058,New Customers,5,1,1,23,1,26.02,2025-12-09,Meta Ads
C04317,New Customers,5,1,1,33,1,25.78,2025-11-29,Meta Ads
C01744,New Customers,5,1,1,21,1,25.64,2025-12-11,Programmatic
C05272,New Customers,4,1,1,58,1,25.34,2025-11-04,Meta Ads
C01339,New Customers,5,1,1,57,1,25.23,2025-11-05,Google Search
C03460,New Customers,4,1,1,112,1,24.9,2025-09-11,Programmatic
C03738,New Customers,4,1,1,158,1,24.88,2025-07-27,Google Search
C04464,New Customers,5,1,1,16,1,24.78,2025-12-16,Organic / SEO
C05894,New Customers,4,1,1,75,1,24.75,2025-10-18,Email / Referral
C00367,New Customers,4,1,1,124,1,24.74,2025-08-30,Meta Ads
C03971,New Customers,5,1,1,23,1,24.69,2025-12-09,Organic / SEO
C00501,New Customers,4,1,1,150,1,24.57,2025-08-04,Programmatic
C05168,New Customers,4,1,1,143,1,23.98,2025-08-11,Programmatic
C02144,New Customers,4,1,1,103,1,23.66,2025-09-20,Meta Ads
C02431,New Customers,4,1,1,88,1,23.58,2025-10-05,Google Search
C01048,New Customers,4,1,1,122,1,23.49,2025-09-01,Meta Ads
C03713,New Customers,5,1,1,4,1,23.48,2025-12-28,Programmatic
C01701,New Customers,5,1,1,40,1,23.41,2025-11-22,Google Search
C04269,New Customers,4,1,1,111,1,23.41,2025-09-12,Email / Referral
C02036,New Customers,4,1,1,118,1,23.24,2025-09-05,Programmatic
C01181,New Customers,4,1,1,140,1,23.04,2025-08-14,Google Search
C02999,New Customers,5,1,1,11,1,22.61,2025-12-21,Programmatic
C02772,New Customers,4,1,1,107,1,22.59,2025-09-16,Programmatic
C00293,New Customers,5,1,1,37,1,22.11,2025-11-25,Programmatic
C03743,New Customers,4,1,1,69,1,22.04,2025-10-24,Organic / SEO
C05753,New Customers,4,1,1,134,1,21.57,2025-08-20,Organic / SEO
C02755,New Customers,5,1,1,55,1,21.33,2025-11-07,Google Search
C01817,New Customers,4,1,1,134,1,20.45,2025-08-20,Organic / SEO
C00358,New Customers,4,1,1,107,1,20.44,2025-09-16,Programmatic
C04241,New Customers,4,1,1,118,1,20.24,2025-09-05,Google Search
C02704,New Customers,4,1,1,99,1,19.77,2025-09-24,Meta Ads
C02826,New Customers,4,1,1,148,1,19.74,2025-08-06,Programmatic
C00639,New Customers,4,1,1,125,1,19.62,2025-08-29,Email / Referral
C02700,New Customers,4,1,1,60,1,18.79,2025-11-02,Google Search
C00001,New Customers,4,1,1,124,1,18.12,2025-08-30,Meta Ads
C04917,New Customers,4,1,1,142,1,17.14,2025-08-12,Meta Ads
C01134,New Customers,4,1,1,156,1,16.94,2025-07-29,Meta Ads
C03706,Potential Loyalists,4,2,5,96,2,451.52,2025-09-27,Google Search
C06000,Potential Loyalists,4,2,5,59,2,320.12,2025-11-03,Organic / SEO
C01885,Potential Loyalists,4,2,5,98,2,319.36,2025-09-25,Google Search
C00932,Potential Loyalists,4,2,5,60,2,271.06,2025-11-02,Organic / SEO
C00689,Potential Loyalists,4,2,5,75,2,265.29,2025-10-18,Organic / SEO
C03054,Potential Loyalists,5,2,5,25,2,264.92,2025-12-07,Email / Referral
C05615,Potential Loyalists,5,2,5,27,2,259.53,2025-12-05,Programmatic
C00920,Potential Loyalists,4,2,5,138,2,252.0,2025-08-16,Organic / SEO
C04883,Potential Loyalists,4,2,5,89,2,250.16000000000003,2025-10-04,Email / Referral
C00493,Potential Loyalists,4,2,5,61,2,242.62,2025-11-01,Email / Referral
C03229,Potential Loyalists,5,2,5,6,2,238.22,2025-12-26,Email / Referral
C01850,Potential Loyalists,4,2,5,65,2,233.95000000000002,2025-10-28,Organic / SEO
C01135,Potential Loyalists,5,2,5,2,2,233.75,2025-12-30,Meta Ads
C03966,Potential Loyalists,5,2,5,45,2,229.33,2025-11-17,Google Search
C05444,Potential Loyalists,5,2,5,48,2,225.32999999999998,2025-11-14,Google Search
C00816,Potential Loyalists,5,2,5,30,2,221.41,2025-12-02,Google Search
C00363,Potential Loyalists,5,2,5,1,2,220.22,2025-12-31,Meta Ads
C01794,Potential Loyalists,5,2,5,40,2,219.56,2025-11-22,Meta Ads
C02626,Potential Loyalists,4,2,5,98,2,218.33,2025-09-25,Google Search
C03649,Potential Loyalists,4,2,5,75,2,217.18,2025-10-18,Google Search
C05823,Potential Loyalists,4,2,5,124,2,215.16,2025-08-30,Email / Referral
C00752,Potential Loyalists,4,2,5,60,2,213.84,2025-11-02,Google Search
C04433,Potential Loyalists,5,2,5,38,2,212.45,2025-11-24,Google Search
C04564,Potential Loyalists,5,2,5,17,2,209.91,2025-12-15,Google Search
C04126,Potential Loyalists,4,2,5,93,2,208.36,2025-09-30,Meta Ads
C03729,Potential Loyalists,4,2,5,80,2,207.73000000000002,2025-10-13,Organic / SEO
C01754,Potential Loyalists,4,2,5,70,2,204.93,2025-10-23,Email / Referral
C03797,Potential Loyalists,4,2,5,156,2,203.10000000000002,2025-07-29,Google Search
C02829,Potential Loyalists,5,2,5,45,2,202.91000000000003,2025-11-17,Google Search
C00627,Potential Loyalists,4,2,5,104,2,202.78,2025-09-19,Organic / SEO
C04749,Potential Loyalists,5,2,5,51,2,202.64999999999998,2025-11-11,Meta Ads
C01120,Potential Loyalists,5,2,5,28,2,201.92000000000002,2025-12-04,Organic / SEO
C01086,Potential Loyalists,4,2,5,61,2,201.05,2025-11-01,Email / Referral
C05850,Potential Loyalists,5,2,5,18,2,200.35000000000002,2025-12-14,Google Search
C04350,Potential Loyalists,5,2,5,20,2,196.28,2025-12-12,Email / Referral
C04005,Potential Loyalists,4,2,5,126,2,195.94,2025-08-28,Meta Ads
C02707,Potential Loyalists,5,2,5,18,2,195.6,2025-12-14,Google Search
C02006,Potential Loyalists,5,2,5,22,2,195.31,2025-12-10,Organic / SEO
C00506,Potential Loyalists,5,2,5,37,2,192.35000000000002,2025-11-25,Google Search
C00983,Potential Loyalists,5,2,5,33,2,192.17000000000002,2025-11-29,Google Search
C05535,Potential Loyalists,5,2,5,21,2,191.59,2025-12-11,Google Search
C03201,Potential Loyalists,4,2,5,127,2,191.4,2025-08-27,Google Search
C03556,Potential Loyalists,4,2,5,90,2,191.11,2025-10-03,Google Search
C01044,Potential Loyalists,4,2,5,163,2,190.45,2025-07-22,Google Search
C04179,Potential Loyalists,4,2,5,123,2,189.54,2025-08-31,Google Search
C03406,Potential Loyalists,5,2,5,45,2,189.45,2025-11-17,Organic / SEO
C00714,Potential Loyalists,5,2,5,40,2,188.73,2025-11-22,Organic / SEO
C04567,Potential Loyalists,4,2,5,62,2,188.49,2025-10-31,Google Search
C03093,Potential Loyalists,5,2,5,4,2,187.0,2025-12-28,Google Search
C05215,Potential Loyalists,4,2,5,100,2,185.58,2025-09-23,Google Search
C01410,Potential Loyalists,4,2,5,152,2,182.63,2025-08-02,Google Search
C03169,Potential Loyalists,4,2,5,63,2,181.87,2025-10-30,Google Search
C05789,Potential Loyalists,4,2,5,76,2,181.65,2025-10-17,Email / Referral
C03543,Potential Loyalists,5,2,5,6,2,181.01,2025-12-26,Meta Ads
C04073,Potential Loyalists,4,2,5,111,2,180.39,2025-09-12,Meta Ads
C02612,Potential Loyalists,4,2,5,61,2,179.07,2025-11-01,Unknown
C05207,Potential Loyalists,4,2,5,152,2,178.87,2025-08-02,Meta Ads
C02284,Potential Loyalists,4,2,5,98,2,176.35,2025-09-25,Meta Ads
C02411,Potential Loyalists,5,2,5,34,2,173.54,2025-11-28,Organic / SEO
C05796,Potential Loyalists,4,2,5,157,2,173.54,2025-07-28,Organic / SEO
C02193,Potential Loyalists,4,2,5,99,2,173.51,2025-09-24,Google Search
C05455,Potential Loyalists,5,2,5,30,2,173.07,2025-12-02,Organic / SEO
C02618,Potential Loyalists,5,2,5,9,2,172.79000000000002,2025-12-23,Organic / SEO
C00761,Potential Loyalists,4,2,5,87,2,172.48000000000002,2025-10-06,Google Search
C00412,Potential Loyalists,4,2,5,154,2,172.46,2025-07-31,Email / Referral
C03571,Potential Loyalists,4,2,5,104,2,171.41,2025-09-19,Google Search
C03928,Potential Loyalists,5,2,5,7,2,170.97,2025-12-25,Google Search
C00291,Potential Loyalists,5,2,5,50,2,168.66,2025-11-12,Organic / SEO
C00787,Potential Loyalists,5,2,5,56,2,168.39,2025-11-06,Meta Ads
C03786,Potential Loyalists,5,2,5,26,2,167.97000000000003,2025-12-06,Organic / SEO
C04339,Potential Loyalists,4,2,5,100,2,167.53,2025-09-23,Meta Ads
C01488,Potential Loyalists,4,2,5,156,2,167.47,2025-07-29,Google Search
C01219,Potential Loyalists,4,2,5,129,2,167.17000000000002,2025-08-25,Google Search
C01461,Potential Loyalists,5,2,5,20,2,166.29000000000002,2025-12-12,Meta Ads
C00174,Potential Loyalists,5,2,5,2,2,166.1,2025-12-30,Meta Ads
C00403,Potential Loyalists,5,2,5,25,2,163.36,2025-12-07,Google Search
C04713,Potential Loyalists,4,2,5,144,2,162.92000000000002,2025-08-10,Meta Ads
C05550,Potential Loyalists,5,2,5,32,2,162.42000000000002,2025-11-30,Organic / SEO
C00402,Potential Loyalists,5,2,5,2,2,162.29,2025-12-30,Google Search
C02103,Potential Loyalists,4,2,5,91,2,161.32999999999998,2025-10-02,Organic / SEO
C01186,Potential Loyalists,5,2,5,25,2,160.75,2025-12-07,Meta Ads
C03621,Potential Loyalists,5,2,5,21,2,160.35000000000002,2025-12-11,Google Search
C03006,Potential Loyalists,5,2,5,3,2,160.14,2025-12-29,Organic / SEO
C03829,Potential Loyalists,5,2,5,10,2,159.91,2025-12-22,Meta Ads
C00301,Potential Loyalists,4,2,5,73,2,159.9,2025-10-20,Google Search
C05421,Potential Loyalists,5,2,5,5,2,158.16,2025-12-27,Organic / SEO
C01159,Potential Loyalists,5,2,5,52,2,158.07,2025-11-10,Google Search
C00657,Potential Loyalists,5,2,5,35,2,157.73000000000002,2025-11-27,Organic / SEO
C05424,Potential Loyalists,5,2,5,15,2,157.09,2025-12-17,Google Search
C00209,Potential Loyalists,4,2,5,135,2,156.38,2025-08-19,Google Search
C05435,Potential Loyalists,4,2,5,90,2,156.23000000000002,2025-10-03,Meta Ads
C02167,Potential Loyalists,5,2,5,5,2,155.44,2025-12-27,Organic / SEO
C00361,Potential Loyalists,5,2,5,19,2,154.96,2025-12-13,Meta Ads
C03948,Potential Loyalists,4,2,5,70,2,154.69,2025-10-23,Google Search
C01651,Potential Loyalists,4,2,5,174,2,153.35,2025-07-11,Email / Referral
C05724,Potential Loyalists,5,2,5,2,2,153.12,2025-12-30,Meta Ads
C05079,Potential Loyalists,4,2,5,147,2,152.28,2025-08-07,Google Search
C01274,Potential Loyalists,4,2,5,167,2,151.57999999999998,2025-07-18,Google Search
C02283,Potential Loyalists,4,2,5,70,2,150.68,2025-10-23,Meta Ads
C02577,Potential Loyalists,5,2,5,54,2,149.70999999999998,2025-11-08,Google Search
C02302,Potential Loyalists,4,2,5,114,2,149.20999999999998,2025-09-09,Meta Ads
C01245,Potential Loyalists,4,2,5,143,2,148.98,2025-08-11,Meta Ads
C00265,Potential Loyalists,5,2,5,8,2,147.11,2025-12-24,Meta Ads
C03136,Potential Loyalists,5,2,5,48,2,146.94,2025-11-14,Organic / SEO
C03853,Potential Loyalists,4,2,5,82,2,146.82999999999998,2025-10-11,Meta Ads
C05666,Potential Loyalists,5,2,5,9,2,146.24,2025-12-23,Organic / SEO
C04475,Potential Loyalists,4,2,5,174,2,146.14999999999998,2025-07-11,Meta Ads
C02348,Potential Loyalists,5,2,5,55,2,145.79000000000002,2025-11-07,Google Search
C05966,Potential Loyalists,5,2,5,3,2,145.65,2025-12-29,Google Search
C05246,Potential Loyalists,4,2,5,102,2,145.53,2025-09-21,Meta Ads
C00078,Potential Loyalists,4,2,5,106,2,145.07999999999998,2025-09-17,Meta Ads
C03400,Potential Loyalists,5,2,5,9,2,144.74,2025-12-23,Organic / SEO
C03914,Potential Loyalists,4,2,5,101,2,144.71,2025-09-22,Google Search
C01174,Potential Loyalists,4,2,5,87,2,144.70999999999998,2025-10-06,Organic / SEO
C05181,Potential Loyalists,4,2,5,71,2,144.22,2025-10-22,Google Search
C03213,Potential Loyalists,5,2,5,56,2,143.68,2025-11-06,Google Search
C03795,Potential Loyalists,5,2,5,39,2,143.64,2025-11-23,Google Search
C03732,Potential Loyalists,5,2,5,9,2,142.79,2025-12-23,Meta Ads
C05920,Potential Loyalists,4,2,5,129,2,142.53,2025-08-25,Meta Ads
C01702,Potential Loyalists,5,2,5,6,2,142.26999999999998,2025-12-26,Meta Ads
C05726,Potential Loyalists,5,2,5,48,2,142.18,2025-11-14,Google Search
C02609,Potential Loyalists,4,2,5,123,2,141.95999999999998,2025-08-31,Google Search
C02022,Potential Loyalists,5,2,5,10,2,141.88,2025-12-22,Google Search
C03421,Potential Loyalists,5,2,5,27,2,141.53,2025-12-05,Google Search
C02530,Potential Loyalists,4,2,5,123,2,141.47,2025-08-31,Google Search
C03449,Potential Loyalists,4,2,5,83,2,140.74,2025-10-10,Google Search
C02107,Potential Loyalists,5,2,5,47,2,140.4,2025-11-15,Google Search
C00246,Potential Loyalists,5,2,5,45,2,139.89999999999998,2025-11-17,Google Search
C00717,Potential Loyalists,5,2,5,42,2,139.45999999999998,2025-11-20,Organic / SEO
C03496,Potential Loyalists,4,2,5,68,2,138.69,2025-10-25,Google Search
C05261,Potential Loyalists,4,2,5,158,2,138.47,2025-07-27,Organic / SEO
C03383,Potential Loyalists,5,2,5,16,2,138.41,2025-12-16,Meta Ads
C02257,Potential Loyalists,5,2,5,8,2,138.39,2025-12-24,Email / Referral
C02447,Potential Loyalists,4,2,5,113,2,137.93,2025-09-10,Meta Ads
C04604,Potential Loyalists,4,2,5,153,2,137.93,2025-08-01,Email / Referral
C03073,Potential Loyalists,5,2,5,48,2,137.68,2025-11-14,Organic / SEO
C00949,Potential Loyalists,4,2,5,59,2,137.31,2025-11-03,Organic / SEO
C05693,Potential Loyalists,4,2,5,126,2,137.27,2025-08-28,Google Search
C05497,Potential Loyalists,5,2,5,15,2,137.02,2025-12-17,Google Search
C02495,Potential Loyalists,5,2,5,21,2,136.59,2025-12-11,Organic / SEO
C05147,Potential Loyalists,5,2,5,19,2,136.57,2025-12-13,Google Search
C01149,Potential Loyalists,4,2,5,126,2,136.52,2025-08-28,Organic / SEO
C03969,Potential Loyalists,4,2,5,124,2,136.48,2025-08-30,Google Search
C05026,Potential Loyalists,4,2,5,134,2,136.11,2025-08-20,Organic / SEO
C00180,Potential Loyalists,4,2,5,142,2,136.03,2025-08-12,Meta Ads
C00634,Potential Loyalists,4,2,5,139,2,135.78,2025-08-15,Organic / SEO
C01359,Potential Loyalists,5,2,5,39,2,135.70999999999998,2025-11-23,Google Search
C05530,Potential Loyalists,5,2,5,25,2,135.48000000000002,2025-12-07,Organic / SEO
C03821,Potential Loyalists,5,2,5,13,2,135.4,2025-12-19,Email / Referral
C01127,Potential Loyalists,4,2,5,112,2,135.28,2025-09-11,Meta Ads
C02648,Potential Loyalists,4,2,5,62,2,134.87,2025-10-31,Google Search
C00179,Potential Loyalists,5,2,5,25,2,134.79,2025-12-07,Meta Ads
C04355,Potential Loyalists,5,2,5,16,2,134.38,2025-12-16,Meta Ads
C00446,Potential Loyalists,5,2,5,18,2,134.29,2025-12-14,Google Search
C00539,Potential Loyalists,4,2,5,124,2,134.26,2025-08-30,Meta Ads
C00346,Potential Loyalists,5,2,5,15,2,134.01,2025-12-17,Organic / SEO
C00418,Potential Loyalists,5,2,5,44,2,133.98,2025-11-18,Google Search
C00492,Potential Loyalists,4,2,5,61,2,133.25,2025-11-01,Organic / SEO
C05956,Potential Loyalists,5,2,5,44,2,133.14,2025-11-18,Organic / SEO
C00242,Potential Loyalists,5,2,5,33,2,133.12,2025-11-29,Google Search
C05941,Potential Loyalists,4,2,5,131,2,132.63,2025-08-23,Meta Ads
C04517,Potential Loyalists,4,2,5,73,2,131.53,2025-10-20,Google Search
C01791,Potential Loyalists,5,2,5,48,2,131.42000000000002,2025-11-14,Organic / SEO
C02329,Potential Loyalists,4,2,5,164,2,131.24,2025-07-21,Email / Referral
C05674,Potential Loyalists,4,2,5,124,2,130.79000000000002,2025-08-30,Email / Referral
C05779,Potential Loyalists,4,2,5,140,2,130.63,2025-08-14,Meta Ads
C00456,Potential Loyalists,4,2,5,148,2,130.16,2025-08-06,Organic / SEO
C04909,Potential Loyalists,5,2,5,14,2,129.43,2025-12-18,Email / Referral
C04742,Potential Loyalists,5,2,5,22,2,129.03,2025-12-10,Email / Referral
C00278,Potential Loyalists,5,2,5,49,2,128.98000000000002,2025-11-13,Organic / SEO
C01672,Potential Loyalists,4,2,5,152,2,128.6,2025-08-02,Google Search
C00305,Potential Loyalists,5,2,5,25,2,128.26999999999998,2025-12-07,Organic / SEO
C04405,Potential Loyalists,4,2,5,167,2,128.01,2025-07-18,Google Search
C00641,Potential Loyalists,5,2,5,41,2,127.52,2025-11-21,Google Search
C02948,Potential Loyalists,5,2,5,9,2,126.89,2025-12-23,Organic / SEO
C03051,Potential Loyalists,5,2,5,26,2,126.2,2025-12-06,Google Search
C01677,Potential Loyalists,4,2,5,151,2,125.84,2025-08-03,Google Search
C00837,Potential Loyalists,5,2,5,52,2,125.76,2025-11-10,Google Search
C02199,Potential Loyalists,4,2,5,139,2,125.68,2025-08-15,Meta Ads
C02835,Potential Loyalists,5,2,5,7,2,125.61000000000001,2025-12-25,Meta Ads
C03553,Potential Loyalists,5,2,5,57,2,125.5,2025-11-05,Organic / SEO
C00835,Potential Loyalists,4,2,5,78,2,125.13000000000001,2025-10-15,Meta Ads
C00333,Potential Loyalists,5,2,5,3,2,124.96000000000001,2025-12-29,Meta Ads
C02678,Potential Loyalists,4,2,5,64,2,124.96000000000001,2025-10-29,Organic / SEO
C01884,Potential Loyalists,4,2,5,124,2,124.78999999999999,2025-08-30,Organic / SEO
C03272,Potential Loyalists,5,2,4,56,2,124.27000000000001,2025-11-06,Email / Referral
C03946,Potential Loyalists,5,2,4,35,2,123.84,2025-11-27,Google Search
C01454,Potential Loyalists,5,2,4,6,2,123.66999999999999,2025-12-26,Organic / SEO
C01658,Potential Loyalists,5,2,4,24,2,123.63999999999999,2025-12-08,Unknown
C01072,Potential Loyalists,5,2,4,48,2,123.43,2025-11-14,Google Search
C05732,Potential Loyalists,5,2,4,1,2,123.42,2025-12-31,Meta Ads
C02500,Potential Loyalists,5,2,4,6,2,123.28,2025-12-26,Google Search
C03825,Potential Loyalists,4,2,4,156,2,123.24000000000001,2025-07-29,Meta Ads
C04554,Potential Loyalists,4,2,4,59,2,123.17,2025-11-03,Google Search
C04523,Potential Loyalists,4,2,4,120,2,122.68,2025-09-03,Google Search
C00392,Potential Loyalists,5,2,4,2,2,122.63,2025-12-30,Organic / SEO
C00443,Potential Loyalists,4,2,4,89,2,122.27000000000001,2025-10-04,Email / Referral
C05067,Potential Loyalists,4,2,4,130,2,122.03,2025-08-24,Programmatic
C01650,Potential Loyalists,4,2,4,68,2,121.9,2025-10-25,Organic / SEO
C00957,Potential Loyalists,4,2,4,79,2,121.53,2025-10-14,Google Search
C00217,Potential Loyalists,4,2,4,132,2,121.47,2025-08-22,Meta Ads
C01184,Potential Loyalists,5,2,4,24,2,121.25,2025-12-08,Meta Ads
C01753,Potential Loyalists,5,2,4,45,2,121.17,2025-11-17,Programmatic
C03509,Potential Loyalists,4,2,4,170,2,121.16,2025-07-15,Organic / SEO
C05380,Potential Loyalists,5,2,4,2,2,121.11,2025-12-30,Google Search
C00025,Potential Loyalists,5,2,4,38,2,120.98,2025-11-24,Email / Referral
C00184,Potential Loyalists,4,2,4,141,2,120.56,2025-08-13,Organic / SEO
C01284,Potential Loyalists,4,2,4,66,2,120.55000000000001,2025-10-27,Google Search
C04181,Potential Loyalists,5,2,4,32,2,120.47999999999999,2025-11-30,Programmatic
C02752,Potential Loyalists,5,2,4,48,2,120.4,2025-11-14,Meta Ads
C02402,Potential Loyalists,4,2,4,93,2,120.39,2025-09-30,Google Search
C02301,Potential Loyalists,5,2,4,2,2,120.36,2025-12-30,Organic / SEO
C01935,Potential Loyalists,5,2,4,26,2,119.97,2025-12-06,Organic / SEO
C02059,Potential Loyalists,4,2,4,94,2,119.62,2025-09-29,Organic / SEO
C03882,Potential Loyalists,5,2,4,3,2,119.50999999999999,2025-12-29,Google Search
C04002,Potential Loyalists,5,2,4,7,2,119.43,2025-12-25,Organic / SEO
C01083,Potential Loyalists,5,2,4,6,2,118.89,2025-12-26,Email / Referral
C00227,Potential Loyalists,5,2,4,58,2,118.72999999999999,2025-11-04,Meta Ads
C05117,Potential Loyalists,4,2,4,114,2,118.44999999999999,2025-09-09,Google Search
C01313,Potential Loyalists,5,2,4,7,2,117.87,2025-12-25,Meta Ads
C05410,Potential Loyalists,5,2,4,4,2,117.75,2025-12-28,Google Search
C03547,Potential Loyalists,5,2,4,3,2,117.58,2025-12-29,Organic / SEO
C03137,Potential Loyalists,5,2,4,13,2,117.56,2025-12-19,Meta Ads
C03538,Potential Loyalists,4,2,4,173,2,117.43,2025-07-12,Google Search
C01593,Potential Loyalists,5,2,4,26,2,117.27,2025-12-06,Email / Referral
C01037,Potential Loyalists,5,2,4,11,2,117.21000000000001,2025-12-21,Google Search
C00359,Potential Loyalists,5,2,4,30,2,117.10000000000001,2025-12-02,Meta Ads
C01014,Potential Loyalists,5,2,4,19,2,117.08000000000001,2025-12-13,Organic / SEO
C03002,Potential Loyalists,4,2,4,151,2,116.76,2025-08-03,Google Search
C04185,Potential Loyalists,5,2,4,34,2,116.69999999999999,2025-11-28,Google Search
C02395,Potential Loyalists,5,2,4,15,2,116.57,2025-12-17,Google Search
C04925,Potential Loyalists,4,2,4,74,2,116.53,2025-10-19,Google Search
C01583,Potential Loyalists,5,2,4,8,2,116.34,2025-12-24,Google Search
C05831,Potential Loyalists,4,2,4,60,2,115.78999999999999,2025-11-02,Google Search
C00376,Potential Loyalists,4,2,4,170,2,115.51,2025-07-15,Google Search
C00197,Potential Loyalists,5,2,4,53,2,115.37,2025-11-09,Email / Referral
C01413,Potential Loyalists,4,2,4,60,2,115.36,2025-11-02,Google Search
C05391,Potential Loyalists,4,2,4,138,2,114.99,2025-08-16,Meta Ads
C00189,Potential Loyalists,4,2,4,127,2,114.74000000000001,2025-08-27,Organic / SEO
C04219,Potential Loyalists,5,2,4,5,2,114.72,2025-12-27,Google Search
C02364,Potential Loyalists,5,2,4,24,2,114.09,2025-12-08,Meta Ads
C01338,Potential Loyalists,4,2,4,114,2,113.28999999999999,2025-09-09,Meta Ads
C00368,Potential Loyalists,5,2,4,10,2,112.78,2025-12-22,Google Search
C04937,Potential Loyalists,4,2,4,174,2,112.68,2025-07-11,Email / Referral
C01736,Potential Loyalists,4,2,4,95,2,112.39,2025-09-28,Meta Ads
C01404,Potential Loyalists,4,2,4,119,2,112.28999999999999,2025-09-04,Meta Ads
C04319,Potential Loyalists,5,2,4,57,2,112.0,2025-11-05,Programmatic
C02730,Potential Loyalists,5,2,4,17,2,111.07,2025-12-15,Meta Ads
C01039,Potential Loyalists,5,2,4,19,2,110.8,2025-12-13,Programmatic
C00003,Potential Loyalists,5,2,4,58,2,110.28,2025-11-04,Organic / SEO
C02669,Potential Loyalists,4,2,4,146,2,110.15,2025-08-08,Organic / SEO
C03276,Potential Loyalists,5,2,4,8,2,110.14,2025-12-24,Google Search
C04212,Potential Loyalists,5,2,4,37,2,109.03,2025-11-25,Meta Ads
C05784,Potential Loyalists,5,2,4,7,2,108.78,2025-12-25,Organic / SEO
C01963,Potential Loyalists,5,2,4,2,2,108.53999999999999,2025-12-30,Organic / SEO
C03559,Potential Loyalists,4,2,4,109,2,108.48,2025-09-14,Meta Ads
C00629,Potential Loyalists,5,2,4,19,2,108.44,2025-12-13,Google Search
C03331,Potential Loyalists,5,2,4,8,2,107.35,2025-12-24,Organic / SEO
C05121,Potential Loyalists,4,2,4,173,2,106.97,2025-07-12,Programmatic
C02578,Potential Loyalists,5,2,4,13,2,106.74000000000001,2025-12-19,Google Search
C05734,Potential Loyalists,5,2,4,40,2,106.50999999999999,2025-11-22,Google Search
C00285,Potential Loyalists,5,2,4,9,2,106.37,2025-12-23,Email / Referral
C05694,Potential Loyalists,4,2,4,58,2,105.72,2025-11-04,Google Search
C05838,Potential Loyalists,4,2,4,130,2,105.36000000000001,2025-08-24,Programmatic
C01331,Potential Loyalists,5,2,4,1,2,105.31,2025-12-31,Google Search
C02318,Potential Loyalists,4,2,4,88,2,105.11,2025-10-05,Programmatic
C05434,Potential Loyalists,4,2,4,152,2,104.91999999999999,2025-08-02,Email / Referral
C03717,Potential Loyalists,4,2,4,102,2,104.72,2025-09-21,Google Search
C02488,Potential Loyalists,4,2,4,68,2,104.69,2025-10-25,Google Search
C00567,Potential Loyalists,4,2,4,89,2,104.63,2025-10-04,Organic / SEO
C02929,Potential Loyalists,4,2,4,77,2,103.91,2025-10-16,Meta Ads
C05269,Potential Loyalists,5,2,4,35,2,103.74000000000001,2025-11-27,Google Search
C04456,Potential Loyalists,5,2,4,33,2,103.18,2025-11-29,Email / Referral
C01310,Potential Loyalists,5,2,4,9,2,102.9,2025-12-23,Meta Ads
C05236,Potential Loyalists,4,2,4,146,2,102.86,2025-08-08,Organic / SEO
C04958,Potential Loyalists,4,2,4,148,2,102.75999999999999,2025-08-06,Organic / SEO
C04176,Potential Loyalists,5,2,4,14,2,102.71000000000001,2025-12-18,Organic / SEO
C03726,Potential Loyalists,5,2,4,52,2,102.66999999999999,2025-11-10,Email / Referral
C05959,Potential Loyalists,4,2,4,96,2,102.27000000000001,2025-09-27,Email / Referral
C04735,Potential Loyalists,5,2,4,2,2,101.82,2025-12-30,Google Search
C04208,Potential Loyalists,5,2,4,22,2,101.69999999999999,2025-12-10,Google Search
C05841,Potential Loyalists,4,2,4,139,2,101.55,2025-08-15,Programmatic
C02468,Potential Loyalists,5,2,4,13,2,101.47999999999999,2025-12-19,Meta Ads
C04194,Potential Loyalists,5,2,4,27,2,101.19,2025-12-05,Meta Ads
C03746,Potential Loyalists,4,2,4,140,2,101.03999999999999,2025-08-14,Email / Referral
C01524,Potential Loyalists,5,2,4,40,2,100.99000000000001,2025-11-22,Google Search
C04407,Potential Loyalists,5,2,4,14,2,99.12,2025-12-18,Email / Referral
C01426,Potential Loyalists,5,2,4,42,2,98.93,2025-11-20,Google Search
C05640,Potential Loyalists,4,2,4,131,2,98.58,2025-08-23,Programmatic
C01772,Potential Loyalists,4,2,4,119,2,98.33,2025-09-04,Google Search
C05830,Potential Loyalists,5,2,4,43,2,98.08,2025-11-19,Google Search
C03358,Potential Loyalists,4,2,4,153,2,98.03,2025-08-01,Organic / SEO
C05007,Potential Loyalists,5,2,4,27,2,97.69,2025-12-05,Email / Referral
C02935,Potential Loyalists,4,2,4,78,2,97.59,2025-10-15,Email / Referral
C04273,Potential Loyalists,4,2,4,67,2,97.41999999999999,2025-10-26,Organic / SEO
C02112,Potential Loyalists,4,2,4,157,2,97.24000000000001,2025-07-28,Google Search
C02054,Potential Loyalists,5,2,4,31,2,97.16,2025-12-01,Organic / SEO
C04157,Potential Loyalists,5,2,4,2,2,97.07,2025-12-30,Meta Ads
C00159,Potential Loyalists,4,2,4,142,2,96.97999999999999,2025-08-12,Google Search
C03710,Potential Loyalists,4,2,4,98,2,96.86,2025-09-25,Organic / SEO
C03473,Potential Loyalists,4,2,4,105,2,96.47,2025-09-18,Google Search
C04795,Potential Loyalists,4,2,4,85,2,96.28999999999999,2025-10-08,Google Search
C05332,Potential Loyalists,4,2,4,77,2,96.06,2025-10-16,Programmatic
C03455,Potential Loyalists,5,2,4,1,2,95.74000000000001,2025-12-31,Meta Ads
C01129,Potential Loyalists,4,2,4,128,2,95.69,2025-08-26,Programmatic
C01365,Potential Loyalists,5,2,4,20,2,95.57,2025-12-12,Google Search
C02576,Potential Loyalists,4,2,4,172,2,95.38999999999999,2025-07-13,Meta Ads
C03522,Potential Loyalists,5,2,4,35,2,95.36,2025-11-27,Organic / SEO
C01723,Potential Loyalists,4,2,4,140,2,94.87,2025-08-14,Google Search
C04030,Potential Loyalists,5,2,4,14,2,94.50999999999999,2025-12-18,Organic / SEO
C02236,Potential Loyalists,5,2,4,26,2,94.14,2025-12-06,Google Search
C00251,Potential Loyalists,5,2,4,55,2,93.85,2025-11-07,Email / Referral
C02213,Potential Loyalists,5,2,4,24,2,93.19,2025-12-08,Organic / SEO
C04861,Potential Loyalists,5,2,4,55,2,93.09,2025-11-07,Meta Ads
C00087,Potential Loyalists,5,2,4,31,2,92.78,2025-12-01,Meta Ads
C04329,Potential Loyalists,5,2,4,29,2,92.64,2025-12-03,Meta Ads
C04832,Potential Loyalists,5,2,4,28,2,92.61,2025-12-04,Google Search
C05003,Potential Loyalists,5,2,4,13,2,92.52000000000001,2025-12-19,Programmatic
C04107,Potential Loyalists,4,2,4,163,2,91.53999999999999,2025-07-22,Meta Ads
C00122,Potential Loyalists,4,2,4,151,2,91.43,2025-08-03,Meta Ads
C05858,Potential Loyalists,4,2,4,72,2,91.25999999999999,2025-10-21,Meta Ads
C01933,Potential Loyalists,5,2,4,41,2,91.03,2025-11-21,Google Search
C02135,Potential Loyalists,4,2,4,82,2,90.4,2025-10-11,Google Search
C00351,Potential Loyalists,4,2,4,143,2,89.74,2025-08-11,Email / Referral
C05408,Potential Loyalists,5,2,4,28,2,89.69999999999999,2025-12-04,Meta Ads
C00406,Potential Loyalists,5,2,4,38,2,89.69,2025-11-24,Organic / SEO
C04278,Potential Loyalists,4,2,4,67,2,89.63,2025-10-26,Meta Ads
C00875,Potential Loyalists,5,2,4,51,2,89.59,2025-11-11,Google Search
C04951,Potential Loyalists,5,2,4,45,2,89.53,2025-11-17,Meta Ads
C04237,Potential Loyalists,5,2,4,1,2,89.50999999999999,2025-12-31,Email / Referral
C03575,Potential Loyalists,4,2,4,59,2,89.42,2025-11-03,Google Search
C05173,Potential Loyalists,5,2,4,18,2,89.41,2025-12-14,Email / Referral
C03963,Potential Loyalists,4,2,4,109,2,88.91,2025-09-14,Google Search
C01317,Potential Loyalists,4,2,4,169,2,88.85,2025-07-16,Programmatic
C01632,Potential Loyalists,4,2,4,60,2,88.57,2025-11-02,Organic / SEO
C01716,Potential Loyalists,5,2,4,29,2,88.49000000000001,2025-12-03,Google Search
C04524,Potential Loyalists,5,2,4,43,2,88.24,2025-11-19,Meta Ads
C04932,Potential Loyalists,5,2,4,58,2,88.13,2025-11-04,Email / Referral
C05704,Potential Loyalists,5,2,4,41,2,88.08,2025-11-21,Meta Ads
C02300,Potential Loyalists,5,2,4,57,2,88.03,2025-11-05,Meta Ads
C04948,Potential Loyalists,5,2,4,18,2,87.69,2025-12-14,Email / Referral
C02990,Potential Loyalists,4,2,4,137,2,87.15,2025-08-17,Meta Ads
C03218,Potential Loyalists,4,2,4,60,2,87.02000000000001,2025-11-02,Programmatic
C01996,Potential Loyalists,5,2,4,17,2,86.91,2025-12-15,Meta Ads
C05580,Potential Loyalists,4,2,4,66,2,86.5,2025-10-27,Organic / SEO
C04000,Potential Loyalists,5,2,4,34,2,85.78,2025-11-28,Meta Ads
C03716,Potential Loyalists,5,2,4,33,2,85.53999999999999,2025-11-29,Meta Ads
C05347,Potential Loyalists,4,2,4,133,2,85.49,2025-08-21,Organic / SEO
C02356,Potential Loyalists,4,2,4,86,2,85.28999999999999,2025-10-07,Email / Referral
C01169,Potential Loyalists,5,2,4,35,2,85.01,2025-11-27,Unknown
C04572,Potential Loyalists,5,2,4,57,2,84.88,2025-11-05,Meta Ads
C05524,Potential Loyalists,4,2,4,105,2,84.39,2025-09-18,Google Search
C02352,Potential Loyalists,5,2,4,55,2,84.03,2025-11-07,Programmatic
C05101,Potential Loyalists,5,2,4,34,2,83.73,2025-11-28,Programmatic
C00596,Potential Loyalists,5,2,4,37,2,83.57,2025-11-25,Meta Ads
C01042,Potential Loyalists,5,2,4,35,2,83.53999999999999,2025-11-27,Google Search
C00275,Potential Loyalists,4,2,4,170,2,83.44999999999999,2025-07-15,Google Search
C00344,Potential Loyalists,5,2,4,4,2,82.53,2025-12-28,Meta Ads
C05856,Potential Loyalists,4,2,4,73,2,82.21000000000001,2025-10-20,Meta Ads
C04013,Potential Loyalists,5,2,4,26,2,81.83000000000001,2025-12-06,Google Search
C01228,Potential Loyalists,5,2,4,53,2,81.82,2025-11-09,Meta Ads
C05141,Potential Loyalists,4,2,4,168,2,81.63,2025-07-17,Meta Ads
C05854,Potential Loyalists,4,2,4,140,2,81.03999999999999,2025-08-14,Programmatic
C03014,Potential Loyalists,4,2,4,167,2,81.02000000000001,2025-07-18,Google Search
C02130,Potential Loyalists,4,2,4,126,2,80.61,2025-08-28,Meta Ads
C03226,Potential Loyalists,4,2,4,62,2,80.53,2025-10-31,Email / Referral
C03950,Potential Loyalists,4,2,4,117,2,80.05,2025-09-06,Meta Ads
C02872,Potential Loyalists,5,2,3,52,2,78.9,2025-11-10,Programmatic
C01596,Potential Loyalists,5,2,3,35,2,78.76,2025-11-27,Programmatic
C02722,Potential Loyalists,5,2,3,15,2,78.54,2025-12-17,Meta Ads
C04266,Potential Loyalists,4,2,3,75,2,78.46000000000001,2025-10-18,Meta Ads
C05389,Potential Loyalists,4,2,3,105,2,77.25,2025-09-18,Google Search
C05553,Potential Loyalists,5,2,3,9,2,77.09,2025-12-23,Organic / SEO
C03366,Potential Loyalists,4,2,3,167,2,76.87,2025-07-18,Google Search
C03759,Potential Loyalists,5,2,3,4,2,76.87,2025-12-28,Google Search
C00049,Potential Loyalists,4,2,3,108,2,76.83,2025-09-15,Google Search
C00014,Potential Loyalists,5,2,3,18,2,76.5,2025-12-14,Organic / SEO
C00315,Potential Loyalists,4,2,3,166,2,76.44,2025-07-19,Organic / SEO
C03203,Potential Loyalists,5,2,3,23,2,75.84,2025-12-09,Meta Ads
C00956,Potential Loyalists,5,2,3,52,2,75.57,2025-11-10,Meta Ads
C02139,Potential Loyalists,5,2,3,47,2,75.18,2025-11-15,Email / Referral
C01793,Potential Loyalists,4,2,3,146,2,74.03,2025-08-08,Google Search
C04955,Potential Loyalists,4,2,3,59,2,73.87,2025-11-03,Programmatic
C02106,Potential Loyalists,4,2,3,93,2,73.82,2025-09-30,Google Search
C00021,Potential Loyalists,4,2,3,75,2,73.69,2025-10-18,Programmatic
C00256,Potential Loyalists,5,2,3,47,2,73.48,2025-11-15,Programmatic
C03724,Potential Loyalists,4,2,3,104,2,73.07,2025-09-19,Meta Ads
C00834,Potential Loyalists,4,2,3,127,2,72.12,2025-08-27,Programmatic
C02277,Potential Loyalists,5,2,3,58,2,71.96000000000001,2025-11-04,Meta Ads
C02116,Potential Loyalists,5,2,3,18,2,71.81,2025-12-14,Programmatic
C03794,Potential Loyalists,4,2,3,136,2,71.8,2025-08-18,Google Search
C04590,Potential Loyalists,5,2,3,53,2,71.37,2025-11-09,Organic / SEO
C01498,Potential Loyalists,5,2,3,20,2,69.6,2025-12-12,Meta Ads
C01656,Potential Loyalists,4,2,3,70,2,69.29,2025-10-23,Email / Referral
C02572,Potential Loyalists,4,2,3,93,2,69.14,2025-09-30,Programmatic
C03242,Potential Loyalists,4,2,3,66,2,68.94,2025-10-27,Meta Ads
C05267,Potential Loyalists,5,2,3,30,2,68.86,2025-12-02,Organic / SEO
C00092,Potential Loyalists,5,2,3,34,2,68.78,2025-11-28,Google Search
C01985,Potential Loyalists,5,2,3,55,2,68.66,2025-11-07,Email / Referral
C02918,Potential Loyalists,4,2,3,63,2,67.08,2025-10-30,Google Search
C05586,Potential Loyalists,5,2,3,9,2,66.78999999999999,2025-12-23,Programmatic
C03919,Potential Loyalists,4,2,3,81,2,66.62,2025-10-12,Google Search
C05039,Potential Loyalists,5,2,3,10,2,66.60000000000001,2025-12-22,Organic / SEO
C05684,Potential Loyalists,5,2,3,17,2,66.0,2025-12-15,Programmatic
C00047,Potential Loyalists,5,2,3,48,2,65.72,2025-11-14,Meta Ads
C00107,Potential Loyalists,4,2,3,141,2,65.53,2025-08-13,Programmatic
C02192,Potential Loyalists,5,2,3,35,2,63.79,2025-11-27,Programmatic
C01458,Potential Loyalists,5,2,3,28,2,63.62,2025-12-04,Email / Referral
C03288,Potential Loyalists,4,2,3,77,2,62.68,2025-10-16,Organic / SEO
C04172,Potential Loyalists,4,2,3,129,2,61.269999999999996,2025-08-25,Meta Ads
C04140,Potential Loyalists,4,2,3,101,2,61.11,2025-09-22,Google Search
C02440,Potential Loyalists,5,2,3,55,2,60.83,2025-11-07,Google Search
C01577,Potential Loyalists,5,2,3,34,2,60.81,2025-11-28,Programmatic
C02694,Potential Loyalists,5,2,3,3,2,60.81,2025-12-29,Google Search
C05904,Potential Loyalists,5,2,3,51,2,60.09,2025-11-11,Google Search
C03973,Potential Loyalists,4,2,3,95,2,59.480000000000004,2025-09-28,Programmatic
C03941,Potential Loyalists,5,2,2,45,2,58.58,2025-11-17,Programmatic
C03722,Potential Loyalists,5,2,2,22,2,58.26,2025-12-10,Programmatic
C03954,Potential Loyalists,4,2,2,122,2,56.19,2025-09-01,Meta Ads
C04145,Potential Loyalists,5,2,2,4,2,56.089999999999996,2025-12-28,Meta Ads
C01605,Potential Loyalists,5,2,2,53,2,54.14,2025-11-09,Programmatic
C03291,Potential Loyalists,5,2,2,9,2,51.41,2025-12-23,Meta Ads
C01068,Potential Loyalists,4,2,2,123,2,50.28,2025-08-31,Programmatic
C04495,Potential Loyalists,5,2,2,31,2,50.02,2025-12-01,Programmatic
C05268,Potential Loyalists,5,2,2,7,2,49.290000000000006,2025-12-25,Organic / SEO
C01827,Potential Loyalists,4,2,2,151,2,48.85,2025-08-03,Email / Referral
C05798,Potential Loyalists,5,2,1,41,2,43.42,2025-11-21,Meta Ads
C04148,Potential Loyalists,5,2,1,23,2,40.8,2025-12-09,Google Search
C03586,Potential Loyalists,4,2,1,85,2,40.48,2025-10-08,Programmatic
