customer_id,acquisition_channel
C00001,Meta Ads
C00002,Google Search
C00003,Organic / SEO
C00004,Google Search
C00005,Google Search
C00006,Meta Ads
C00007,Organic / SEO
C00008,Programmatic
C00009,Email / Referral
C00010,Programmatic
C00011,Email / Referral
C00012,Organic / SEO
C00013,Google Search
C00014,Organic / SEO
C00015,Google Search
C00016,Google Search
C00017,Google Search
C00018,Email / Referral
C00019,Organic / SEO
C00020,Programmatic
C00021,Programmatic
C00022,Programmatic
C00023,Google Search
C00024,Programmatic
C00025,Email / Referral
C00026,Programmatic
C00027,Google Search
C00028,Google Search
C00029,Programmatic
C00030,Google Search
C00031,Meta Ads
C00032,Meta Ads
C00033,Google Search
C00034,Google Search
C00035,Programmatic
C00036,Programmatic
C00037,Programmatic
C00038,Google Search
C00039,Google Search
C00040,Meta Ads
C00041,Meta Ads
C00042,Google Search
C00043,Email / Referral
C00044,Programmatic
C00045,Meta Ads
C00046,Meta Ads
C00047,Meta Ads
C00048,Google Search
C00049,Google Search
C00050,Meta Ads
C00051,Meta Ads
C00052,Meta Ads
C00053,Email / Referral
C00054,Google Search
C00055,Google Search
C00056,Google Search
C00057,Google Search
C00058,Organic / SEO
C00059,Email / Referral
C00060,Programmatic
C00061,Organic / SEO
C00062,Meta Ads
C00063,Google Search
C00064,Meta Ads
C00065,Meta Ads
C00066,Programmatic
C00067,Meta Ads
C00068,Google Search
C00069,Google Search
C00070,Google Search
C00071,Programmatic
C00072,Google Search
C00073,Google Search
C00074,Google Search
C00075,Email / Referral
C00076,Meta Ads
C00077,Organic / SEO
C00078,Meta Ads
C00079,Google Search
C00080,
C00081,Google Search
C00082,Google Search
C00083,Organic / SEO
C00084,Google Search
C00085,
C00086,Email / Referral
C00087,Meta Ads
C00088,Google Search
C00089,Meta Ads
C00090,Organic / SEO
C00091,Google Search
C00092,Google Search
C00093,Organic / SEO
C00094,Organic / SEO
C00095,Programmatic
C00096,Meta Ads
C00097,Google Search
C00098,Meta Ads
C00099,Organic / SEO
C00100,Google Search
C00101,Organic / SEO
C00102,Google Search
C00103,Email / Referral
C00104,Email / Referral
C00105,Meta Ads
C00106,Programmatic
C00107,Programmatic
C00108,Google Search
C00109,Meta Ads
C00110,Organic / SEO
C00111,Google Search
C00112,Meta Ads
C00113,Google Search
C00114,Programmatic
C00115,Meta Ads
C00116,Email / Referral
C00117,Meta Ads
C00118,Google Search
C00119,Programmatic
C00120,Google Search
C00121,Google Search
C00122,Meta Ads
C00123,Organic / SEO
C00124,Meta Ads
C00125,Google Search
C00126,Meta Ads
C00127,Google Search
C00128,Google Search
C00129,Meta Ads
C00130,Google Search
C00131,Google Search
C00132,Organic / SEO
C00133,Organic / SEO
C00134,Google Search
C00135,Meta Ads
C00136,Google Search
C00137,Programmatic
C00138,Google Search
C00139,Google Search
C00140,Meta Ads
C00141,Google Search
C00142,Google Search
C00143,Google Search
C00144,Organic / SEO
C00145,Organic / SEO
C00146,Organic / SEO
C00147,Email / Referral
C00148,Meta Ads
C00149,Programmatic
C00150,Organic / SEO
C00151,Email / Referral
C00152,Organic / SEO
C00153,Meta Ads
C00154,Google Search
C00155,Meta Ads
C00156,Google Search
C00157,
C00158,Google Search
C00159,Google Search
C00160,Programmatic
C00161,Organic / SEO
C00162,Organic / SEO
C00163,Meta Ads
C00164,Organic / SEO
C00165,Programmatic
C00166,Organic / SEO
C00167,Organic / SEO
C00168,
C00169,Meta Ads
C00170,Organic / SEO
C00171,Programmatic
C00172,Meta Ads
C00173,Meta Ads
C00174,Meta Ads
C00175,Meta Ads
C00176,Programmatic
C00177,Organic / SEO
C00178,Meta Ads
C00179,Meta Ads
C00180,Meta Ads
C00181,Google Search
C00182,Meta Ads
C00183,Email / Referral
C00184,Organic / SEO
C00185,Google Search
C00186,Organic / SEO
C00187,Organic / SEO
C00188,Google Search
C00189,Organic / SEO
C00190,Organic / SEO
C00191,Email / Referral
C00192,Google Search
C00193,Google Search
C00194,Meta Ads
C00195,Google Search
C00196,Meta Ads
C00197,Email / Referral
C00198,Google Search
C00199,Meta Ads
C00200,Programmatic
C00201,Meta Ads
C00202,Meta Ads
C00203,Organic / SEO
C00204,Google Search
C00205,Google Search
C00206,Organic / SEO
C00207,Meta Ads
C00208,Google Search
C00209,Google Search
C00210,Email / Referral
C00211,Google Search
C00212,Organic / SEO
C00213,Meta Ads
C00214,Organic / SEO
C00215,Google Search
C00216,Google Search
C00217,Meta Ads
C00218,Organic / SEO
C00219,Google Search
C00220,Meta Ads
C00221,Meta Ads
C00222,
C00223,Organic / SEO
C00224,Google Search
C00225,Meta Ads
C00226,Google Search
C00227,Meta Ads
C00228,Meta Ads
C00229,
C00230,Meta Ads
C00231,Programmatic
C00232,Meta Ads
C00233,Email / Referral
C00234,Google Search
C00235,Meta Ads
C00236,Google Search
C00237,Meta Ads
C00238,Organic / SEO
C00239,Email / Referral
C00240,Organic / SEO
C00241,Organic / SEO
C00242,Google Search
C00243,Google Search
C00244,Email / Referral
C00245,Google Search
C00246,Google Search
C00247,Programmatic
C00248,Programmatic
C00249,Organic / SEO
C00250,Meta Ads
C00251,Email / Referral
C00252,Google Search
C00253,Meta Ads
C00254,Meta Ads
C00255,Programmatic
C00256,Programmatic
C00257,Organic / SEO
C00258,Google Search
C00259,Meta Ads
C00260,Google Search
C00261,Programmatic
C00262,Google Search
C00263,Google Search
C00264,Organic / SEO
C00265,Meta Ads
C00266,Email / Referral
C00267,Google Search
C00268,Email / Referral
C00269,Google Search
C00270,Google Search
C00271,Meta Ads
C00272,Google Search
C00273,Organic / SEO
C00274,Google Search
C00275,Google Search
C00276,Organic / SEO
C00277,Google Search
C00278,Organic / SEO
C00279,Organic / SEO
C00280,Google Search
C00281,Email / Referral
C00282,Google Search
C00283,Meta Ads
C00284,Google Search
C00285,Email / Referral
C00286,Organic / SEO
C00287,Meta Ads
C00288,Programmatic
C00289,Meta Ads
C00290,Programmatic
C00291,Organic / SEO
C00292,Programmatic
C00293,Programmatic
C00294,Programmatic
C00295,Google Search
C00296,Email / Referral
C00297,Email / Referral
C00298,Organic / SEO
C00299,Google Search
C00300,Programmatic
C00301,Google Search
C00302,Meta Ads
C00303,Meta Ads
C00304,Google Search
C00305,Organic / SEO
C00306,Google Search
C00307,Organic / SEO
C00308,Email / Referral
C00309,Meta Ads
C00310,Organic / SEO
C00311,Google Search
C00312,Email / Referral
C00313,Programmatic
C00314,Google Search
C00315,Organic / SEO
C00316,Meta Ads
C00317,Meta Ads
C00318,Organic / SEO
C00319,Meta Ads
C00320,
C00321,Google Search
C00322,Meta Ads
C00323,Programmatic
C00324,
C00325,Organic / SEO
C00326,Google Search
C00327,Email / Referral
C00328,Organic / SEO
C00329,Meta Ads
C00330,Google Search
C00331,Meta Ads
C00332,Programmatic
C00333,Meta Ads
C00334,Meta Ads
C00335,Organic / SEO
C00336,Meta Ads
C00337,Meta Ads
C00338,Meta Ads
C00339,Google Search
C00340,Organic / SEO
C00341,Programmatic
C00342,Programmatic
C00343,Programmatic
C00344,Meta Ads
C00345,Google Search
C00346,Organic / SEO
C00347,Programmatic
C00348,Organic / SEO
C00349,Meta Ads
C00350,Organic / SEO
C00351,Email / Referral
C00352,Programmatic
C00353,Email / Referral
C00354,Meta Ads
C00355,Google Search
C00356,Meta Ads
C00357,Meta Ads
C00358,Programmatic
C00359,Meta Ads
C00360,Meta Ads
C00361,Meta Ads
C00362,Organic / SEO
C00363,Meta Ads
C00364,Google Search
C00365,Programmatic
C00366,Meta Ads
C00367,Meta Ads
C00368,Google Search
C00369,Organic / SEO
C00370,Organic / SEO
C00371,Programmatic
C00372,Google Search
C00373,Programmatic
C00374,Organic / SEO
C00375,Google Search
C00376,Google Search
C00377,Google Search
C00378,Programmatic
C00379,Google Search
C00380,Meta Ads
C00381,Organic / SEO
C00382,Programmatic
C00383,Organic / SEO
C00384,Email / Referral
C00385,Google Search
C00386,Programmatic
C00387,Google Search
C00388,Google Search
C00389,Programmatic
C00390,Google Search
C00391,Google Search
C00392,Organic / SEO
C00393,Meta Ads
C00394,
C00395,Organic / SEO
C00396,Email / Referral
C00397,Email / Referral
C00398,Google Search
C00399,Organic / SEO
C00400,Email / Referral
C00401,Google Search
C00402,Google Search
C00403,Google Search
C00404,Meta Ads
C00405,Google Search
C00406,Organic / SEO
C00407,Programmatic
C00408,Google Search
C00409,Organic / SEO
C00410,Google Search
C00411,Google Search
C00412,Email / Referral
C00413,Meta Ads
C00414,Programmatic
C00415,Meta Ads
C00416,Google Search
C00417,Meta Ads
C00418,Google Search
C00419,Programmatic
C00420,Organic / SEO
C00421,Meta Ads
C00422,Meta Ads
C00423,Organic / SEO
C00424,Email / Referral
C00425,Google Search
C00426,Google Search
C00427,Google Search
C00428,Meta Ads
C00429,Meta Ads
C00430,Google Search
C00431,Meta Ads
C00432,Meta Ads
C00433,Google Search
C00434,Programmatic
C00435,Organic / SEO
C00436,Meta Ads
C00437,Meta Ads
C00438,Meta Ads
C00439,Programmatic
C00440,Organic / SEO
C00441,Meta Ads
C00442,Programmatic
C00443,Email / Referral
C00444,Email / Referral
C00445,Google Search
C00446,Google Search
C00447,Organic / SEO
C00448,Meta Ads
C00449,Organic / SEO
C00450,Email / Referral
C00451,Google Search
C00452,Google Search
C00453,Meta Ads
C00454,Google Search
C00455,Organic / SEO
C00456,Organic / SEO
C00457,Meta Ads
C00458,Organic / SEO
C00459,Meta Ads
C00460,Organic / SEO
C00461,Google Search
C00462,Organic / SEO
C00463,Organic / SEO
C00464,Google Search
C00465,Organic / SEO
C00466,Programmatic
C00467,Google Search
C00468,Organic / SEO
C00469,Programmatic
C00470,Programmatic
C00471,Meta Ads
C00472,Organic / SEO
C00473,Programmatic
C00474,Organic / SEO
C00475,Google Search
C00476,Google Search
C00477,Email / Referral
C00478,Meta Ads
C00479,Google Search
C00480,Meta Ads
C00481,Email / Referral
C00482,Meta Ads
C00483,Programmatic
C00484,Organic / SEO
C00485,Programmatic
C00486,Programmatic
C00487,Google Search
C00488,Organic / SEO
C00489,Google Search
C00490,Programmatic
C00491,Google Search
C00492,Organic / SEO
C00493,Email / Referral
C00494,Google Search
C00495,Email / Referral
C00496,Google Search
C00497,Meta Ads
C00498,Meta Ads
C00499,Meta Ads
C00500,Organic / SEO
C00501,Programmatic
C00502,Meta Ads
C00503,Organic / SEO
C00504,Programmatic
C00505,Email / Referral
C00506,Google Search
C00507,Programmatic
C00508,Google Search
C00509,Organic / SEO
C00510,Organic / SEO
C00511,Email / Referral
C00512,Google Search
C00513,Google Search
C00514,Email / Referral
C00515,Google Search
C00516,Meta Ads
C00517,Organic / SEO
C00518,Organic / SEO
C00519,Google Search
C00520,Meta Ads
C00521,Programmatic
C00522,Meta Ads
C00523,Google Search
C00524,Google Search
C00525,Meta Ads
C00526,Programmatic
C00527,Meta Ads
C00528,Google Search
C00529,Meta Ads
C00530,Google Search
C00531,Google Search
C00532,Programmatic
C00533,Organic / SEO
C00534,Google Search
C00535,Meta Ads
C00536,Google Search
C00537,Google Search
C00538,Organic / SEO
C00539,Meta Ads
C00540,Organic / SEO
C00541,Programmatic
C00542,Google Search
C00543,Programmatic
C00544,Meta Ads
C00545,Google Search
C00546,Email / Referral
C00547,Google Search
C00548,Organic / SEO
C00549,Organic / SEO
C00550,Google Search
C00551,Programmatic
C00552,Google Search
C00553,Email / Referral
C00554,Google Search
C00555,Google Search
C00556,Meta Ads
C00557,Programmatic
C00558,Google Search
C00559,Programmatic
C00560,Google Search
C00561,Meta Ads
C00562,Meta Ads
C00563,Google Search
C00564,Programmatic
C00565,Meta Ads
C00566,Organic / SEO
C00567,Organic / SEO
C00568,Meta Ads
C00569,Organic / SEO
C00570,Programmatic
C00571,Organic / SEO
C00572,Meta Ads
C00573,Organic / SEO
C00574,Organic / SEO
C00575,Meta Ads
C00576,Organic / SEO
C00577,Meta Ads
C00578,Email / Referral
C00579,Programmatic
C00580,Programmatic
C00581,Email / Referral
C00582,Organic / SEO
C00583,Organic / SEO
C00584,Google Search
C00585,Meta Ads
C00586,Google Search
C00587,Google Search
C00588,Programmatic
C00589,Programmatic
C00590,Meta Ads
C00591,Google Search
C00592,Organic / SEO
C00593,Meta Ads
C00594,Email / Referral
C00595,Programmatic
C00596,Meta Ads
C00597,Google Search
C00598,Google Search
C00599,Google Search
C00600,Meta Ads
C00601,Google Search
C00602,Google Search
C00603,Google Search
C00604,Google Search
C00605,Organic / SEO
C00606,Google Search
C00607,Programmatic
C00608,Google Search
C00609,Google Search
C00610,Google Search
C00611,Organic / SEO
C00612,Google Search
C00613,Meta Ads
C00614,Google Search
C00615,Programmatic
C00616,Google Search
C00617,Meta Ads
C00618,Programmatic
C00619,Google Search
C00620,Google Search
C00621,Email / Referral
C00622,Google Search
C00623,Google Search
C00624,Meta Ads
C00625,Google Search
C00626,Programmatic
C00627,Organic / SEO
C00628,Organic / SEO
C00629,Google Search
C00630,Organic / SEO
C00631,Organic / SEO
C00632,Google Search
C00633,Programmatic
C00634,Organic / SEO
C00635,Email / Referral
C00636,Google Search
C00637,Google Search
C00638,Organic / SEO
C00639,Email / Referral
C00640,Meta Ads
C00641,Google Search
C00642,Email / Referral
C00643,Google Search
C00644,Meta Ads
C00645,Organic / SEO
C00646,Google Search
C00647,Google Search
C00648,Google Search
C00649,Programmatic
C00650,Meta Ads
C00651,Organic / SEO
C00652,Programmatic
C00653,Organic / SEO
C00654,Meta Ads
C00655,Meta Ads
C00656,Meta Ads
C00657,Organic / SEO
C00658,Programmatic
C00659,Email / Referral
C00660,Meta Ads
C00661,Meta Ads
C00662,Programmatic
C00663,Google Search
C00664,Email / Referral
C00665,Google Search
C00666,Organic / SEO
C00667,Email / Referral
C00668,Meta Ads
C00669,Google Search
C00670,Email / Referral
C00671,Meta Ads
C00672,Meta Ads
C00673,Meta Ads
C00674,Meta Ads
C00675,Organic / SEO
C00676,Google Search
C00677,Meta Ads
C00678,Programmatic
C00679,Google Search
C00680,Meta Ads
C00681,Organic / SEO
C00682,Programmatic
C00683,Organic / SEO
C00684,Email / Referral
C00685,Google Search
C00686,Meta Ads
C00687,Programmatic
C00688,Programmatic
C00689,Organic / SEO
C00690,Meta Ads
C00691,Meta Ads
C00692,Google Search
C00693,Programmatic
C00694,Email / Referral
C00695,Meta Ads
C00696,Google Search
C00697,Meta Ads
C00698,Google Search
C00699,Organic / SEO
C00700,Organic / SEO
C00701,Google Search
C00702,Organic / SEO
C00703,Programmatic
C00704,Google Search
C00705,Meta Ads
C00706,Meta Ads
C00707,Google Search
C00708,Meta Ads
C00709,Organic / SEO
C00710,Google Search
C00711,Google Search
C00712,Programmatic
C00713,Meta Ads
C00714,Organic / SEO
C00715,Organic / SEO
C00716,Email / Referral
C00717,Organic / SEO
C00718,Email / Referral
C00719,Organic / SEO
C00720,Meta Ads
C00721,Meta Ads
C00722,Meta Ads
C00723,Meta Ads
C00724,Google Search
C00725,Meta Ads
C00726,Meta Ads
C00727,Google Search
C00728,Google Search
C00729,Email / Referral
C00730,Organic / SEO
C00731,Email / Referral
C00732,Meta Ads
C00733,Programmatic
C00734,Email / Referral
C00735,Google Search
C00736,Programmatic
C00737,Google Search
C00738,Organic / SEO
C00739,Email / Referral
C00740,Meta Ads
C00741,Organic / SEO
C00742,Meta Ads
C00743,Google Search
C00744,Google Search
C00745,Google Search
C00746,Google Search
C00747,
C00748,Meta Ads
C00749,Meta Ads
C00750,Organic / SEO
C00751,Google Search
C00752,Google Search
C00753,Email / Referral
C00754,Programmatic
C00755,Meta Ads
C00756,Google Search
C00757,Email / Referral
C00758,Programmatic
C00759,Meta Ads
C00760,Google Search
C00761,Google Search
C00762,Organic / SEO
C00763,Programmatic
C00764,Organic / SEO
C00765,Meta Ads
C00766,Organic / SEO
C00767,Email / Referral
C00768,Meta Ads
C00769,Email / Referral
C00770,Meta Ads
C00771,Meta Ads
C00772,Organic / SEO
C00773,Meta Ads
C00774,Programmatic
C00775,Meta Ads
C00776,Meta Ads
C00777,Meta Ads
C00778,Meta Ads
C00779,Meta Ads
C00780,Organic / SEO
C00781,Meta Ads
C00782,Meta Ads
C00783,Organic / SEO
C00784,Google Search
C00785,Organic / SEO
C00786,Meta Ads
C00787,Meta Ads
C00788,Organic / SEO
C00789,Email / Referral
C00790,Email / Referral
C00791,Meta Ads
C00792,Meta Ads
C00793,Organic / SEO
C00794,Organic / SEO
C00795,
C00796,Organic / SEO
C00797,Email / Referral
C00798,Google Search
C00799,Organic / SEO
C00800,Google Search
C00801,Meta Ads
C00802,Organic / SEO
C00803,Meta Ads
C00804,Meta Ads
C00805,Programmatic
C00806,Email / Referral
C00807,Meta Ads
C00808,Programmatic
C00809,Meta Ads
C00810,Email / Referral
C00811,Google Search
C00812,
C00813,Meta Ads
C00814,Google Search
C00815,Meta Ads
C00816,Google Search
C00817,Organic / SEO
C00818,Google Search
C00819,Google Search
C00820,Programmatic
C00821,Organic / SEO
C00822,Programmatic
C00823,Meta Ads
C00824,Google Search
C00825,Organic / SEO
C00826,Organic / SEO
C00827,Google Search
C00828,Programmatic
C00829,Organic / SEO
C00830,Organic / SEO
C00831,Meta Ads
C00832,Organic / SEO
C00833,Google Search
C00834,Programmatic
C00835,Meta Ads
C00836,Google Search
C00837,Google Search
C00838,Organic / SEO
C00839,Programmatic
C00840,Programmatic
C00841,Organic / SEO
C00842,Programmatic
C00843,Organic / SEO
C00844,Meta Ads
C00845,Organic / SEO
C00846,Google Search
C00847,Google Search
C00848,Meta Ads
C00849,Google Search
C00850,Programmatic
C00851,Programmatic
C00852,Meta Ads
C00853,Organic / SEO
C00854,Meta Ads
C00855,Google Search
C00856,Meta Ads
C00857,Google Search
C00858,Meta Ads
C00859,Google Search
C00860,Google Search
C00861,Google Search
C00862,Programmatic
C00863,Google Search
C00864,Meta Ads
C00865,Meta Ads
C00866,Meta Ads
C00867,Meta Ads
C00868,Google Search
C00869,Organic / SEO
C00870,Organic / SEO
C00871,Organic / SEO
C00872,Organic / SEO
C00873,Meta Ads
C00874,Meta Ads
C00875,Google Search
C00876,Meta Ads
C00877,Google Search
C00878,Meta Ads
C00879,Organic / SEO
C00880,
C00881,Google Search
C00882,Organic / SEO
C00883,Meta Ads
C00884,Email / Referral
C00885,Programmatic
C00886,Programmatic
C00887,Meta Ads
C00888,Google Search
C00889,Organic / SEO
C00890,Organic / SEO
C00891,Organic / SEO
C00892,Meta Ads
C00893,Google Search
C00894,Google Search
C00895,Google Search
C00896,Google Search
C00897,Programmatic
C00898,Google Search
C00899,Organic / SEO
C00900,Programmatic
C00901,Meta Ads
C00902,Meta Ads
C00903,Organic / SEO
C00904,Meta Ads
C00905,Meta Ads
C00906,Email / Referral
C00907,Organic / SEO
C00908,Email / Referral
C00909,Programmatic
C00910,Meta Ads
C00911,Organic / SEO
C00912,Organic / SEO
C00913,Organic / SEO
C00914,Organic / SEO
C00915,Organic / SEO
C00916,Programmatic
C00917,Meta Ads
C00918,Organic / SEO
C00919,Google Search
C00920,Organic / SEO
C00921,Email / Referral
C00922,Email / Referral
C00923,Meta Ads
C00924,Meta Ads
C00925,Meta Ads
C00926,Google Search
C00927,
C00928,Programmatic
C00929,Meta Ads
C00930,Programmatic
C00931,Google Search
C00932,Organic / SEO
C00933,Organic / SEO
C00934,Organic / SEO
C00935,Organic / SEO
C00936,Organic / SEO
C00937,Programmatic
C00938,Organic / SEO
C00939,Google Search
C00940,Google Search
C00941,Organic / SEO
C00942,Meta Ads
C00943,Meta Ads
C00944,Organic / SEO
C00945,Meta Ads
C00946,Email / Referral
C00947,Organic / SEO
C00948,Organic / SEO
C00949,Organic / SEO
C00950,Programmatic
C00951,Organic / SEO
C00952,Programmatic
C00953,Google Search
C00954,Organic / SEO
C00955,Organic / SEO
C00956,Meta Ads
C00957,Google Search
C00958,Organic / SEO
C00959,Meta Ads
C00960,Programmatic
C00961,Meta Ads
C00962,Google Search
C00963,Organic / SEO
C00964,Meta Ads
C00965,
C00966,Organic / SEO
C00967,Meta Ads
C00968,Google Search
C00969,Organic / SEO
C00970,Organic / SEO
C00971,Email / Referral
C00972,Meta Ads
C00973,Google Search
C00974,Programmatic
C00975,Organic / SEO
C00976,Google Search
C00977,Email / Referral
C00978,Google Search
C00979,Email / Referral
C00980,Organic / SEO
C00981,Programmatic
C00982,Programmatic
C00983,Google Search
C00984,Email / Referral
C00985,Meta Ads
C00986,Organic / SEO
C00987,Organic / SEO
C00988,Google Search
C00989,Google Search
C00990,Google Search
C00991,Google Search
C00992,Google Search
C00993,Programmatic
C00994,Meta Ads
C00995,Email / Referral
C00996,Email / Referral
C00997,
C00998,Meta Ads
C00999,Programmatic
C01000,Organic / SEO
C01001,Organic / SEO
C01002,Programmatic
C01003,Organic / SEO
C01004,Meta Ads
C01005,Programmatic
C01006,Meta Ads
C01007,Email / Referral
C01008,Google Search
C01009,Google Search
C01010,Meta Ads
C01011,Google Search
C01012,Programmatic
C01013,Google Search
C01014,Organic / SEO
C01015,Google Search
C01016,Programmatic
C01017,Meta Ads
C01018,Google Search
C01019,Google Search
C01020,Organic / SEO
C01021,Programmatic
C01022,Programmatic
C01023,Meta Ads
C01024,Meta Ads
C01025,Google Search
C01026,Meta Ads
C01027,Organic / SEO
C01028,Google Search
C01029,Organic / SEO
C01030,Programmatic
C01031,Google Search
C01032,Google Search
C01033,Google Search
C01034,Google Search
C01035,Google Search
C01036,Organic / SEO
C01037,Google Search
C01038,Organic / SEO
C01039,Programmatic
C01040,Programmatic
C01041,Organic / SEO
C01042,Google Search
C01043,Google Search
C01044,Google Search
C01045,Programmatic
C01046,Programmatic
C01047,Meta Ads
C01048,Meta Ads
C01049,Meta Ads
C01050,Google Search
C01051,Programmatic
C01052,Google Search
C01053,Meta Ads
C01054,Meta Ads
C01055,Google Search
C01056,Meta Ads
C01057,Programmatic
C01058,Google Search
C01059,Organic / SEO
C01060,Meta Ads
C01061,Google Search
C01062,Google Search
C01063,Google Search
C01064,Google Search
C01065,Meta Ads
C01066,Email / Referral
C01067,Organic / SEO
C01068,Programmatic
C01069,Meta Ads
C01070,Organic / SEO
C01071,Organic / SEO
C01072,Google Search
C01073,Meta Ads
C01074,Meta Ads
C01075,
C01076,Meta Ads
C01077,Google Search
C01078,Programmatic
C01079,Google Search
C01080,Programmatic
C01081,Email / Referral
C01082,Email / Referral
C01083,Email / Referral
C01084,Google Search
C01085,Organic / SEO
C01086,Email / Referral
C01087,Organic / SEO
C01088,Google Search
C01089,Google Search
C01090,Meta Ads
C01091,Meta Ads
C01092,Organic / SEO
C01093,Email / Referral
C01094,Email / Referral
C01095,Organic / SEO
C01096,Google Search
C01097,Meta Ads
C01098,Meta Ads
C01099,Google Search
C01100,Google Search
C01101,Meta Ads
C01102,Google Search
C01103,Organic / SEO
C01104,Google Search
C01105,Google Search
C01106,Google Search
C01107,Organic / SEO
C01108,Organic / SEO
C01109,Meta Ads
C01110,Google Search
C01111,Programmatic
C01112,Organic / SEO
C01113,Organic / SEO
C01114,Meta Ads
C01115,Email / Referral
C01116,Programmatic
C01117,Meta Ads
C01118,Organic / SEO
C01119,Google Search
C01120,Organic / SEO
C01121,Meta Ads
C01122,Google Search
C01123,Programmatic
C01124,Programmatic
C01125,Google Search
C01126,Programmatic
C01127,Meta Ads
C01128,Meta Ads
C01129,Programmatic
C01130,Meta Ads
C01131,Meta Ads
C01132,Organic / SEO
C01133,Google Search
C01134,Meta Ads
C01135,Meta Ads
C01136,Organic / SEO
C01137,Google Search
C01138,Google Search
C01139,Organic / SEO
C01140,Google Search
C01141,Meta Ads
C01142,Organic / SEO
C01143,Email / Referral
C01144,Google Search
C01145,Programmatic
C01146,Organic / SEO
C01147,Meta Ads
C01148,Email / Referral
C01149,Organic / SEO
C01150,Organic / SEO
C01151,Organic / SEO
C01152,Organic / SEO
C01153,Programmatic
C01154,Organic / SEO
C01155,Email / Referral
C01156,Organic / SEO
C01157,Programmatic
C01158,Programmatic
C01159,Google Search
C01160,Google Search
C01161,Organic / SEO
C01162,Meta Ads
C01163,Organic / SEO
C01164,Email / Referral
C01165,Programmatic
C01166,Meta Ads
C01167,Organic / SEO
C01168,Google Search
C01169,
C01170,Google Search
C01171,Meta Ads
C01172,Meta Ads
C01173,Organic / SEO
C01174,Organic / SEO
C01175,Meta Ads
C01176,Google Search
C01177,Google Search
C01178,Programmatic
C01179,Programmatic
C01180,Meta Ads
C01181,Google Search
C01182,Meta Ads
C01183,Organic / SEO
C01184,Meta Ads
C01185,Google Search
C01186,Meta Ads
C01187,Google Search
C01188,Meta Ads
C01189,Google Search
C01190,Organic / SEO
C01191,Meta Ads
C01192,Google Search
C01193,Organic / SEO
C01194,Meta Ads
C01195,Email / Referral
C01196,Programmatic
C01197,Google Search
C01198,Programmatic
C01199,Organic / SEO
C01200,Organic / SEO
C01201,Meta Ads
C01202,Meta Ads
C01203,Google Search
C01204,Programmatic
C01205,Organic / SEO
C01206,Meta Ads
C01207,Meta Ads
C01208,Google Search
C01209,Google Search
C01210,Organic / SEO
C01211,Meta Ads
C01212,Email / Referral
C01213,Organic / SEO
C01214,Organic / SEO
C01215,Email / Referral
C01216,Google Search
C01217,Organic / SEO
C01218,Organic / SEO
C01219,Google Search
C01220,Google Search
C01221,Google Search
C01222,Google Search
C01223,Meta Ads
C01224,Google Search
C01225,Organic / SEO
C01226,Google Search
C01227,Google Search
C01228,Meta Ads
C01229,Google Search
C01230,Programmatic
C01231,Meta Ads
C01232,Google Search
C01233,Google Search
C01234,Meta Ads
C01235,Organic / SEO
C01236,Email / Referral
C01237,Meta Ads
C01238,Organic / SEO
C01239,Meta Ads
C01240,Email / Referral
C01241,Organic / SEO
C01242,Google Search
C01243,Organic / SEO
C01244,Email / Referral
C01245,Meta Ads
C01246,Programmatic
C01247,Programmatic
C01248,Google Search
C01249,Email / Referral
C01250,Organic / SEO
C01251,Meta Ads
C01252,Meta Ads
C01253,Programmatic
C01254,Organic / SEO
C01255,Meta Ads
C01256,Google Search
C01257,Meta Ads
C01258,Programmatic
C01259,Organic / SEO
C01260,Google Search
C01261,Programmatic
C01262,
C01263,Meta Ads
C01264,Google Search
C01265,Organic / SEO
C01266,Google Search
C01267,Meta Ads
C01268,Organic / SEO
C01269,Programmatic
C01270,Meta Ads
C01271,Programmatic
C01272,Programmatic
C01273,Google Search
C01274,Google Search
C01275,Organic / SEO
C01276,Email / Referral
C01277,Meta Ads
C01278,Organic / SEO
C01279,Organic / SEO
C01280,Organic / SEO
C01281,Organic / SEO
C01282,Google Search
C01283,Google Search
C01284,Google Search
C01285,Programmatic
C01286,Programmatic
C01287,Email / Referral
C01288,Google Search
C01289,Organic / SEO
C01290,Google Search
C01291,Meta Ads
C01292,Google Search
C01293,Email / Referral
C01294,Google Search
C01295,Organic / SEO
C01296,Programmatic
C01297,Organic / SEO
C01298,Google Search
C01299,Programmatic
C01300,Organic / SEO
C01301,Meta Ads
C01302,Organic / SEO
C01303,Programmatic
C01304,Meta Ads
C01305,Meta Ads
C01306,Meta Ads
C01307,Google Search
C01308,Email / Referral
C01309,Google Search
C01310,Meta Ads
C01311,Meta Ads
C01312,Google Search
C01313,Meta Ads
C01314,Organic / SEO
C01315,Meta Ads
C01316,Google Search
C01317,Programmatic
C01318,Programmatic
C01319,Meta Ads
C01320,Meta Ads
C01321,Google Search
C01322,Google Search
C01323,Meta Ads
C01324,Programmatic
C01325,Organic / SEO
C01326,Meta Ads
C01327,Programmatic
C01328,Meta Ads
C01329,Google Search
C01330,Meta Ads
C01331,Google Search
C01332,Programmatic
C01333,Meta Ads
C01334,Organic / SEO
C01335,Meta Ads
C01336,Programmatic
C01337,Organic / SEO
C01338,Meta Ads
C01339,Google Search
C01340,Programmatic
C01341,Meta Ads
C01342,Google Search
C01343,Programmatic
C01344,Google Search
C01345,Meta Ads
C01346,Meta Ads
C01347,Meta Ads
C01348,Meta Ads
C01349,Google Search
C01350,Google Search
C01351,Google Search
C01352,Google Search
C01353,Programmatic
C01354,Organic / SEO
C01355,Meta Ads
C01356,Meta Ads
C01357,Organic / SEO
C01358,Google Search
C01359,Google Search
C01360,Organic / SEO
C01361,Meta Ads
C01362,Email / Referral
C01363,Programmatic
C01364,Email / Referral
C01365,Google Search
C01366,Google Search
C01367,Google Search
C01368,Email / Referral
C01369,Programmatic
C01370,Programmatic
C01371,Google Search
C01372,Email / Referral
C01373,Meta Ads
C01374,Email / Referral
C01375,Meta Ads
C01376,Google Search
C01377,Google Search
C01378,Programmatic
C01379,Meta Ads
C01380,Meta Ads
C01381,Meta Ads
C01382,Meta Ads
C01383,Programmatic
C01384,Google Search
C01385,Google Search
C01386,Email / Referral
C01387,Meta Ads
C01388,Google Search
C01389,Google Search
C01390,Google Search
C01391,Google Search
C01392,Google Search
C01393,Google Search
C01394,Organic / SEO
C01395,Programmatic
C01396,Programmatic
C01397,Meta Ads
C01398,Meta Ads
C01399,Programmatic
C01400,Email / Referral
C01401,Meta Ads
C01402,Google Search
C01403,Meta Ads
C01404,Meta Ads
C01405,Meta Ads
C01406,Google Search
C01407,Programmatic
C01408,Organic / SEO
C01409,Organic / SEO
C01410,Google Search
C01411,Email / Referral
C01412,Organic / SEO
C01413,Google Search
C01414,Organic / SEO
C01415,Organic / SEO
C01416,Email / Referral
C01417,Google Search
C01418,Programmatic
C01419,Meta Ads
C01420,Google Search
C01421,Google Search
C01422,Google Search
C01423,Google Search
C01424,Meta Ads
C01425,Organic / SEO
C01426,Google Search
C01427,Programmatic
C01428,Google Search
C01429,Organic / SEO
C01430,Programmatic
C01431,Email / Referral
C01432,Organic / SEO
C01433,Organic / SEO
C01434,Google Search
C01435,Google Search
C01436,Meta Ads
C01437,Google Search
C01438,Meta Ads
C01439,Google Search
C01440,Programmatic
C01441,Programmatic
C01442,Email / Referral
C01443,Organic / SEO
C01444,Google Search
C01445,Google Search
C01446,Organic / SEO
C01447,Organic / SEO
C01448,Meta Ads
C01449,Meta Ads
C01450,Meta Ads
C01451,Google Search
C01452,Meta Ads
C01453,Meta Ads
C01454,Organic / SEO
C01455,Programmatic
C01456,Meta Ads
C01457,Organic / SEO
C01458,Email / Referral
C01459,Google Search
C01460,Organic / SEO
C01461,Meta Ads
C01462,Organic / SEO
C01463,Google Search
C01464,Programmatic
C01465,Programmatic
C01466,Google Search
C01467,Google Search
C01468,Google Search
C01469,Email / Referral
C01470,Organic / SEO
C01471,Google Search
C01472,Email / Referral
C01473,Meta Ads
C01474,Meta Ads
C01475,Meta Ads
C01476,Meta Ads
C01477,Meta Ads
C01478,Google Search
C01479,Meta Ads
C01480,Programmatic
C01481,Meta Ads
C01482,Programmatic
C01483,Organic / SEO
C01484,Email / Referral
C01485,Google Search
C01486,Email / Referral
C01487,Google Search
C01488,Google Search
C01489,Google Search
C01490,Google Search
C01491,Programmatic
C01492,Programmatic
C01493,Email / Referral
C01494,Google Search
C01495,Programmatic
C01496,Organic / SEO
C01497,Meta Ads
C01498,Meta Ads
C01499,Organic / SEO
C01500,Google Search
C01501,Meta Ads
C01502,Organic / SEO
C01503,Google Search
C01504,Meta Ads
C01505,Meta Ads
C01506,Organic / SEO
C01507,Programmatic
C01508,Email / Referral
C01509,Organic / SEO
C01510,Organic / SEO
C01511,Organic / SEO
C01512,Meta Ads
C01513,Google Search
C01514,Organic / SEO
C01515,Organic / SEO
C01516,Meta Ads
C01517,Programmatic
C01518,Organic / SEO
C01519,Meta Ads
C01520,Google Search
C01521,Google Search
C01522,Meta Ads
C01523,Meta Ads
C01524,Google Search
C01525,Google Search
C01526,Google Search
C01527,Email / Referral
C01528,Email / Referral
C01529,Meta Ads
C01530,Google Search
C01531,Google Search
C01532,Google Search
C01533,Meta Ads
C01534,Google Search
C01535,Meta Ads
C01536,Programmatic
C01537,Meta Ads
C01538,Email / Referral
C01539,Google Search
C01540,Google Search
C01541,Programmatic
C01542,Meta Ads
C01543,Organic / SEO
C01544,Programmatic
C01545,Organic / SEO
C01546,Meta Ads
C01547,Meta Ads
C01548,Google Search
C01549,Google Search
C01550,Google Search
C01551,Programmatic
C01552,Organic / SEO
C01553,Google Search
C01554,Google Search
C01555,Organic / SEO
C01556,Programmatic
C01557,Google Search
C01558,Meta Ads
C01559,Programmatic
C01560,Programmatic
C01561,Programmatic
C01562,Google Search
C01563,Google Search
C01564,Meta Ads
C01565,Google Search
C01566,Programmatic
C01567,Google Search
C01568,Organic / SEO
C01569,Programmatic
C01570,Programmatic
C01571,Organic / SEO
C01572,Programmatic
C01573,Google Search
C01574,Meta Ads
C01575,Google Search
C01576,Programmatic
C01577,Programmatic
C01578,Google Search
C01579,Google Search
C01580,Meta Ads
C01581,Google Search
C01582,Email / Referral
C01583,Google Search
C01584,Email / Referral
C01585,Organic / SEO
C01586,Meta Ads
C01587,Google Search
C01588,Programmatic
C01589,Organic / SEO
C01590,Meta Ads
C01591,Meta Ads
C01592,Programmatic
C01593,Email / Referral
C01594,Email / Referral
C01595,Organic / SEO
C01596,Programmatic
C01597,Google Search
C01598,Organic / SEO
C01599,Meta Ads
C01600,Organic / SEO
C01601,Programmatic
C01602,Programmatic
C01603,Meta Ads
C01604,Organic / SEO
C01605,Programmatic
C01606,Programmatic
C01607,Email / Referral
C01608,Google Search
C01609,Meta Ads
C01610,Programmatic
C01611,Email / Referral
C01612,Organic / SEO
C01613,Organic / SEO
C01614,Meta Ads
C01615,Meta Ads
C01616,Email / Referral
C01617,Google Search
C01618,Organic / SEO
C01619,Organic / SEO
C01620,Email / Referral
C01621,Meta Ads
C01622,Organic / SEO
C01623,Google Search
C01624,Google Search
C01625,Meta Ads
C01626,Google Search
C01627,Programmatic
C01628,Programmatic
C01629,Google Search
C01630,Email / Referral
C01631,Meta Ads
C01632,Organic / SEO
C01633,Programmatic
C01634,Organic / SEO
C01635,Google Search
C01636,Google Search
C01637,Meta Ads
C01638,Programmatic
C01639,Organic / SEO
C01640,Meta Ads
C01641,Google Search
C01642,Programmatic
C01643,Meta Ads
C01644,Organic / SEO
C01645,Organic / SEO
C01646,Google Search
C01647,Google Search
C01648,Meta Ads
C01649,Meta Ads
C01650,Organic / SEO
C01651,Email / Referral
C01652,Google Search
C01653,
C01654,Google Search
C01655,Google Search
C01656,Email / Referral
C01657,Email / Referral
C01658,
C01659,Google Search
C01660,Organic / SEO
C01661,Meta Ads
C01662,Programmatic
C01663,Organic / SEO
C01664,Programmatic
C01665,Google Search
C01666,Meta Ads
C01667,Email / Referral
C01668,Meta Ads
C01669,Organic / SEO
C01670,Meta Ads
C01671,Programmatic
C01672,Google Search
C01673,Programmatic
C01674,Meta Ads
C01675,Meta Ads
C01676,Meta Ads
C01677,Google Search
C01678,Programmatic
C01679,Programmatic
C01680,Programmatic
C01681,Programmatic
C01682,Organic / SEO
C01683,Meta Ads
C01684,Programmatic
C01685,Google Search
C01686,Email / Referral
C01687,Meta Ads
C01688,Organic / SEO
C01689,Meta Ads
C01690,Meta Ads
C01691,Google Search
C01692,Meta Ads
C01693,Meta Ads
C01694,Google Search
C01695,Google Search
C01696,Organic / SEO
C01697,Meta Ads
C01698,Email / Referral
C01699,Google Search
C01700,Organic / SEO
C01701,Google Search
C01702,Meta Ads
C01703,Organic / SEO
C01704,Organic / SEO
C01705,Meta Ads
C01706,Meta Ads
C01707,Google Search
C01708,Meta Ads
C01709,Meta Ads
C01710,Organic / SEO
C01711,Meta Ads
C01712,Email / Referral
C01713,Meta Ads
C01714,Google Search
C01715,Google Search
C01716,Google Search
C01717,Meta Ads
C01718,Email / Referral
C01719,Email / Referral
C01720,Meta Ads
C01721,Google Search
C01722,Programmatic
C01723,Google Search
C01724,Meta Ads
C01725,Programmatic
C01726,Meta Ads
C01727,Google Search
C01728,Google Search
C01729,Organic / SEO
C01730,Google Search
C01731,Organic / SEO
C01732,Meta Ads
C01733,Meta Ads
C01734,Google Search
C01735,Email / Referral
C01736,Meta Ads
C01737,Organic / SEO
C01738,Meta Ads
C01739,Google Search
C01740,Meta Ads
C01741,Meta Ads
C01742,Meta Ads
C01743,Email / Referral
C01744,Programmatic
C01745,Email / Referral
C01746,Organic / SEO
C01747,Meta Ads
C01748,Organic / SEO
C01749,Google Search
C01750,Email / Referral
C01751,Programmatic
C01752,Google Search
C01753,Programmatic
C01754,Email / Referral
C01755,Meta Ads
C01756,Programmatic
C01757,Google Search
C01758,Google Search
C01759,Meta Ads
C01760,Organic / SEO
C01761,Meta Ads
C01762,Programmatic
C01763,Google Search
C01764,Google Search
C01765,Organic / SEO
C01766,Google Search
C01767,Organic / SEO
C01768,Meta Ads
C01769,Programmatic
C01770,Organic / SEO
C01771,Google Search
C01772,Google Search
C01773,Google Search
C01774,Programmatic
C01775,Organic / SEO
C01776,Meta Ads
C01777,Google Search
C01778,Programmatic
C01779,Google Search
C01780,Organic / SEO
C01781,Email / Referral
C01782,Google Search
C01783,
C01784,Google Search
C01785,Meta Ads
C01786,Programmatic
C01787,Organic / SEO
C01788,Email / Referral
C01789,Meta Ads
C01790,Google Search
C01791,Organic / SEO
C01792,Meta Ads
C01793,Google Search
C01794,Meta Ads
C01795,Organic / SEO
C01796,Organic / SEO
C01797,Google Search
C01798,Programmatic
C01799,Meta Ads
C01800,Google Search
C01801,Google Search
C01802,Email / Referral
C01803,Meta Ads
C01804,Meta Ads
C01805,Google Search
C01806,Organic / SEO
C01807,Email / Referral
C01808,Meta Ads
C01809,Programmatic
C01810,Google Search
C01811,Google Search
C01812,Organic / SEO
C01813,Organic / SEO
C01814,Google Search
C01815,Organic / SEO
C01816,Meta Ads
C01817,Organic / SEO
C01818,Organic / SEO
C01819,Programmatic
C01820,Meta Ads
C01821,Organic / SEO
C01822,Organic / SEO
C01823,Meta Ads
C01824,Google Search
C01825,Programmatic
C01826,Google Search
C01827,Email / Referral
C01828,Google Search
C01829,Email / Referral
C01830,Google Search
C01831,Programmatic
C01832,Organic / SEO
C01833,Google Search
C01834,Organic / SEO
C01835,Organic / SEO
C01836,Meta Ads
C01837,Google Search
C01838,Organic / SEO
C01839,Organic / SEO
C01840,Meta Ads
C01841,Programmatic
C01842,Google Search
C01843,Google Search
C01844,Organic / SEO
C01845,Google Search
C01846,Google Search
C01847,Meta Ads
C01848,Google Search
C01849,Google Search
C01850,Organic / SEO
C01851,Meta Ads
C01852,Email / Referral
C01853,Organic / SEO
C01854,Meta Ads
C01855,Google Search
C01856,Email / Referral
C01857,Google Search
C01858,Google Search
C01859,Email / Referral
C01860,Organic / SEO
C01861,Organic / SEO
C01862,Google Search
C01863,Google Search
C01864,Meta Ads
C01865,Organic / SEO
C01866,Meta Ads
C01867,Google Search
C01868,Google Search
C01869,Organic / SEO
C01870,Organic / SEO
C01871,Google Search
C01872,
C01873,Google Search
C01874,Google Search
C01875,Meta Ads
C01876,Google Search
C01877,Organic / SEO
C01878,Email / Referral
C01879,Programmatic
C01880,Programmatic
C01881,Google Search
C01882,Google Search
C01883,Meta Ads
C01884,Organic / SEO
C01885,Google Search
C01886,Meta Ads
C01887,Google Search
C01888,Google Search
C01889,Organic / SEO
C01890,Organic / SEO
C01891,Meta Ads
C01892,Programmatic
C01893,Google Search
C01894,Google Search
C01895,Meta Ads
C01896,Organic / SEO
C01897,Organic / SEO
C01898,Google Search
C01899,Programmatic
C01900,Meta Ads
C01901,Meta Ads
C01902,Organic / SEO
C01903,Programmatic
C01904,Organic / SEO
C01905,Programmatic
C01906,Google Search
C01907,Organic / SEO
C01908,Email / Referral
C01909,Meta Ads
C01910,Meta Ads
C01911,Programmatic
C01912,Google Search
C01913,Meta Ads
C01914,Programmatic
C01915,Programmatic
C01916,Programmatic
C01917,Programmatic
C01918,Google Search
C01919,Programmatic
C01920,Meta Ads
C01921,Organic / SEO
C01922,Meta Ads
C01923,Email / Referral
C01924,Organic / SEO
C01925,Email / Referral
C01926,Google Search
C01927,Google Search
C01928,Meta Ads
C01929,Google Search
C01930,Organic / SEO
C01931,Google Search
C01932,Organic / SEO
C01933,Google Search
C01934,Google Search
C01935,Organic / SEO
C01936,Meta Ads
C01937,Google Search
C01938,Google Search
C01939,Google Search
C01940,Organic / SEO
C01941,Google Search
C01942,Meta Ads
C01943,Organic / SEO
C01944,Meta Ads
C01945,Organic / SEO
C01946,Google Search
C01947,Programmatic
C01948,Meta Ads
C01949,Google Search
C01950,Programmatic
C01951,Organic / SEO
C01952,Organic / SEO
C01953,Programmatic
C01954,Google Search
C01955,Email / Referral
C01956,Organic / SEO
C01957,Meta Ads
C01958,Google Search
C01959,Google Search
C01960,Programmatic
C01961,Google Search
C01962,Google Search
C01963,Organic / SEO
C01964,Organic / SEO
C01965,Google Search
C01966,Email / Referral
C01967,Meta Ads
C01968,Email / Referral
C01969,Google Search
C01970,Google Search
C01971,Organic / SEO
C01972,Google Search
C01973,Meta Ads
C01974,Google Search
C01975,Email / Referral
C01976,Programmatic
C01977,Email / Referral
C01978,Programmatic
C01979,Programmatic
C01980,Meta Ads
C01981,Meta Ads
C01982,Programmatic
C01983,Programmatic
C01984,Programmatic
C01985,Email / Referral
C01986,Google Search
C01987,Programmatic
C01988,Programmatic
C01989,Organic / SEO
C01990,Programmatic
C01991,Organic / SEO
C01992,Programmatic
C01993,Google Search
C01994,Programmatic
C01995,Google Search
C01996,Meta Ads
C01997,Google Search
C01998,Meta Ads
C01999,Google Search
C02000,Programmatic
C02001,Organic / SEO
C02002,Programmatic
C02003,Google Search
C02004,Google Search
C02005,Email / Referral
C02006,Organic / SEO
C02007,Meta Ads
C02008,Email / Referral
C02009,Email / Referral
C02010,Organic / SEO
C02011,Programmatic
C02012,Organic / SEO
C02013,Organic / SEO
C02014,Meta Ads
C02015,Google Search
C02016,Google Search
C02017,Email / Referral
C02018,Organic / SEO
C02019,Meta Ads
C02020,Organic / SEO
C02021,Google Search
C02022,Google Search
C02023,Programmatic
C02024,Meta Ads
C02025,Google Search
C02026,Meta Ads
C02027,Meta Ads
C02028,Organic / SEO
C02029,Programmatic
C02030,Organic / SEO
C02031,Organic / SEO
C02032,Meta Ads
C02033,Organic / SEO
C02034,Meta Ads
C02035,Google Search
C02036,Programmatic
C02037,Meta Ads
C02038,Meta Ads
C02039,Google Search
C02040,Email / Referral
C02041,Google Search
C02042,Meta Ads
C02043,Email / Referral
C02044,Meta Ads
C02045,Programmatic
C02046,Google Search
C02047,Organic / SEO
C02048,Programmatic
C02049,Meta Ads
C02050,Organic / SEO
C02051,Meta Ads
C02052,Email / Referral
C02053,Programmatic
C02054,Organic / SEO
C02055,Programmatic
C02056,Organic / SEO
C02057,Organic / SEO
C02058,Meta Ads
C02059,Organic / SEO
C02060,Programmatic
C02061,Organic / SEO
C02062,Google Search
C02063,Meta Ads
C02064,Email / Referral
C02065,Programmatic
C02066,Google Search
C02067,Google Search
C02068,Meta Ads
C02069,Google Search
C02070,Programmatic
C02071,Meta Ads
C02072,Meta Ads
C02073,Google Search
C02074,Meta Ads
C02075,Programmatic
C02076,Meta Ads
C02077,Google Search
C02078,Google Search
C02079,Programmatic
C02080,Programmatic
C02081,Google Search
C02082,Organic / SEO
C02083,Google Search
C02084,Organic / SEO
C02085,Google Search
C02086,Email / Referral
C02087,Programmatic
C02088,Google Search
C02089,Meta Ads
C02090,Google Search
C02091,Meta Ads
C02092,Google Search
C02093,Google Search
C02094,Programmatic
C02095,Google Search
C02096,Programmatic
C02097,Google Search
C02098,Meta Ads
C02099,Meta Ads
C02100,Programmatic
C02101,Google Search
C02102,Google Search
C02103,Organic / SEO
C02104,Organic / SEO
C02105,Organic / SEO
C02106,Google Search
C02107,Google Search
C02108,Email / Referral
C02109,Organic / SEO
C02110,Organic / SEO
C02111,Google Search
C02112,Google Search
C02113,Programmatic
C02114,Organic / SEO
C02115,Google Search
C02116,Programmatic
C02117,Organic / SEO
C02118,Meta Ads
C02119,Meta Ads
C02120,Organic / SEO
C02121,Meta Ads
C02122,Organic / SEO
C02123,Organic / SEO
C02124,Google Search
C02125,Programmatic
C02126,Meta Ads
C02127,Meta Ads
C02128,Organic / SEO
C02129,Organic / SEO
C02130,Meta Ads
C02131,Organic / SEO
C02132,Programmatic
C02133,Email / Referral
C02134,Email / Referral
C02135,Google Search
C02136,
C02137,Organic / SEO
C02138,Google Search
C02139,Email / Referral
C02140,Meta Ads
C02141,Google Search
C02142,Google Search
C02143,Google Search
C02144,Meta Ads
C02145,Organic / SEO
C02146,Organic / SEO
C02147,Google Search
C02148,Google Search
C02149,Email / Referral
C02150,Google Search
C02151,Meta Ads
C02152,Meta Ads
C02153,Organic / SEO
C02154,Programmatic
C02155,Organic / SEO
C02156,Programmatic
C02157,Programmatic
C02158,Google Search
C02159,Google Search
C02160,Meta Ads
C02161,Meta Ads
C02162,Organic / SEO
C02163,Google Search
C02164,Google Search
C02165,Meta Ads
C02166,Organic / SEO
C02167,Organic / SEO
C02168,Programmatic
C02169,Google Search
C02170,Meta Ads
C02171,Programmatic
C02172,Organic / SEO
C02173,Organic / SEO
C02174,Meta Ads
C02175,Google Search
C02176,Programmatic
C02177,Organic / SEO
C02178,Organic / SEO
C02179,Meta Ads
C02180,Meta Ads
C02181,Google Search
C02182,Email / Referral
C02183,Meta Ads
C02184,Google Search
C02185,Meta Ads
C02186,Programmatic
C02187,Meta Ads
C02188,
C02189,Organic / SEO
C02190,Email / Referral
C02191,Organic / SEO
C02192,Programmatic
C02193,Google Search
C02194,Programmatic
C02195,Programmatic
C02196,Meta Ads
C02197,Organic / SEO
C02198,Google Search
C02199,Meta Ads
C02200,Google Search
C02201,Google Search
C02202,Programmatic
C02203,Google Search
C02204,Organic / SEO
C02205,Meta Ads
C02206,Meta Ads
C02207,Meta Ads
C02208,Meta Ads
C02209,Organic / SEO
C02210,Programmatic
C02211,Meta Ads
C02212,Programmatic
C02213,Organic / SEO
C02214,Organic / SEO
C02215,Google Search
C02216,Google Search
C02217,Programmatic
C02218,Organic / SEO
C02219,Meta Ads
C02220,Email / Referral
C02221,Meta Ads
C02222,Email / Referral
C02223,Meta Ads
C02224,Programmatic
C02225,Google Search
C02226,Google Search
C02227,Organic / SEO
C02228,Google Search
C02229,Programmatic
C02230,Organic / SEO
C02231,Google Search
C02232,Google Search
C02233,Programmatic
C02234,Organic / SEO
C02235,Programmatic
C02236,Google Search
C02237,Programmatic
C02238,Meta Ads
C02239,Organic / SEO
C02240,Meta Ads
C02241,Google Search
C02242,Programmatic
C02243,Programmatic
C02244,Meta Ads
C02245,Programmatic
C02246,Google Search
C02247,Google Search
C02248,Google Search
C02249,Meta Ads
C02250,Google Search
C02251,Meta Ads
C02252,Google Search
C02253,Organic / SEO
C02254,Email / Referral
C02255,Organic / SEO
C02256,Google Search
C02257,Email / Referral
C02258,Google Search
C02259,Email / Referral
C02260,Organic / SEO
C02261,Meta Ads
C02262,Google Search
C02263,Email / Referral
C02264,Programmatic
C02265,Organic / SEO
C02266,Programmatic
C02267,Programmatic
C02268,Google Search
C02269,Organic / SEO
C02270,Meta Ads
C02271,Meta Ads
C02272,Google Search
C02273,Programmatic
C02274,Organic / SEO
C02275,Google Search
C02276,Meta Ads
C02277,Meta Ads
C02278,Organic / SEO
C02279,Programmatic
C02280,Meta Ads
C02281,Meta Ads
C02282,Organic / SEO
C02283,Meta Ads
C02284,Meta Ads
C02285,Google Search
C02286,Google Search
C02287,Meta Ads
C02288,Programmatic
C02289,Meta Ads
C02290,Google Search
C02291,Organic / SEO
C02292,Programmatic
C02293,Meta Ads
C02294,Google Search
C02295,Organic / SEO
C02296,Meta Ads
C02297,Organic / SEO
C02298,Google Search
C02299,Google Search
C02300,Meta Ads
C02301,Organic / SEO
C02302,Meta Ads
C02303,Google Search
C02304,Meta Ads
C02305,Email / Referral
C02306,Google Search
C02307,Organic / SEO
C02308,Organic / SEO
C02309,Meta Ads
C02310,Programmatic
C02311,Programmatic
C02312,Meta Ads
C02313,Google Search
C02314,Meta Ads
C02315,Google Search
C02316,Meta Ads
C02317,Programmatic
C02318,Programmatic
C02319,Meta Ads
C02320,Meta Ads
C02321,Google Search
C02322,Meta Ads
C02323,Google Search
C02324,Programmatic
C02325,Programmatic
C02326,Google Search
C02327,Organic / SEO
C02328,Organic / SEO
C02329,Email / Referral
C02330,Meta Ads
C02331,Google Search
C02332,Organic / SEO
C02333,Google Search
C02334,Organic / SEO
C02335,Google Search
C02336,Organic / SEO
C02337,Email / Referral
C02338,Google Search
C02339,
C02340,Organic / SEO
C02341,Google Search
C02342,Organic / SEO
C02343,Organic / SEO
C02344,Meta Ads
C02345,Email / Referral
C02346,Meta Ads
C02347,Organic / SEO
C02348,Google Search
C02349,Google Search
C02350,Google Search
C02351,Programmatic
C02352,Programmatic
C02353,Email / Referral
C02354,Google Search
C02355,Meta Ads
C02356,Email / Referral
C02357,Organic / SEO
C02358,Google Search
C02359,Programmatic
C02360,Google Search
C02361,Google Search
C02362,Programmatic
C02363,Meta Ads
C02364,Meta Ads
C02365,Organic / SEO
C02366,Programmatic
C02367,Google Search
C02368,Email / Referral
C02369,Meta Ads
C02370,Google Search
C02371,Meta Ads
C02372,Meta Ads
C02373,Google Search
C02374,Meta Ads
C02375,Organic / SEO
C02376,Organic / SEO
C02377,Organic / SEO
C02378,Email / Referral
C02379,Meta Ads
C02380,Meta Ads
C02381,Meta Ads
C02382,Organic / SEO
C02383,Google Search
C02384,Meta Ads
C02385,Google Search
C02386,Meta Ads
C02387,Programmatic
C02388,Organic / SEO
C02389,Meta Ads
C02390,Organic / SEO
C02391,Organic / SEO
C02392,Meta Ads
C02393,Meta Ads
C02394,Organic / SEO
C02395,Google Search
C02396,Meta Ads
C02397,Meta Ads
C02398,Email / Referral
C02399,Programmatic
C02400,Email / Referral
C02401,Meta Ads
C02402,Google Search
C02403,Organic / SEO
C02404,Email / Referral
C02405,Programmatic
C02406,Email / Referral
C02407,Google Search
C02408,Organic / SEO
C02409,Programmatic
C02410,Organic / SEO
C02411,Organic / SEO
C02412,Meta Ads
C02413,Organic / SEO
C02414,Google Search
C02415,Google Search
C02416,Email / Referral
C02417,Programmatic
C02418,Programmatic
C02419,Meta Ads
C02420,Google Search
C02421,Google Search
C02422,Email / Referral
C02423,Organic / SEO
C02424,Programmatic
C02425,Meta Ads
C02426,Organic / SEO
C02427,Email / Referral
C02428,Google Search
C02429,Programmatic
C02430,Organic / SEO
C02431,Google Search
C02432,Google Search
C02433,Programmatic
C02434,Organic / SEO
C02435,Email / Referral
C02436,Email / Referral
C02437,Meta Ads
C02438,Email / Referral
C02439,Programmatic
C02440,Google Search
C02441,Email / Referral
C02442,Meta Ads
C02443,Meta Ads
C02444,Meta Ads
C02445,Programmatic
C02446,Google Search
C02447,Meta Ads
C02448,Organic / SEO
C02449,Google Search
C02450,Email / Referral
C02451,Programmatic
C02452,Google Search
C02453,Google Search
C02454,Programmatic
C02455,Google Search
C02456,Google Search
C02457,Programmatic
C02458,Programmatic
C02459,Organic / SEO
C02460,Organic / SEO
C02461,Programmatic
C02462,Organic / SEO
C02463,Organic / SEO
C02464,Email / Referral
C02465,Organic / SEO
C02466,Meta Ads
C02467,Meta Ads
C02468,Meta Ads
C02469,Meta Ads
C02470,Meta Ads
C02471,Meta Ads
C02472,Email / Referral
C02473,Meta Ads
C02474,Google Search
C02475,Google Search
C02476,Google Search
C02477,Email / Referral
C02478,Meta Ads
C02479,Google Search
C02480,Email / Referral
C02481,Google Search
C02482,Google Search
C02483,Email / Referral
C02484,Organic / SEO
C02485,Email / Referral
C02486,Email / Referral
C02487,Programmatic
C02488,Google Search
C02489,Email / Referral
C02490,Organic / SEO
C02491,Google Search
C02492,Programmatic
C02493,Meta Ads
C02494,Programmatic
C02495,Organic / SEO
C02496,Meta Ads
C02497,Google Search
C02498,Programmatic
C02499,Organic / SEO
C02500,Google Search
C02501,Google Search
C02502,Email / Referral
C02503,Google Search
C02504,Organic / SEO
C02505,Organic / SEO
C02506,Google Search
C02507,Organic / SEO
C02508,Google Search
C02509,Programmatic
C02510,Programmatic
C02511,Google Search
C02512,Meta Ads
C02513,Meta Ads
C02514,Programmatic
C02515,Meta Ads
C02516,Organic / SEO
C02517,Programmatic
C02518,Google Search
C02519,Organic / SEO
C02520,Google Search
C02521,Organic / SEO
C02522,Meta Ads
C02523,Programmatic
C02524,Meta Ads
C02525,Google Search
C02526,Email / Referral
C02527,Email / Referral
C02528,Organic / SEO
C02529,Organic / SEO
C02530,Google Search
C02531,Organic / SEO
C02532,Google Search
C02533,Google Search
C02534,Programmatic
C02535,Organic / SEO
C02536,Google Search
C02537,Google Search
C02538,Programmatic
C02539,Google Search
C02540,Google Search
C02541,Google Search
C02542,Google Search
C02543,Meta Ads
C02544,Programmatic
C02545,Meta Ads
C02546,Meta Ads
C02547,Organic / SEO
C02548,Organic / SEO
C02549,Organic / SEO
C02550,Organic / SEO
C02551,Organic / SEO
C02552,Organic / SEO
C02553,Email / Referral
C02554,Organic / SEO
C02555,Email / Referral
C02556,Google Search
C02557,Organic / SEO
C02558,Organic / SEO
C02559,Google Search
C02560,Programmatic
C02561,Meta Ads
C02562,Google Search
C02563,Programmatic
C02564,Google Search
C02565,Meta Ads
C02566,Meta Ads
C02567,Programmatic
C02568,Meta Ads
C02569,Organic / SEO
C02570,Email / Referral
C02571,Organic / SEO
C02572,Programmatic
C02573,Email / Referral
C02574,Meta Ads
C02575,Programmatic
C02576,Meta Ads
C02577,Google Search
C02578,Google Search
C02579,Organic / SEO
C02580,Google Search
C02581,Organic / SEO
C02582,Meta Ads
C02583,Meta Ads
C02584,Google Search
C02585,Email / Referral
C02586,Meta Ads
C02587,Google Search
C02588,Meta Ads
C02589,Meta Ads
C02590,Organic / SEO
C02591,Meta Ads
C02592,Google Search
C02593,Programmatic
C02594,Meta Ads
C02595,Google Search
C02596,Email / Referral
C02597,Organic / SEO
C02598,Organic / SEO
C02599,Meta Ads
C02600,Meta Ads
C02601,Meta Ads
C02602,Google Search
C02603,Google Search
C02604,Programmatic
C02605,Organic / SEO
C02606,Meta Ads
C02607,Google Search
C02608,Organic / SEO
C02609,Google Search
C02610,Google Search
C02611,Google Search
C02612,
C02613,Organic / SEO
C02614,Google Search
C02615,Google Search
C02616,Organic / SEO
C02617,Organic / SEO
C02618,Organic / SEO
C02619,Google Search
C02620,Organic / SEO
C02621,Programmatic
C02622,Organic / SEO
C02623,Google Search
C02624,Organic / SEO
C02625,Meta Ads
C02626,Google Search
C02627,Meta Ads
C02628,Programmatic
C02629,Meta Ads
C02630,Programmatic
C02631,Meta Ads
C02632,Meta Ads
C02633,Google Search
C02634,Organic / SEO
C02635,Google Search
C02636,Meta Ads
C02637,Google Search
C02638,Meta Ads
C02639,
C02640,Google Search
C02641,Google Search
C02642,Programmatic
C02643,Google Search
C02644,Meta Ads
C02645,Meta Ads
C02646,Meta Ads
C02647,Organic / SEO
C02648,Google Search
C02649,Meta Ads
C02650,Organic / SEO
C02651,Meta Ads
C02652,Programmatic
C02653,Programmatic
C02654,
C02655,Meta Ads
C02656,Google Search
C02657,Google Search
C02658,Meta Ads
C02659,Organic / SEO
C02660,Meta Ads
C02661,Google Search
C02662,Google Search
C02663,Programmatic
C02664,Programmatic
C02665,Google Search
C02666,Organic / SEO
C02667,Meta Ads
C02668,Organic / SEO
C02669,Organic / SEO
C02670,Programmatic
C02671,Google Search
C02672,Meta Ads
C02673,Programmatic
C02674,Google Search
C02675,Google Search
C02676,Organic / SEO
C02677,Email / Referral
C02678,Organic / SEO
C02679,Email / Referral
C02680,Organic / SEO
C02681,Google Search
C02682,Organic / SEO
C02683,Email / Referral
C02684,Programmatic
C02685,Google Search
C02686,Google Search
C02687,Email / Referral
C02688,Google Search
C02689,Google Search
C02690,Email / Referral
C02691,Meta Ads
C02692,Meta Ads
C02693,Google Search
C02694,Google Search
C02695,Email / Referral
C02696,Meta Ads
C02697,Google Search
C02698,Meta Ads
C02699,Google Search
C02700,Google Search
C02701,Google Search
C02702,Meta Ads
C02703,Google Search
C02704,Meta Ads
C02705,Meta Ads
C02706,Meta Ads
C02707,Google Search
C02708,Google Search
C02709,Google Search
C02710,Meta Ads
C02711,Organic / SEO
C02712,Google Search
C02713,Email / Referral
C02714,Organic / SEO
C02715,Google Search
C02716,Google Search
C02717,Google Search
C02718,Google Search
C02719,Meta Ads
C02720,Google Search
C02721,Email / Referral
C02722,Meta Ads
C02723,Organic / SEO
C02724,Email / Referral
C02725,Meta Ads
C02726,Programmatic
C02727,Programmatic
C02728,Meta Ads
C02729,Google Search
C02730,Meta Ads
C02731,Google Search
C02732,Meta Ads
C02733,Meta Ads
C02734,Meta Ads
C02735,Email / Referral
C02736,Google Search
C02737,Meta Ads
C02738,Meta Ads
C02739,Email / Referral
C02740,Organic / SEO
C02741,Google Search
C02742,Organic / SEO
C02743,Google Search
C02744,Organic / SEO
C02745,Organic / SEO
C02746,Meta Ads
C02747,
C02748,Programmatic
C02749,Email / Referral
C02750,Meta Ads
C02751,Organic / SEO
C02752,Meta Ads
C02753,Email / Referral
C02754,Email / Referral
C02755,Google Search
C02756,Google Search
C02757,Google Search
C02758,Google Search
C02759,Meta Ads
C02760,Google Search
C02761,Organic / SEO
C02762,Google Search
C02763,Google Search
C02764,Organic / SEO
C02765,
C02766,Meta Ads
C02767,Email / Referral
C02768,Programmatic
C02769,Organic / SEO
C02770,Google Search
C02771,Google Search
C02772,Programmatic
C02773,Organic / SEO
C02774,Email / Referral
C02775,Organic / SEO
C02776,Google Search
C02777,Meta Ads
C02778,Email / Referral
C02779,Programmatic
C02780,Google Search
C02781,Organic / SEO
C02782,Google Search
C02783,Programmatic
C02784,Google Search
C02785,Organic / SEO
C02786,Google Search
C02787,Organic / SEO
C02788,Organic / SEO
C02789,Meta Ads
C02790,Email / Referral
C02791,Programmatic
C02792,Programmatic
C02793,Meta Ads
C02794,Organic / SEO
C02795,Organic / SEO
C02796,Organic / SEO
C02797,Meta Ads
C02798,Organic / SEO
C02799,Google Search
C02800,Meta Ads
C02801,Google Search
C02802,Google Search
C02803,Google Search
C02804,Google Search
C02805,Email / Referral
C02806,Meta Ads
C02807,Google Search
C02808,Email / Referral
C02809,Programmatic
C02810,Programmatic
C02811,Email / Referral
C02812,Programmatic
C02813,Organic / SEO
C02814,Programmatic
C02815,Programmatic
C02816,Meta Ads
C02817,Programmatic
C02818,Email / Referral
C02819,Email / Referral
C02820,Programmatic
C02821,Meta Ads
C02822,Meta Ads
C02823,Organic / SEO
C02824,Organic / SEO
C02825,Programmatic
C02826,Programmatic
C02827,Organic / SEO
C02828,Programmatic
C02829,Google Search
C02830,Programmatic
C02831,Google Search
C02832,Organic / SEO
C02833,Google Search
C02834,Organic / SEO
C02835,Meta Ads
C02836,Google Search
C02837,Organic / SEO
C02838,Organic / SEO
C02839,Google Search
C02840,Organic / SEO
C02841,Google Search
C02842,Google Search
C02843,Google Search
C02844,Organic / SEO
C02845,Email / Referral
C02846,Organic / SEO
C02847,Email / Referral
C02848,Organic / SEO
C02849,Email / Referral
C02850,Programmatic
C02851,Meta Ads
C02852,Google Search
C02853,Google Search
C02854,Organic / SEO
C02855,Meta Ads
C02856,Google Search
C02857,Programmatic
C02858,Programmatic
C02859,
C02860,Google Search
C02861,Google Search
C02862,Meta Ads
C02863,Programmatic
C02864,Organic / SEO
C02865,Google Search
C02866,Meta Ads
C02867,Google Search
C02868,Meta Ads
C02869,Meta Ads
C02870,Organic / SEO
C02871,Meta Ads
C02872,Programmatic
C02873,Google Search
C02874,Email / Referral
C02875,Google Search
C02876,Meta Ads
C02877,Programmatic
C02878,Organic / SEO
C02879,Google Search
C02880,Meta Ads
C02881,Organic / SEO
C02882,Programmatic
C02883,Organic / SEO
C02884,Google Search
C02885,Meta Ads
C02886,Google Search
C02887,Google Search
C02888,Organic / SEO
C02889,Email / Referral
C02890,Google Search
C02891,Email / Referral
C02892,Organic / SEO
C02893,Email / Referral
C02894,Google Search
C02895,Meta Ads
C02896,Google Search
C02897,Google Search
C02898,Meta Ads
C02899,Meta Ads
C02900,Google Search
C02901,Google Search
C02902,Programmatic
C02903,Email / Referral
C02904,Meta Ads
C02905,Programmatic
C02906,Google Search
C02907,Meta Ads
C02908,Email / Referral
C02909,Meta Ads
C02910,Google Search
C02911,Meta Ads
C02912,Meta Ads
C02913,Organic / SEO
C02914,Meta Ads
C02915,Meta Ads
C02916,Google Search
C02917,Meta Ads
C02918,Google Search
C02919,Programmatic
C02920,Organic / SEO
C02921,Meta Ads
C02922,Organic / SEO
C02923,Google Search
C02924,Meta Ads
C02925,Meta Ads
C02926,Meta Ads
C02927,Organic / SEO
C02928,Programmatic
C02929,Meta Ads
C02930,Meta Ads
C02931,Organic / SEO
C02932,Google Search
C02933,Google Search
C02934,Programmatic
C02935,Email / Referral
C02936,Programmatic
C02937,Google Search
C02938,Google Search
C02939,Meta Ads
C02940,Programmatic
C02941,Google Search
C02942,Google Search
C02943,Google Search
C02944,Email / Referral
C02945,Email / Referral
C02946,Organic / SEO
C02947,Google Search
C02948,Organic / SEO
C02949,Meta Ads
C02950,Google Search
C02951,Google Search
C02952,Meta Ads
C02953,Meta Ads
C02954,Programmatic
C02955,Meta Ads
C02956,Meta Ads
C02957,Organic / SEO
C02958,Organic / SEO
C02959,Google Search
C02960,Organic / SEO
C02961,Google Search
C02962,Meta Ads
C02963,Organic / SEO
C02964,Organic / SEO
C02965,Meta Ads
C02966,Google Search
C02967,Meta Ads
C02968,Meta Ads
C02969,Programmatic
C02970,Meta Ads
C02971,Programmatic
C02972,Meta Ads
C02973,Email / Referral
C02974,Google Search
C02975,Google Search
C02976,Google Search
C02977,Google Search
C02978,Programmatic
C02979,Organic / SEO
C02980,Organic / SEO
C02981,Meta Ads
C02982,Organic / SEO
C02983,Organic / SEO
C02984,Email / Referral
C02985,Organic / SEO
C02986,Organic / SEO
C02987,Google Search
C02988,Programmatic
C02989,Google Search
C02990,Meta Ads
C02991,Programmatic
C02992,Google Search
C02993,Google Search
C02994,Meta Ads
C02995,Meta Ads
C02996,Programmatic
C02997,Email / Referral
C02998,Meta Ads
C02999,Programmatic
C03000,Organic / SEO
C03001,Programmatic
C03002,Google Search
C03003,Meta Ads
C03004,Google Search
C03005,Google Search
C03006,Organic / SEO
C03007,Google Search
C03008,Meta Ads
C03009,Organic / SEO
C03010,Google Search
C03011,Meta Ads
C03012,Organic / SEO
C03013,Programmatic
C03014,Google Search
C03015,Programmatic
C03016,Email / Referral
C03017,Organic / SEO
C03018,Meta Ads
C03019,Organic / SEO
C03020,Email / Referral
C03021,Meta Ads
C03022,Programmatic
C03023,Programmatic
C03024,Meta Ads
C03025,Organic / SEO
C03026,Meta Ads
C03027,Email / Referral
C03028,Email / Referral
C03029,Google Search
C03030,Google Search
C03031,Meta Ads
C03032,Programmatic
C03033,Meta Ads
C03034,Programmatic
C03035,Meta Ads
C03036,Google Search
C03037,Programmatic
C03038,Organic / SEO
C03039,Meta Ads
C03040,Google Search
C03041,Google Search
C03042,Google Search
C03043,Meta Ads
C03044,Organic / SEO
C03045,Meta Ads
C03046,Google Search
C03047,Google Search
C03048,Meta Ads
C03049,Programmatic
C03050,Meta Ads
C03051,Google Search
C03052,Organic / SEO
C03053,Programmatic
C03054,Email / Referral
C03055,Email / Referral
C03056,Programmatic
C03057,Organic / SEO
C03058,Programmatic
C03059,Google Search
C03060,Email / Referral
C03061,Programmatic
C03062,Programmatic
C03063,Meta Ads
C03064,Email / Referral
C03065,Google Search
C03066,Organic / SEO
C03067,Meta Ads
C03068,Organic / SEO
C03069,Organic / SEO
C03070,Meta Ads
C03071,Google Search
C03072,Meta Ads
C03073,Organic / SEO
C03074,Organic / SEO
C03075,Organic / SEO
C03076,Google Search
C03077,Email / Referral
C03078,Organic / SEO
C03079,Google Search
C03080,Meta Ads
C03081,Meta Ads
C03082,Meta Ads
C03083,Google Search
C03084,Google Search
C03085,Google Search
C03086,Google Search
C03087,Google Search
C03088,Email / Referral
C03089,Meta Ads
C03090,Meta Ads
C03091,Organic / SEO
C03092,Meta Ads
C03093,Google Search
C03094,Google Search
C03095,Google Search
C03096,Organic / SEO
C03097,Meta Ads
C03098,Meta Ads
C03099,Organic / SEO
C03100,Programmatic
C03101,Meta Ads
C03102,Meta Ads
C03103,Meta Ads
C03104,Organic / SEO
C03105,Organic / SEO
C03106,Organic / SEO
C03107,Google Search
C03108,Meta Ads
C03109,Email / Referral
C03110,Meta Ads
C03111,Programmatic
C03112,Meta Ads
C03113,Meta Ads
C03114,Meta Ads
C03115,Meta Ads
C03116,Email / Referral
C03117,Google Search
C03118,Organic / SEO
C03119,Organic / SEO
C03120,Programmatic
C03121,Organic / SEO
C03122,Programmatic
C03123,Programmatic
C03124,Meta Ads
C03125,Programmatic
C03126,Programmatic
C03127,Google Search
C03128,Organic / SEO
C03129,Google Search
C03130,Organic / SEO
C03131,Google Search
C03132,Organic / SEO
C03133,Meta Ads
C03134,Organic / SEO
C03135,Google Search
C03136,Organic / SEO
C03137,Meta Ads
C03138,Organic / SEO
C03139,Meta Ads
C03140,Google Search
C03141,Meta Ads
C03142,Programmatic
C03143,Google Search
C03144,Organic / SEO
C03145,Google Search
C03146,Organic / SEO
C03147,Google Search
C03148,Meta Ads
C03149,Meta Ads
C03150,Google Search
C03151,Meta Ads
C03152,Meta Ads
C03153,Meta Ads
C03154,Programmatic
C03155,Meta Ads
C03156,Programmatic
C03157,Meta Ads
C03158,Google Search
C03159,Google Search
C03160,Meta Ads
C03161,Meta Ads
C03162,Programmatic
C03163,Organic / SEO
C03164,Organic / SEO
C03165,
C03166,Meta Ads
C03167,Organic / SEO
C03168,Google Search
C03169,Google Search
C03170,Meta Ads
C03171,Google Search
C03172,Organic / SEO
C03173,Google Search
C03174,Google Search
C03175,Programmatic
C03176,Programmatic
C03177,Meta Ads
C03178,Meta Ads
C03179,Email / Referral
C03180,Google Search
C03181,Meta Ads
C03182,Google Search
C03183,Meta Ads
C03184,Programmatic
C03185,Email / Referral
C03186,Programmatic
C03187,Organic / SEO
C03188,Organic / SEO
C03189,Email / Referral
C03190,Organic / SEO
C03191,Meta Ads
C03192,Google Search
C03193,Meta Ads
C03194,
C03195,Meta Ads
C03196,Google Search
C03197,Organic / SEO
C03198,Google Search
C03199,Google Search
C03200,Meta Ads
C03201,Google Search
C03202,Programmatic
C03203,Meta Ads
C03204,Meta Ads
C03205,Google Search
C03206,Email / Referral
C03207,Organic / SEO
C03208,Meta Ads
C03209,Google Search
C03210,Organic / SEO
C03211,Programmatic
C03212,Meta Ads
C03213,Google Search
C03214,Google Search
C03215,Google Search
C03216,Organic / SEO
C03217,Programmatic
C03218,Programmatic
C03219,Email / Referral
C03220,Google Search
C03221,Programmatic
C03222,Meta Ads
C03223,Meta Ads
C03224,Organic / SEO
C03225,Google Search
C03226,Email / Referral
C03227,Programmatic
C03228,Email / Referral
C03229,Email / Referral
C03230,Meta Ads
C03231,Google Search
C03232,Email / Referral
C03233,Organic / SEO
C03234,Programmatic
C03235,Google Search
C03236,Meta Ads
C03237,Meta Ads
C03238,Organic / SEO
C03239,Email / Referral
C03240,Programmatic
C03241,Google Search
C03242,Meta Ads
C03243,Google Search
C03244,Google Search
C03245,Meta Ads
C03246,Organic / SEO
C03247,Meta Ads
C03248,Meta Ads
C03249,Organic / SEO
C03250,Email / Referral
C03251,Google Search
C03252,Meta Ads
C03253,Organic / SEO
C03254,Email / Referral
C03255,Email / Referral
C03256,Google Search
C03257,Meta Ads
C03258,Programmatic
C03259,Meta Ads
C03260,Meta Ads
C03261,Programmatic
C03262,Google Search
C03263,Organic / SEO
C03264,Programmatic
C03265,
C03266,Organic / SEO
C03267,Meta Ads
C03268,Programmatic
C03269,Programmatic
C03270,Programmatic
C03271,Google Search
C03272,Email / Referral
C03273,Programmatic
C03274,Organic / SEO
C03275,Organic / SEO
C03276,Google Search
C03277,Programmatic
C03278,Google Search
C03279,Meta Ads
C03280,Programmatic
C03281,Programmatic
C03282,Programmatic
C03283,Meta Ads
C03284,Google Search
C03285,Meta Ads
C03286,Google Search
C03287,Programmatic
C03288,Organic / SEO
C03289,Meta Ads
C03290,Google Search
C03291,Meta Ads
C03292,Programmatic
C03293,Organic / SEO
C03294,Google Search
C03295,Google Search
C03296,Meta Ads
C03297,Google Search
C03298,Programmatic
C03299,Organic / SEO
C03300,Google Search
C03301,Email / Referral
C03302,Meta Ads
C03303,Google Search
C03304,Organic / SEO
C03305,Google Search
C03306,Meta Ads
C03307,Email / Referral
C03308,Programmatic
C03309,Meta Ads
C03310,Organic / SEO
C03311,Google Search
C03312,
C03313,Google Search
C03314,Organic / SEO
C03315,Google Search
C03316,Programmatic
C03317,Programmatic
C03318,Meta Ads
C03319,Email / Referral
C03320,Google Search
C03321,Organic / SEO
C03322,Google Search
C03323,Google Search
C03324,Organic / SEO
C03325,Meta Ads
C03326,Meta Ads
C03327,Meta Ads
C03328,Google Search
C03329,Google Search
C03330,Organic / SEO
C03331,Organic / SEO
C03332,Google Search
C03333,Meta Ads
C03334,Organic / SEO
C03335,Organic / SEO
C03336,Email / Referral
C03337,Meta Ads
C03338,Meta Ads
C03339,Organic / SEO
C03340,Meta Ads
C03341,Google Search
C03342,Google Search
C03343,Email / Referral
C03344,Google Search
C03345,Organic / SEO
C03346,Organic / SEO
C03347,Meta Ads
C03348,Email / Referral
C03349,Organic / SEO
C03350,Google Search
C03351,Email / Referral
C03352,Meta Ads
C03353,Meta Ads
C03354,Organic / SEO
C03355,Organic / SEO
C03356,Meta Ads
C03357,Programmatic
C03358,Organic / SEO
C03359,Organic / SEO
C03360,Google Search
C03361,Google Search
C03362,Meta Ads
C03363,Organic / SEO
C03364,Meta Ads
C03365,Email / Referral
C03366,Google Search
C03367,Organic / SEO
C03368,Email / Referral
C03369,Email / Referral
C03370,Email / Referral
C03371,Programmatic
C03372,Google Search
C03373,Organic / SEO
C03374,Programmatic
C03375,Organic / SEO
C03376,Google Search
C03377,Programmatic
C03378,Google Search
C03379,Meta Ads
C03380,
C03381,Meta Ads
C03382,Meta Ads
C03383,Meta Ads
C03384,Programmatic
C03385,Meta Ads
C03386,Meta Ads
C03387,Programmatic
C03388,Email / Referral
C03389,Google Search
C03390,Google Search
C03391,Organic / SEO
C03392,Email / Referral
C03393,Organic / SEO
C03394,Google Search
C03395,Organic / SEO
C03396,Organic / SEO
C03397,Organic / SEO
C03398,Programmatic
C03399,Email / Referral
C03400,Organic / SEO
C03401,Organic / SEO
C03402,Organic / SEO
C03403,Meta Ads
C03404,Meta Ads
C03405,Organic / SEO
C03406,Organic / SEO
C03407,Meta Ads
C03408,Google Search
C03409,Organic / SEO
C03410,Organic / SEO
C03411,Meta Ads
C03412,Meta Ads
C03413,Google Search
C03414,Programmatic
C03415,Programmatic
C03416,Organic / SEO
C03417,Meta Ads
C03418,Organic / SEO
C03419,Meta Ads
C03420,Programmatic
C03421,Google Search
C03422,Google Search
C03423,Organic / SEO
C03424,Google Search
C03425,Organic / SEO
C03426,Email / Referral
C03427,Google Search
C03428,Meta Ads
C03429,Organic / SEO
C03430,Email / Referral
C03431,Meta Ads
C03432,Google Search
C03433,Organic / SEO
C03434,Meta Ads
C03435,Email / Referral
C03436,Organic / SEO
C03437,Google Search
C03438,Email / Referral
C03439,Meta Ads
C03440,Google Search
C03441,Organic / SEO
C03442,Programmatic
C03443,Organic / SEO
C03444,Google Search
C03445,Organic / SEO
C03446,Google Search
C03447,Meta Ads
C03448,Meta Ads
C03449,Google Search
C03450,Meta Ads
C03451,Programmatic
C03452,Google Search
C03453,Email / Referral
C03454,Organic / SEO
C03455,Meta Ads
C03456,Google Search
C03457,Google Search
C03458,Google Search
C03459,Organic / SEO
C03460,Programmatic
C03461,Programmatic
C03462,Google Search
C03463,Google Search
C03464,Google Search
C03465,Programmatic
C03466,Google Search
C03467,Google Search
C03468,Organic / SEO
C03469,Organic / SEO
C03470,Google Search
C03471,Organic / SEO
C03472,Google Search
C03473,Google Search
C03474,Google Search
C03475,Meta Ads
C03476,Programmatic
C03477,Meta Ads
C03478,Email / Referral
C03479,Meta Ads
C03480,Organic / SEO
C03481,Programmatic
C03482,Meta Ads
C03483,Programmatic
C03484,Organic / SEO
C03485,Organic / SEO
C03486,Google Search
C03487,Organic / SEO
C03488,Meta Ads
C03489,Programmatic
C03490,Programmatic
C03491,Meta Ads
C03492,Programmatic
C03493,Programmatic
C03494,Organic / SEO
C03495,Google Search
C03496,Google Search
C03497,Google Search
C03498,Google Search
C03499,Programmatic
C03500,Google Search
C03501,Organic / SEO
C03502,Organic / SEO
C03503,Organic / SEO
C03504,Google Search
C03505,Organic / SEO
C03506,Organic / SEO
C03507,Organic / SEO
C03508,Google Search
C03509,Organic / SEO
C03510,Google Search
C03511,Organic / SEO
C03512,Meta Ads
C03513,Google Search
C03514,Email / Referral
C03515,Google Search
C03516,Programmatic
C03517,Programmatic
C03518,Meta Ads
C03519,Meta Ads
C03520,Google Search
C03521,Programmatic
C03522,Organic / SEO
C03523,Google Search
C03524,Meta Ads
C03525,Google Search
C03526,Organic / SEO
C03527,Meta Ads
C03528,Google Search
C03529,Email / Referral
C03530,Google Search
C03531,Meta Ads
C03532,Organic / SEO
C03533,Programmatic
C03534,Meta Ads
C03535,Programmatic
C03536,Meta Ads
C03537,Programmatic
C03538,Google Search
C03539,Organic / SEO
C03540,Google Search
C03541,Programmatic
C03542,Programmatic
C03543,Meta Ads
C03544,Meta Ads
C03545,Organic / SEO
C03546,Google Search
C03547,Organic / SEO
C03548,Organic / SEO
C03549,Meta Ads
C03550,Google Search
C03551,Programmatic
C03552,Google Search
C03553,Organic / SEO
C03554,Google Search
C03555,Google Search
C03556,Google Search
C03557,Meta Ads
C03558,Organic / SEO
C03559,Meta Ads
C03560,Organic / SEO
C03561,Organic / SEO
C03562,Google Search
C03563,Google Search
C03564,Organic / SEO
C03565,Organic / SEO
C03566,Organic / SEO
C03567,Google Search
C03568,Email / Referral
C03569,Google Search
C03570,Organic / SEO
C03571,Google Search
C03572,Organic / SEO
C03573,Meta Ads
C03574,Organic / SEO
C03575,Google Search
C03576,Organic / SEO
C03577,Google Search
C03578,Organic / SEO
C03579,Google Search
C03580,Google Search
C03581,Organic / SEO
C03582,Google Search
C03583,Google Search
C03584,Email / Referral
C03585,Email / Referral
C03586,Programmatic
C03587,Meta Ads
C03588,Meta Ads
C03589,Email / Referral
C03590,Google Search
C03591,Organic / SEO
C03592,Google Search
C03593,Programmatic
C03594,
C03595,Meta Ads
C03596,Meta Ads
C03597,Google Search
C03598,Meta Ads
C03599,Organic / SEO
C03600,Meta Ads
C03601,Meta Ads
C03602,Google Search
C03603,Organic / SEO
C03604,Meta Ads
C03605,Google Search
C03606,Programmatic
C03607,Meta Ads
C03608,Meta Ads
C03609,Programmatic
C03610,Meta Ads
C03611,Programmatic
C03612,Organic / SEO
C03613,Organic / SEO
C03614,Google Search
C03615,Google Search
C03616,Meta Ads
C03617,Google Search
C03618,Google Search
C03619,Organic / SEO
C03620,Organic / SEO
C03621,Google Search
C03622,Organic / SEO
C03623,Programmatic
C03624,Organic / SEO
C03625,Email / Referral
C03626,Organic / SEO
C03627,Google Search
C03628,Meta Ads
C03629,Programmatic
C03630,Organic / SEO
C03631,Email / Referral
C03632,Programmatic
C03633,Google Search
C03634,Meta Ads
C03635,Organic / SEO
C03636,Google Search
C03637,Organic / SEO
C03638,Email / Referral
C03639,Organic / SEO
C03640,Google Search
C03641,Organic / SEO
C03642,Google Search
C03643,Programmatic
C03644,Google Search
C03645,Programmatic
C03646,Meta Ads
C03647,Meta Ads
C03648,Meta Ads
C03649,Google Search
C03650,Meta Ads
C03651,Email / Referral
C03652,Email / Referral
C03653,Google Search
C03654,Organic / SEO
C03655,Programmatic
C03656,Email / Referral
C03657,Meta Ads
C03658,Google Search
C03659,Programmatic
C03660,Meta Ads
C03661,Meta Ads
C03662,Email / Referral
C03663,Google Search
C03664,Email / Referral
C03665,Google Search
C03666,Organic / SEO
C03667,Programmatic
C03668,Programmatic
C03669,Programmatic
C03670,Programmatic
C03671,Google Search
C03672,Programmatic
C03673,Programmatic
C03674,Meta Ads
C03675,Meta Ads
C03676,Google Search
C03677,Organic / SEO
C03678,Organic / SEO
C03679,Meta Ads
C03680,Meta Ads
C03681,Organic / SEO
C03682,Google Search
C03683,Programmatic
C03684,Google Search
C03685,Google Search
C03686,Google Search
C03687,Programmatic
C03688,Programmatic
C03689,Google Search
C03690,Google Search
C03691,Meta Ads
C03692,Google Search
C03693,Organic / SEO
C03694,Google Search
C03695,Meta Ads
C03696,Meta Ads
C03697,Meta Ads
C03698,Meta Ads
C03699,Google Search
C03700,Google Search
C03701,Google Search
C03702,Google Search
C03703,Programmatic
C03704,Google Search
C03705,Meta Ads
C03706,Google Search
C03707,Email / Referral
C03708,
C03709,Email / Referral
C03710,Organic / SEO
C03711,Email / Referral
C03712,Meta Ads
C03713,Programmatic
C03714,Email / Referral
C03715,Google Search
C03716,Meta Ads
C03717,Google Search
C03718,Google Search
C03719,Email / Referral
C03720,Google Search
C03721,Organic / SEO
C03722,Programmatic
C03723,Meta Ads
C03724,Meta Ads
C03725,Organic / SEO
C03726,Email / Referral
C03727,Google Search
C03728,Google Search
C03729,Organic / SEO
C03730,Programmatic
C03731,Google Search
C03732,Meta Ads
C03733,Programmatic
C03734,Google Search
C03735,Google Search
C03736,Organic / SEO
C03737,Google Search
C03738,Google Search
C03739,Organic / SEO
C03740,Organic / SEO
C03741,Meta Ads
C03742,Meta Ads
C03743,Organic / SEO
C03744,Organic / SEO
C03745,Email / Referral
C03746,Email / Referral
C03747,Organic / SEO
C03748,Programmatic
C03749,Email / Referral
C03750,Google Search
C03751,Programmatic
C03752,Programmatic
C03753,Meta Ads
C03754,Google Search
C03755,
C03756,Meta Ads
C03757,Organic / SEO
C03758,Meta Ads
C03759,Google Search
C03760,Google Search
C03761,Programmatic
C03762,Google Search
C03763,Organic / SEO
C03764,Google Search
C03765,Meta Ads
C03766,Meta Ads
C03767,Google Search
C03768,Organic / SEO
C03769,Organic / SEO
C03770,Google Search
C03771,Meta Ads
C03772,Organic / SEO
C03773,Organic / SEO
C03774,Meta Ads
C03775,Email / Referral
C03776,Google Search
C03777,Google Search
C03778,Organic / SEO
C03779,Organic / SEO
C03780,Email / Referral
C03781,Google Search
C03782,Meta Ads
C03783,Organic / SEO
C03784,Google Search
C03785,Meta Ads
C03786,Organic / SEO
C03787,Google Search
C03788,Meta Ads
C03789,Google Search
C03790,Programmatic
C03791,Google Search
C03792,Google Search
C03793,Google Search
C03794,Google Search
C03795,Google Search
C03796,Organic / SEO
C03797,Google Search
C03798,Google Search
C03799,Google Search
C03800,Meta Ads
C03801,Google Search
C03802,Organic / SEO
C03803,Organic / SEO
C03804,Organic / SEO
C03805,Google Search
C03806,Programmatic
C03807,Organic / SEO
C03808,Google Search
C03809,Meta Ads
C03810,Email / Referral
C03811,Meta Ads
C03812,Meta Ads
C03813,Organic / SEO
C03814,Google Search
C03815,Programmatic
C03816,Google Search
C03817,Google Search
C03818,Google Search
C03819,Meta Ads
C03820,Programmatic
C03821,Email / Referral
C03822,
C03823,Meta Ads
C03824,Meta Ads
C03825,Meta Ads
C03826,Google Search
C03827,Programmatic
C03828,Meta Ads
C03829,Meta Ads
C03830,Meta Ads
C03831,Email / Referral
C03832,Google Search
C03833,
C03834,Organic / SEO
C03835,Email / Referral
C03836,Google Search
C03837,Google Search
C03838,Meta Ads
C03839,Programmatic
C03840,Programmatic
C03841,Organic / SEO
C03842,Google Search
C03843,Google Search
C03844,Organic / SEO
C03845,Google Search
C03846,Organic / SEO
C03847,Email / Referral
C03848,Meta Ads
C03849,Meta Ads
C03850,Google Search
C03851,Google Search
C03852,Organic / SEO
C03853,Meta Ads
C03854,Google Search
C03855,Google Search
C03856,Google Search
C03857,Organic / SEO
C03858,Organic / SEO
C03859,Meta Ads
C03860,Meta Ads
C03861,Google Search
C03862,Meta Ads
C03863,Google Search
C03864,Programmatic
C03865,Google Search
C03866,Meta Ads
C03867,Google Search
C03868,Email / Referral
C03869,Google Search
C03870,Programmatic
C03871,Google Search
C03872,Email / Referral
C03873,Organic / SEO
C03874,Google Search
C03875,Google Search
C03876,Meta Ads
C03877,Email / Referral
C03878,Programmatic
C03879,Google Search
C03880,Meta Ads
C03881,Google Search
C03882,Google Search
C03883,Organic / SEO
C03884,Meta Ads
C03885,Google Search
C03886,Programmatic
C03887,Organic / SEO
C03888,Email / Referral
C03889,Google Search
C03890,Programmatic
C03891,Organic / SEO
C03892,Meta Ads
C03893,Google Search
C03894,Programmatic
C03895,Meta Ads
C03896,Email / Referral
C03897,Organic / SEO
C03898,Email / Referral
C03899,Organic / SEO
C03900,Programmatic
C03901,Google Search
C03902,Google Search
C03903,Organic / SEO
C03904,Meta Ads
C03905,Organic / SEO
C03906,Organic / SEO
C03907,Meta Ads
C03908,Email / Referral
C03909,Meta Ads
C03910,Programmatic
C03911,Google Search
C03912,Organic / SEO
C03913,Programmatic
C03914,Google Search
C03915,Meta Ads
C03916,Meta Ads
C03917,Organic / SEO
C03918,
C03919,Google Search
C03920,Programmatic
C03921,Google Search
C03922,Meta Ads
C03923,Organic / SEO
C03924,Google Search
C03925,Google Search
C03926,Programmatic
C03927,Organic / SEO
C03928,Google Search
C03929,Email / Referral
C03930,Meta Ads
C03931,Google Search
C03932,Organic / SEO
C03933,Meta Ads
C03934,Google Search
C03935,
C03936,Google Search
C03937,Google Search
C03938,Google Search
C03939,Email / Referral
C03940,Organic / SEO
C03941,Programmatic
C03942,Google Search
C03943,
C03944,Organic / SEO
C03945,Meta Ads
C03946,Google Search
C03947,Email / Referral
C03948,Google Search
C03949,Organic / SEO
C03950,Meta Ads
C03951,Google Search
C03952,Programmatic
C03953,Email / Referral
C03954,Meta Ads
C03955,Organic / SEO
C03956,Meta Ads
C03957,Organic / SEO
C03958,Google Search
C03959,Meta Ads
C03960,Meta Ads
C03961,Meta Ads
C03962,Meta Ads
C03963,Google Search
C03964,Programmatic
C03965,Google Search
C03966,Google Search
C03967,Meta Ads
C03968,Organic / SEO
C03969,Google Search
C03970,Meta Ads
C03971,Organic / SEO
C03972,Google Search
C03973,Programmatic
C03974,Meta Ads
C03975,Organic / SEO
C03976,Google Search
C03977,Organic / SEO
C03978,Email / Referral
C03979,Google Search
C03980,Google Search
C03981,Google Search
C03982,Google Search
C03983,Programmatic
C03984,Organic / SEO
C03985,Organic / SEO
C03986,Programmatic
C03987,Email / Referral
C03988,Email / Referral
C03989,Meta Ads
C03990,Meta Ads
C03991,Google Search
C03992,Meta Ads
C03993,Meta Ads
C03994,Google Search
C03995,Meta Ads
C03996,Meta Ads
C03997,Meta Ads
C03998,Google Search
C03999,Meta Ads
C04000,Meta Ads
C04001,Organic / SEO
C04002,Organic / SEO
C04003,Google Search
C04004,Google Search
C04005,Meta Ads
C04006,Google Search
C04007,
C04008,Programmatic
C04009,Google Search
C04010,Meta Ads
C04011,Organic / SEO
C04012,Meta Ads
C04013,Google Search
C04014,Google Search
C04015,Programmatic
C04016,Google Search
C04017,Organic / SEO
C04018,Email / Referral
C04019,Google Search
C04020,Organic / SEO
C04021,Google Search
C04022,Google Search
C04023,Meta Ads
C04024,Programmatic
C04025,Google Search
C04026,Google Search
C04027,Programmatic
C04028,Google Search
C04029,Programmatic
C04030,Organic / SEO
C04031,Organic / SEO
C04032,Email / Referral
C04033,Organic / SEO
C04034,Google Search
C04035,Programmatic
C04036,Programmatic
C04037,Programmatic
C04038,Organic / SEO
C04039,Meta Ads
C04040,Meta Ads
C04041,Google Search
C04042,Meta Ads
C04043,Organic / SEO
C04044,Organic / SEO
C04045,Meta Ads
C04046,Meta Ads
C04047,Organic / SEO
C04048,Meta Ads
C04049,Programmatic
C04050,Organic / SEO
C04051,Google Search
C04052,Google Search
C04053,Organic / SEO
C04054,Meta Ads
C04055,Email / Referral
C04056,Google Search
C04057,Google Search
C04058,Meta Ads
C04059,Organic / SEO
C04060,Programmatic
C04061,Programmatic
C04062,Meta Ads
C04063,Email / Referral
C04064,Google Search
C04065,Organic / SEO
C04066,Programmatic
C04067,Meta Ads
C04068,Programmatic
C04069,Google Search
C04070,Google Search
C04071,Meta Ads
C04072,Programmatic
C04073,Meta Ads
C04074,Email / Referral
C04075,Google Search
C04076,Organic / SEO
C04077,Organic / SEO
C04078,Google Search
C04079,Organic / SEO
C04080,Organic / SEO
C04081,Meta Ads
C04082,Google Search
C04083,Google Search
C04084,Programmatic
C04085,Organic / SEO
C04086,Email / Referral
C04087,Organic / SEO
C04088,Email / Referral
C04089,Google Search
C04090,Meta Ads
C04091,Organic / SEO
C04092,Google Search
C04093,Google Search
C04094,Organic / SEO
C04095,Programmatic
C04096,Organic / SEO
C04097,Google Search
C04098,Programmatic
C04099,Google Search
C04100,Google Search
C04101,Programmatic
C04102,Email / Referral
C04103,
C04104,Email / Referral
C04105,Organic / SEO
C04106,Google Search
C04107,Meta Ads
C04108,Programmatic
C04109,Programmatic
C04110,Meta Ads
C04111,Meta Ads
C04112,Google Search
C04113,Meta Ads
C04114,Programmatic
C04115,Google Search
C04116,Meta Ads
C04117,Programmatic
C04118,Meta Ads
C04119,Meta Ads
C04120,Meta Ads
C04121,Google Search
C04122,Google Search
C04123,Google Search
C04124,Google Search
C04125,Google Search
C04126,Meta Ads
C04127,Google Search
C04128,Programmatic
C04129,Google Search
C04130,Meta Ads
C04131,Programmatic
C04132,Google Search
C04133,Meta Ads
C04134,Email / Referral
C04135,Organic / SEO
C04136,Google Search
C04137,Organic / SEO
C04138,Organic / SEO
C04139,Meta Ads
C04140,Google Search
C04141,Google Search
C04142,Email / Referral
C04143,Meta Ads
C04144,Google Search
C04145,Meta Ads
C04146,Programmatic
C04147,Google Search
C04148,Google Search
C04149,Meta Ads
C04150,Organic / SEO
C04151,Meta Ads
C04152,Programmatic
C04153,Google Search
C04154,Meta Ads
C04155,Meta Ads
C04156,Meta Ads
C04157,Meta Ads
C04158,Email / Referral
C04159,Meta Ads
C04160,Organic / SEO
C04161,Google Search
C04162,Organic / SEO
C04163,Meta Ads
C04164,Meta Ads
C04165,Google Search
C04166,Programmatic
C04167,Programmatic
C04168,Email / Referral
C04169,Programmatic
C04170,Google Search
C04171,Meta Ads
C04172,Meta Ads
C04173,Programmatic
C04174,Google Search
C04175,Google Search
C04176,Organic / SEO
C04177,Google Search
C04178,Organic / SEO
C04179,Google Search
C04180,Organic / SEO
C04181,Programmatic
C04182,Organic / SEO
C04183,Google Search
C04184,Google Search
C04185,Google Search
C04186,Google Search
C04187,Organic / SEO
C04188,Meta Ads
C04189,Google Search
C04190,Google Search
C04191,Programmatic
C04192,Google Search
C04193,Meta Ads
C04194,Meta Ads
C04195,Google Search
C04196,Programmatic
C04197,Google Search
C04198,Organic / SEO
C04199,Organic / SEO
C04200,Email / Referral
C04201,Organic / SEO
C04202,Email / Referral
C04203,Meta Ads
C04204,Meta Ads
C04205,Organic / SEO
C04206,Organic / SEO
C04207,Meta Ads
C04208,Google Search
C04209,Google Search
C04210,Meta Ads
C04211,Google Search
C04212,Meta Ads
C04213,Google Search
C04214,Organic / SEO
C04215,Organic / SEO
C04216,Organic / SEO
C04217,Organic / SEO
C04218,Google Search
C04219,Google Search
C04220,Organic / SEO
C04221,Email / Referral
C04222,Organic / SEO
C04223,Organic / SEO
C04224,Organic / SEO
C04225,Organic / SEO
C04226,Organic / SEO
C04227,Organic / SEO
C04228,Google Search
C04229,Google Search
C04230,Meta Ads
C04231,Meta Ads
C04232,Email / Referral
C04233,Meta Ads
C04234,Google Search
C04235,Email / Referral
C04236,Google Search
C04237,Email / Referral
C04238,Google Search
C04239,Meta Ads
C04240,Meta Ads
C04241,Google Search
C04242,Google Search
C04243,Google Search
C04244,Meta Ads
C04245,Meta Ads
C04246,Email / Referral
C04247,Google Search
C04248,Meta Ads
C04249,Google Search
C04250,Programmatic
C04251,Email / Referral
C04252,Programmatic
C04253,Programmatic
C04254,Meta Ads
C04255,Organic / SEO
C04256,Meta Ads
C04257,Programmatic
C04258,Meta Ads
C04259,Meta Ads
C04260,Programmatic
C04261,Email / Referral
C04262,Programmatic
C04263,Google Search
C04264,Google Search
C04265,Meta Ads
C04266,Meta Ads
C04267,Meta Ads
C04268,Google Search
C04269,Email / Referral
C04270,Google Search
C04271,Organic / SEO
C04272,Programmatic
C04273,Organic / SEO
C04274,Meta Ads
C04275,Google Search
C04276,Google Search
C04277,Organic / SEO
C04278,Meta Ads
C04279,Google Search
C04280,Programmatic
C04281,Organic / SEO
C04282,Email / Referral
C04283,Meta Ads
C04284,Programmatic
C04285,Google Search
C04286,Google Search
C04287,Programmatic
C04288,Programmatic
C04289,Meta Ads
C04290,Google Search
C04291,Meta Ads
C04292,Email / Referral
C04293,Email / Referral
C04294,Meta Ads
C04295,Google Search
C04296,Organic / SEO
C04297,Organic / SEO
C04298,Meta Ads
C04299,Organic / SEO
C04300,Programmatic
C04301,Google Search
C04302,Organic / SEO
C04303,Organic / SEO
C04304,Meta Ads
C04305,Programmatic
C04306,Organic / SEO
C04307,Meta Ads
C04308,Google Search
C04309,Organic / SEO
C04310,Google Search
C04311,Google Search
C04312,Meta Ads
C04313,Organic / SEO
C04314,Programmatic
C04315,Organic / SEO
C04316,Email / Referral
C04317,Meta Ads
C04318,Meta Ads
C04319,Programmatic
C04320,Meta Ads
C04321,Email / Referral
C04322,Meta Ads
C04323,Google Search
C04324,Organic / SEO
C04325,Google Search
C04326,Google Search
C04327,Google Search
C04328,Google Search
C04329,Meta Ads
C04330,Programmatic
C04331,Meta Ads
C04332,Email / Referral
C04333,Organic / SEO
C04334,Google Search
C04335,Google Search
C04336,Programmatic
C04337,Organic / SEO
C04338,Programmatic
C04339,Meta Ads
C04340,Organic / SEO
C04341,Email / Referral
C04342,Programmatic
C04343,Google Search
C04344,Programmatic
C04345,Meta Ads
C04346,Email / Referral
C04347,Meta Ads
C04348,Organic / SEO
C04349,Meta Ads
C04350,Email / Referral
C04351,Google Search
C04352,Meta Ads
C04353,Organic / SEO
C04354,Organic / SEO
C04355,Meta Ads
C04356,Organic / SEO
C04357,Meta Ads
C04358,Organic / SEO
C04359,Organic / SEO
C04360,Organic / SEO
C04361,Email / Referral
C04362,Meta Ads
C04363,Google Search
C04364,Organic / SEO
C04365,Google Search
C04366,Google Search
C04367,Email / Referral
C04368,Meta Ads
C04369,Meta Ads
C04370,Programmatic
C04371,Google Search
C04372,Google Search
C04373,Google Search
C04374,Google Search
C04375,Organic / SEO
C04376,Email / Referral
C04377,Organic / SEO
C04378,Google Search
C04379,Meta Ads
C04380,Google Search
C04381,Organic / SEO
C04382,Organic / SEO
C04383,Google Search
C04384,Email / Referral
C04385,Email / Referral
C04386,Meta Ads
C04387,Organic / SEO
C04388,Organic / SEO
C04389,Google Search
C04390,Google Search
C04391,Organic / SEO
C04392,Programmatic
C04393,Organic / SEO
C04394,Organic / SEO
C04395,Organic / SEO
C04396,Meta Ads
C04397,Google Search
C04398,Meta Ads
C04399,Programmatic
C04400,Email / Referral
C04401,Programmatic
C04402,Google Search
C04403,Meta Ads
C04404,Organic / SEO
C04405,Google Search
C04406,Google Search
C04407,Email / Referral
C04408,Organic / SEO
C04409,Organic / SEO
C04410,Google Search
C04411,Meta Ads
C04412,Google Search
C04413,Google Search
C04414,Meta Ads
C04415,Meta Ads
C04416,Programmatic
C04417,Meta Ads
C04418,Google Search
C04419,Google Search
C04420,Organic / SEO
C04421,Google Search
C04422,Google Search
C04423,Meta Ads
C04424,Google Search
C04425,Organic / SEO
C04426,Meta Ads
C04427,Google Search
C04428,Email / Referral
C04429,Meta Ads
C04430,Organic / SEO
C04431,Google Search
C04432,Organic / SEO
C04433,Google Search
C04434,Meta Ads
C04435,Google Search
C04436,Programmatic
C04437,Google Search
C04438,Programmatic
C04439,Programmatic
C04440,Meta Ads
C04441,Meta Ads
C04442,Meta Ads
C04443,Programmatic
C04444,Organic / SEO
C04445,Meta Ads
C04446,Google Search
C04447,Email / Referral
C04448,Google Search
C04449,Google Search
C04450,Google Search
C04451,Meta Ads
C04452,Programmatic
C04453,Email / Referral
C04454,Google Search
C04455,Meta Ads
C04456,Email / Referral
C04457,Meta Ads
C04458,Google Search
C04459,Meta Ads
C04460,Organic / SEO
C04461,Programmatic
C04462,Organic / SEO
C04463,Google Search
C04464,Organic / SEO
C04465,Google Search
C04466,Programmatic
C04467,Meta Ads
C04468,Google Search
C04469,Meta Ads
C04470,Google Search
C04471,Google Search
C04472,Organic / SEO
C04473,Email / Referral
C04474,Email / Referral
C04475,Meta Ads
C04476,Google Search
C04477,Meta Ads
C04478,Meta Ads
C04479,Google Search
C04480,Programmatic
C04481,Programmatic
C04482,Google Search
C04483,Email / Referral
C04484,Organic / SEO
C04485,Google Search
C04486,Organic / SEO
C04487,Google Search
C04488,Google Search
C04489,Programmatic
C04490,Organic / SEO
C04491,Google Search
C04492,Meta Ads
C04493,Programmatic
C04494,Meta Ads
C04495,Programmatic
C04496,Programmatic
C04497,Meta Ads
C04498,Organic / SEO
C04499,Organic / SEO
C04500,Email / Referral
C04501,Meta Ads
C04502,Google Search
C04503,Google Search
C04504,Organic / SEO
C04505,Email / Referral
C04506,Email / Referral
C04507,Organic / SEO
C04508,Google Search
C04509,Google Search
C04510,Email / Referral
C04511,Meta Ads
C04512,Email / Referral
C04513,Google Search
C04514,Meta Ads
C04515,Programmatic
C04516,Google Search
C04517,Google Search
C04518,Organic / SEO
C04519,Organic / SEO
C04520,Programmatic
C04521,Programmatic
C04522,Organic / SEO
C04523,Google Search
C04524,Meta Ads
C04525,Programmatic
C04526,Meta Ads
C04527,Programmatic
C04528,Organic / SEO
C04529,Google Search
C04530,Meta Ads
C04531,Organic / SEO
C04532,Google Search
C04533,Meta Ads
C04534,Organic / SEO
C04535,Google Search
C04536,Meta Ads
C04537,Organic / SEO
C04538,Email / Referral
C04539,Meta Ads
C04540,Programmatic
C04541,Programmatic
C04542,Meta Ads
C04543,Google Search
C04544,Email / Referral
C04545,Google Search
C04546,Email / Referral
C04547,Organic / SEO
C04548,Meta Ads
C04549,Organic / SEO
C04550,Meta Ads
C04551,Programmatic
C04552,Google Search
C04553,Programmatic
C04554,Google Search
C04555,Email / Referral
C04556,Programmatic
C04557,Meta Ads
C04558,Google Search
C04559,Email / Referral
C04560,Email / Referral
C04561,Meta Ads
C04562,Meta Ads
C04563,Email / Referral
C04564,Google Search
C04565,Organic / SEO
C04566,Meta Ads
C04567,Google Search
C04568,Email / Referral
C04569,Meta Ads
C04570,Programmatic
C04571,Organic / SEO
C04572,Meta Ads
C04573,Meta Ads
C04574,Meta Ads
C04575,Email / Referral
C04576,Organic / SEO
C04577,Email / Referral
C04578,Meta Ads
C04579,Google Search
C04580,Google Search
C04581,Email / Referral
C04582,Meta Ads
C04583,Meta Ads
C04584,Meta Ads
C04585,Meta Ads
C04586,Organic / SEO
C04587,Organic / SEO
C04588,Programmatic
C04589,Google Search
C04590,Organic / SEO
C04591,Google Search
C04592,Email / Referral
C04593,Organic / SEO
C04594,Meta Ads
C04595,Email / Referral
C04596,Meta Ads
C04597,Google Search
C04598,Meta Ads
C04599,Google Search
C04600,Programmatic
C04601,Organic / SEO
C04602,Email / Referral
C04603,Programmatic
C04604,Email / Referral
C04605,Meta Ads
C04606,Google Search
C04607,Meta Ads
C04608,Programmatic
C04609,Programmatic
C04610,Email / Referral
C04611,Google Search
C04612,Google Search
C04613,Programmatic
C04614,Google Search
C04615,Organic / SEO
C04616,Meta Ads
C04617,Meta Ads
C04618,Organic / SEO
C04619,Programmatic
C04620,Email / Referral
C04621,Meta Ads
C04622,Meta Ads
C04623,Programmatic
C04624,Organic / SEO
C04625,Meta Ads
C04626,Organic / SEO
C04627,Google Search
C04628,Google Search
C04629,Programmatic
C04630,Organic / SEO
C04631,Google Search
C04632,Google Search
C04633,Programmatic
C04634,Organic / SEO
C04635,Organic / SEO
C04636,Google Search
C04637,Programmatic
C04638,Programmatic
C04639,Meta Ads
C04640,Meta Ads
C04641,Organic / SEO
C04642,Email / Referral
C04643,Email / Referral
C04644,Programmatic
C04645,Organic / SEO
C04646,Meta Ads
C04647,Meta Ads
C04648,Email / Referral
C04649,Google Search
C04650,Google Search
C04651,Organic / SEO
C04652,Meta Ads
C04653,Email / Referral
C04654,Google Search
C04655,Meta Ads
C04656,Google Search
C04657,Organic / SEO
C04658,
C04659,Meta Ads
C04660,Meta Ads
C04661,Google Search
C04662,Organic / SEO
C04663,Programmatic
C04664,Email / Referral
C04665,Google Search
C04666,Organic / SEO
C04667,Google Search
C04668,Google Search
C04669,Google Search
C04670,Google Search
C04671,Google Search
C04672,Email / Referral
C04673,Google Search
C04674,Email / Referral
C04675,Programmatic
C04676,Organic / SEO
C04677,Meta Ads
C04678,Email / Referral
C04679,Google Search
C04680,Meta Ads
C04681,Meta Ads
C04682,Email / Referral
C04683,Email / Referral
C04684,Email / Referral
C04685,Organic / SEO
C04686,Meta Ads
C04687,Email / Referral
C04688,Programmatic
C04689,Meta Ads
C04690,Programmatic
C04691,Programmatic
C04692,Meta Ads
C04693,Google Search
C04694,Google Search
C04695,Email / Referral
C04696,Google Search
C04697,Meta Ads
C04698,Organic / SEO
C04699,Programmatic
C04700,Email / Referral
C04701,Email / Referral
C04702,Meta Ads
C04703,Google Search
C04704,Organic / SEO
C04705,Google Search
C04706,Organic / SEO
C04707,Programmatic
C04708,Organic / SEO
C04709,Organic / SEO
C04710,Organic / SEO
C04711,Email / Referral
C04712,Meta Ads
C04713,Meta Ads
C04714,Google Search
C04715,Organic / SEO
C04716,Google Search
C04717,Meta Ads
C04718,Email / Referral
C04719,Google Search
C04720,Organic / SEO
C04721,Google Search
C04722,Google Search
C04723,Google Search
C04724,Google Search
C04725,Programmatic
C04726,Programmatic
C04727,Organic / SEO
C04728,Organic / SEO
C04729,Email / Referral
C04730,Programmatic
C04731,Meta Ads
C04732,Google Search
C04733,Organic / SEO
C04734,Programmatic
C04735,Google Search
C04736,Meta Ads
C04737,Meta Ads
C04738,Meta Ads
C04739,Organic / SEO
C04740,Meta Ads
C04741,Programmatic
C04742,Email / Referral
C04743,Google Search
C04744,Email / Referral
C04745,Email / Referral
C04746,Meta Ads
C04747,Meta Ads
C04748,Email / Referral
C04749,Meta Ads
C04750,Google Search
C04751,Meta Ads
C04752,Google Search
C04753,Organic / SEO
C04754,Google Search
C04755,Organic / SEO
C04756,Meta Ads
C04757,Email / Referral
C04758,Meta Ads
C04759,Programmatic
C04760,Programmatic
C04761,Google Search
C04762,Organic / SEO
C04763,Google Search
C04764,Email / Referral
C04765,Organic / SEO
C04766,Google Search
C04767,Google Search
C04768,Meta Ads
C04769,Email / Referral
C04770,Email / Referral
C04771,Google Search
C04772,Meta Ads
C04773,Meta Ads
C04774,Organic / SEO
C04775,Google Search
C04776,Meta Ads
C04777,Programmatic
C04778,Meta Ads
C04779,Organic / SEO
C04780,Meta Ads
C04781,Meta Ads
C04782,Organic / SEO
C04783,Google Search
C04784,Google Search
C04785,Programmatic
C04786,Programmatic
C04787,Organic / SEO
C04788,Google Search
C04789,Google Search
C04790,Google Search
C04791,Programmatic
C04792,Email / Referral
C04793,Meta Ads
C04794,Programmatic
C04795,Google Search
C04796,Organic / SEO
C04797,Google Search
C04798,Meta Ads
C04799,Programmatic
C04800,Programmatic
C04801,Google Search
C04802,Google Search
C04803,Organic / SEO
C04804,Google Search
C04805,Organic / SEO
C04806,Organic / SEO
C04807,Google Search
C04808,Google Search
C04809,Google Search
C04810,Programmatic
C04811,Meta Ads
C04812,Organic / SEO
C04813,Meta Ads
C04814,Organic / SEO
C04815,Google Search
C04816,Google Search
C04817,Organic / SEO
C04818,Organic / SEO
C04819,Google Search
C04820,Meta Ads
C04821,Programmatic
C04822,Google Search
C04823,Google Search
C04824,Meta Ads
C04825,Google Search
C04826,Organic / SEO
C04827,Organic / SEO
C04828,Meta Ads
C04829,
C04830,Meta Ads
C04831,Email / Referral
C04832,Google Search
C04833,Meta Ads
C04834,Organic / SEO
C04835,Meta Ads
C04836,Google Search
C04837,Meta Ads
C04838,Organic / SEO
C04839,Google Search
C04840,Organic / SEO
C04841,
C04842,Organic / SEO
C04843,Google Search
C04844,Email / Referral
C04845,Google Search
C04846,Programmatic
C04847,Organic / SEO
C04848,Google Search
C04849,Email / Referral
C04850,Meta Ads
C04851,Meta Ads
C04852,Meta Ads
C04853,Organic / SEO
C04854,Organic / SEO
C04855,Programmatic
C04856,Google Search
C04857,Organic / SEO
C04858,Organic / SEO
C04859,Organic / SEO
C04860,Meta Ads
C04861,Meta Ads
C04862,Email / Referral
C04863,Meta Ads
C04864,Google Search
C04865,Meta Ads
C04866,Google Search
C04867,Google Search
C04868,Google Search
C04869,Organic / SEO
C04870,Programmatic
C04871,Meta Ads
C04872,Google Search
C04873,Email / Referral
C04874,Google Search
C04875,Programmatic
C04876,Organic / SEO
C04877,Google Search
C04878,Meta Ads
C04879,Meta Ads
C04880,Email / Referral
C04881,Google Search
C04882,Programmatic
C04883,Email / Referral
C04884,Programmatic
C04885,Programmatic
C04886,Google Search
C04887,Meta Ads
C04888,Email / Referral
C04889,Meta Ads
C04890,Google Search
C04891,Google Search
C04892,Google Search
C04893,Programmatic
C04894,Meta Ads
C04895,
C04896,Programmatic
C04897,Google Search
C04898,Email / Referral
C04899,Google Search
C04900,Google Search
C04901,Google Search
C04902,Meta Ads
C04903,Meta Ads
C04904,Meta Ads
C04905,Google Search
C04906,Google Search
C04907,Organic / SEO
C04908,Google Search
C04909,Email / Referral
C04910,Programmatic
C04911,Organic / SEO
C04912,Organic / SEO
C04913,Organic / SEO
C04914,Organic / SEO
C04915,Programmatic
C04916,Programmatic
C04917,Meta Ads
C04918,Organic / SEO
C04919,Email / Referral
C04920,Google Search
C04921,Meta Ads
C04922,Organic / SEO
C04923,Organic / SEO
C04924,Meta Ads
C04925,Google Search
C04926,Google Search
C04927,Organic / SEO
C04928,Programmatic
C04929,Programmatic
C04930,Meta Ads
C04931,Google Search
C04932,Email / Referral
C04933,Organic / SEO
C04934,Meta Ads
C04935,Meta Ads
C04936,Google Search
C04937,Email / Referral
C04938,Organic / SEO
C04939,Meta Ads
C04940,Programmatic
C04941,Organic / SEO
C04942,Programmatic
C04943,Meta Ads
C04944,Meta Ads
C04945,Programmatic
C04946,Programmatic
C04947,Programmatic
C04948,Email / Referral
C04949,Meta Ads
C04950,Google Search
C04951,Meta Ads
C04952,Programmatic
C04953,Meta Ads
C04954,Email / Referral
C04955,Programmatic
C04956,Programmatic
C04957,Programmatic
C04958,Organic / SEO
C04959,Meta Ads
C04960,Programmatic
C04961,Google Search
C04962,Google Search
C04963,Programmatic
C04964,Organic / SEO
C04965,Meta Ads
C04966,Google Search
C04967,Meta Ads
C04968,Programmatic
C04969,Organic / SEO
C04970,Meta Ads
C04971,Organic / SEO
C04972,Programmatic
C04973,Programmatic
C04974,Meta Ads
C04975,Organic / SEO
C04976,Google Search
C04977,Meta Ads
C04978,Google Search
C04979,Meta Ads
C04980,Organic / SEO
C04981,Meta Ads
C04982,Google Search
C04983,Google Search
C04984,Google Search
C04985,Organic / SEO
C04986,Google Search
C04987,Google Search
C04988,Programmatic
C04989,Google Search
C04990,Programmatic
C04991,Organic / SEO
C04992,Organic / SEO
C04993,Organic / SEO
C04994,Google Search
C04995,Email / Referral
C04996,Email / Referral
C04997,Meta Ads
C04998,Email / Referral
C04999,Meta Ads
C05000,Programmatic
C05001,Email / Referral
C05002,Google Search
C05003,Programmatic
C05004,Programmatic
C05005,Organic / SEO
C05006,Google Search
C05007,Email / Referral
C05008,Organic / SEO
C05009,Meta Ads
C05010,Programmatic
C05011,Organic / SEO
C05012,Programmatic
C05013,Organic / SEO
C05014,Google Search
C05015,Programmatic
C05016,Organic / SEO
C05017,Meta Ads
C05018,Meta Ads
C05019,Google Search
C05020,Organic / SEO
C05021,Meta Ads
C05022,Programmatic
C05023,Programmatic
C05024,Email / Referral
C05025,Google Search
C05026,Organic / SEO
C05027,Google Search
C05028,Email / Referral
C05029,Meta Ads
C05030,Programmatic
C05031,Meta Ads
C05032,Google Search
C05033,Programmatic
C05034,Meta Ads
C05035,Programmatic
C05036,Programmatic
C05037,Meta Ads
C05038,Meta Ads
C05039,Organic / SEO
C05040,Email / Referral
C05041,Programmatic
C05042,Meta Ads
C05043,Organic / SEO
C05044,Google Search
C05045,Organic / SEO
C05046,Email / Referral
C05047,Programmatic
C05048,Meta Ads
C05049,Meta Ads
C05050,Google Search
C05051,Google Search
C05052,Meta Ads
C05053,Programmatic
C05054,Meta Ads
C05055,Meta Ads
C05056,Organic / SEO
C05057,Google Search
C05058,Google Search
C05059,Programmatic
C05060,Google Search
C05061,Meta Ads
C05062,Organic / SEO
C05063,Google Search
C05064,Google Search
C05065,Google Search
C05066,Meta Ads
C05067,Programmatic
C05068,Meta Ads
C05069,Meta Ads
C05070,Meta Ads
C05071,Programmatic
C05072,Google Search
C05073,Programmatic
C05074,Meta Ads
C05075,Programmatic
C05076,Meta Ads
C05077,Google Search
C05078,Meta Ads
C05079,Google Search
C05080,Email / Referral
C05081,Organic / SEO
C05082,Organic / SEO
C05083,Google Search
C05084,Organic / SEO
C05085,Meta Ads
C05086,Programmatic
C05087,Organic / SEO
C05088,Organic / SEO
C05089,Programmatic
C05090,Organic / SEO
C05091,Organic / SEO
C05092,Google Search
C05093,Organic / SEO
C05094,Meta Ads
C05095,Google Search
C05096,Email / Referral
C05097,Google Search
C05098,Organic / SEO
C05099,Google Search
C05100,Meta Ads
C05101,Programmatic
C05102,Google Search
C05103,Organic / SEO
C05104,Organic / SEO
C05105,Programmatic
C05106,Google Search
C05107,Email / Referral
C05108,Meta Ads
C05109,Meta Ads
C05110,Meta Ads
C05111,Meta Ads
C05112,Meta Ads
C05113,
C05114,Meta Ads
C05115,Organic / SEO
C05116,Meta Ads
C05117,Google Search
C05118,Meta Ads
C05119,Meta Ads
C05120,Organic / SEO
C05121,Programmatic
C05122,Organic / SEO
C05123,Organic / SEO
C05124,Google Search
C05125,Programmatic
C05126,Meta Ads
C05127,Meta Ads
C05128,Google Search
C05129,Google Search
C05130,Email / Referral
C05131,Google Search
C05132,Google Search
C05133,Google Search
C05134,Programmatic
C05135,Email / Referral
C05136,Programmatic
C05137,Programmatic
C05138,Programmatic
C05139,Meta Ads
C05140,Google Search
C05141,Meta Ads
C05142,Google Search
C05143,Organic / SEO
C05144,Google Search
C05145,Google Search
C05146,Organic / SEO
C05147,Google Search
C05148,Google Search
C05149,Google Search
C05150,Organic / SEO
C05151,Google Search
C05152,Google Search
C05153,Google Search
C05154,Email / Referral
C05155,Google Search
C05156,Google Search
C05157,Programmatic
C05158,Programmatic
C05159,Google Search
C05160,Google Search
C05161,Google Search
C05162,Organic / SEO
C05163,Google Search
C05164,Programmatic
C05165,Email / Referral
C05166,Organic / SEO
C05167,Google Search
C05168,Programmatic
C05169,Organic / SEO
C05170,Email / Referral
C05171,Google Search
C05172,Organic / SEO
C05173,Email / Referral
C05174,Programmatic
C05175,Organic / SEO
C05176,Meta Ads
C05177,Meta Ads
C05178,Organic / SEO
C05179,Programmatic
C05180,Organic / SEO
C05181,Google Search
C05182,Google Search
C05183,Organic / SEO
C05184,Programmatic
C05185,Google Search
C05186,Meta Ads
C05187,Programmatic
C05188,Meta Ads
C05189,Google Search
C05190,Meta Ads
C05191,Meta Ads
C05192,Google Search
C05193,Organic / SEO
C05194,Organic / SEO
C05195,Organic / SEO
C05196,Organic / SEO
C05197,Google Search
C05198,Google Search
C05199,Google Search
C05200,Google Search
C05201,Organic / SEO
C05202,Google Search
C05203,Organic / SEO
C05204,Google Search
C05205,Google Search
C05206,Google Search
C05207,Meta Ads
C05208,Organic / SEO
C05209,Email / Referral
C05210,Google Search
C05211,Organic / SEO
C05212,Email / Referral
C05213,Meta Ads
C05214,Google Search
C05215,Google Search
C05216,Google Search
C05217,Programmatic
C05218,Meta Ads
C05219,Meta Ads
C05220,Email / Referral
C05221,Meta Ads
C05222,Organic / SEO
C05223,Google Search
C05224,Meta Ads
C05225,
C05226,Google Search
C05227,Google Search
C05228,Organic / SEO
C05229,Organic / SEO
C05230,Organic / SEO
C05231,Google Search
C05232,Programmatic
C05233,Google Search
C05234,Email / Referral
C05235,Organic / SEO
C05236,Organic / SEO
C05237,Meta Ads
C05238,Email / Referral
C05239,Organic / SEO
C05240,Google Search
C05241,Email / Referral
C05242,Google Search
C05243,Meta Ads
C05244,Organic / SEO
C05245,Email / Referral
C05246,Meta Ads
C05247,Google Search
C05248,Meta Ads
C05249,Google Search
C05250,Meta Ads
C05251,Meta Ads
C05252,Email / Referral
C05253,Google Search
C05254,Google Search
C05255,Meta Ads
C05256,Google Search
C05257,Google Search
C05258,Meta Ads
C05259,Meta Ads
C05260,Google Search
C05261,Organic / SEO
C05262,Programmatic
C05263,Meta Ads
C05264,Google Search
C05265,Google Search
C05266,Google Search
C05267,Organic / SEO
C05268,Organic / SEO
C05269,Google Search
C05270,Google Search
C05271,Meta Ads
C05272,Meta Ads
C05273,Programmatic
C05274,Google Search
C05275,Google Search
C05276,Meta Ads
C05277,Google Search
C05278,Google Search
C05279,Meta Ads
C05280,Meta Ads
C05281,Google Search
C05282,Organic / SEO
C05283,Meta Ads
C05284,Google Search
C05285,Programmatic
C05286,Google Search
C05287,Programmatic
C05288,Programmatic
C05289,Meta Ads
C05290,Google Search
C05291,Email / Referral
C05292,Meta Ads
C05293,Google Search
C05294,Organic / SEO
C05295,Meta Ads
C05296,Programmatic
C05297,Organic / SEO
C05298,Programmatic
C05299,Organic / SEO
C05300,Organic / SEO
C05301,Meta Ads
C05302,Programmatic
C05303,
C05304,Email / Referral
C05305,Email / Referral
C05306,Organic / SEO
C05307,Google Search
C05308,Programmatic
C05309,Google Search
C05310,Google Search
C05311,Meta Ads
C05312,Organic / SEO
C05313,Organic / SEO
C05314,Google Search
C05315,Google Search
C05316,Google Search
C05317,Meta Ads
C05318,Google Search
C05319,Organic / SEO
C05320,Google Search
C05321,Meta Ads
C05322,Meta Ads
C05323,Meta Ads
C05324,Programmatic
C05325,Google Search
C05326,Meta Ads
C05327,Organic / SEO
C05328,Google Search
C05329,Email / Referral
C05330,Programmatic
C05331,Organic / SEO
C05332,Programmatic
C05333,Meta Ads
C05334,Meta Ads
C05335,Google Search
C05336,Google Search
C05337,Google Search
C05338,Meta Ads
C05339,Meta Ads
C05340,Google Search
C05341,Organic / SEO
C05342,Google Search
C05343,Meta Ads
C05344,Google Search
C05345,Organic / SEO
C05346,Meta Ads
C05347,Organic / SEO
C05348,Google Search
C05349,Meta Ads
C05350,Programmatic
C05351,Google Search
C05352,
C05353,Google Search
C05354,Google Search
C05355,Meta Ads
C05356,Google Search
C05357,Meta Ads
C05358,Programmatic
C05359,Google Search
C05360,Google Search
C05361,Email / Referral
C05362,Meta Ads
C05363,Programmatic
C05364,Meta Ads
C05365,Organic / SEO
C05366,Programmatic
C05367,Google Search
C05368,Email / Referral
C05369,Organic / SEO
C05370,Email / Referral
C05371,Google Search
C05372,Meta Ads
C05373,Google Search
C05374,Programmatic
C05375,Google Search
C05376,Google Search
C05377,Programmatic
C05378,Meta Ads
C05379,Organic / SEO
C05380,Google Search
C05381,Organic / SEO
C05382,Google Search
C05383,Meta Ads
C05384,Meta Ads
C05385,Meta Ads
C05386,Google Search
C05387,Google Search
C05388,Organic / SEO
C05389,Google Search
C05390,Google Search
C05391,Meta Ads
C05392,Meta Ads
C05393,Organic / SEO
C05394,Meta Ads
C05395,Programmatic
C05396,Organic / SEO
C05397,Email / Referral
C05398,Organic / SEO
C05399,Google Search
C05400,Programmatic
C05401,Email / Referral
C05402,Organic / SEO
C05403,Google Search
C05404,Google Search
C05405,Organic / SEO
C05406,Meta Ads
C05407,Organic / SEO
C05408,Meta Ads
C05409,Meta Ads
C05410,Google Search
C05411,Google Search
C05412,Google Search
C05413,Email / Referral
C05414,Organic / SEO
C05415,Programmatic
C05416,Organic / SEO
C05417,Email / Referral
C05418,Meta Ads
C05419,Email / Referral
C05420,Programmatic
C05421,Organic / SEO
C05422,Google Search
C05423,Organic / SEO
C05424,Google Search
C05425,Google Search
C05426,Organic / SEO
C05427,Email / Referral
C05428,Google Search
C05429,Google Search
C05430,Programmatic
C05431,Google Search
C05432,Google Search
C05433,Organic / SEO
C05434,Email / Referral
C05435,Meta Ads
C05436,Meta Ads
C05437,Meta Ads
C05438,Google Search
C05439,Email / Referral
C05440,Email / Referral
C05441,Meta Ads
C05442,Google Search
C05443,Google Search
C05444,Google Search
C05445,Google Search
C05446,Google Search
C05447,Email / Referral
C05448,Google Search
C05449,Organic / SEO
C05450,Meta Ads
C05451,Email / Referral
C05452,Programmatic
C05453,Meta Ads
C05454,Google Search
C05455,Organic / SEO
C05456,Google Search
C05457,Google Search
C05458,Google Search
C05459,Programmatic
C05460,
C05461,Meta Ads
C05462,Meta Ads
C05463,Organic / SEO
C05464,Google Search
C05465,Programmatic
C05466,Organic / SEO
C05467,Meta Ads
C05468,Meta Ads
C05469,Email / Referral
C05470,Email / Referral
C05471,
C05472,Meta Ads
C05473,Google Search
C05474,Google Search
C05475,Google Search
C05476,Google Search
C05477,Google Search
C05478,Programmatic
C05479,Email / Referral
C05480,Email / Referral
C05481,Organic / SEO
C05482,Organic / SEO
C05483,Google Search
C05484,Organic / SEO
C05485,Google Search
C05486,Meta Ads
C05487,Programmatic
C05488,Programmatic
C05489,Google Search
C05490,Organic / SEO
C05491,Google Search
C05492,Google Search
C05493,Google Search
C05494,Google Search
C05495,Organic / SEO
C05496,Meta Ads
C05497,Google Search
C05498,Programmatic
C05499,Meta Ads
C05500,Meta Ads
C05501,Meta Ads
C05502,Meta Ads
C05503,Meta Ads
C05504,Organic / SEO
C05505,Programmatic
C05506,Meta Ads
C05507,Meta Ads
C05508,Google Search
C05509,Programmatic
C05510,Meta Ads
C05511,Google Search
C05512,Programmatic
C05513,Organic / SEO
C05514,Google Search
C05515,Google Search
C05516,Meta Ads
C05517,Programmatic
C05518,Meta Ads
C05519,Google Search
C05520,Organic / SEO
C05521,Meta Ads
C05522,Google Search
C05523,Programmatic
C05524,Google Search
C05525,Programmatic
C05526,Email / Referral
C05527,Google Search
C05528,Organic / SEO
C05529,Email / Referral
C05530,Organic / SEO
C05531,Organic / SEO
C05532,Google Search
C05533,Google Search
C05534,Organic / SEO
C05535,Google Search
C05536,Google Search
C05537,Meta Ads
C05538,Google Search
C05539,Email / Referral
C05540,Email / Referral
C05541,Email / Referral
C05542,Google Search
C05543,Meta Ads
C05544,Email / Referral
C05545,Meta Ads
C05546,
C05547,Organic / SEO
C05548,Meta Ads
C05549,Google Search
C05550,Organic / SEO
C05551,Google Search
C05552,Programmatic
C05553,Organic / SEO
C05554,Google Search
C05555,Organic / SEO
C05556,Meta Ads
C05557,Google Search
C05558,Programmatic
C05559,Organic / SEO
C05560,Organic / SEO
C05561,Email / Referral
C05562,Meta Ads
C05563,Meta Ads
C05564,Google Search
C05565,Google Search
C05566,Meta Ads
C05567,Meta Ads
C05568,Organic / SEO
C05569,Meta Ads
C05570,Organic / SEO
C05571,Email / Referral
C05572,Programmatic
C05573,Meta Ads
C05574,Programmatic
C05575,Email / Referral
C05576,Google Search
C05577,Meta Ads
C05578,Google Search
C05579,Organic / SEO
C05580,Organic / SEO
C05581,Meta Ads
C05582,Email / Referral
C05583,Meta Ads
C05584,Meta Ads
C05585,Programmatic
C05586,Programmatic
C05587,Email / Referral
C05588,Google Search
C05589,Google Search
C05590,Google Search
C05591,Meta Ads
C05592,Google Search
C05593,Programmatic
C05594,Organic / SEO
C05595,Meta Ads
C05596,Google Search
C05597,Meta Ads
C05598,Meta Ads
C05599,Organic / SEO
C05600,Google Search
C05601,Email / Referral
C05602,Google Search
C05603,Google Search
C05604,Programmatic
C05605,Google Search
C05606,Google Search
C05607,Organic / SEO
C05608,Meta Ads
C05609,Google Search
C05610,Google Search
C05611,Google Search
C05612,Meta Ads
C05613,Google Search
C05614,Email / Referral
C05615,Programmatic
C05616,Google Search
C05617,Meta Ads
C05618,Google Search
C05619,Google Search
C05620,Google Search
C05621,Email / Referral
C05622,Meta Ads
C05623,Meta Ads
C05624,Organic / SEO
C05625,Email / Referral
C05626,
C05627,Google Search
C05628,Programmatic
C05629,Meta Ads
C05630,Organic / SEO
C05631,Organic / SEO
C05632,Meta Ads
C05633,Google Search
C05634,Google Search
C05635,Meta Ads
C05636,Meta Ads
C05637,Email / Referral
C05638,Organic / SEO
C05639,Programmatic
C05640,Programmatic
C05641,Organic / SEO
C05642,Google Search
C05643,Meta Ads
C05644,Organic / SEO
C05645,Organic / SEO
C05646,Google Search
C05647,Organic / SEO
C05648,Meta Ads
C05649,Meta Ads
C05650,Email / Referral
C05651,Meta Ads
C05652,Meta Ads
C05653,Organic / SEO
C05654,Organic / SEO
C05655,Google Search
C05656,Organic / SEO
C05657,Meta Ads
C05658,Organic / SEO
C05659,Google Search
C05660,Programmatic
C05661,Email / Referral
C05662,Meta Ads
C05663,Meta Ads
C05664,Meta Ads
C05665,Organic / SEO
C05666,Organic / SEO
C05667,Organic / SEO
C05668,Programmatic
C05669,Meta Ads
C05670,Organic / SEO
C05671,Meta Ads
C05672,Organic / SEO
C05673,Meta Ads
C05674,Email / Referral
C05675,Google Search
C05676,Google Search
C05677,Google Search
C05678,Programmatic
C05679,Meta Ads
C05680,Meta Ads
C05681,Meta Ads
C05682,Meta Ads
C05683,Programmatic
C05684,Programmatic
C05685,Email / Referral
C05686,Email / Referral
C05687,Google Search
C05688,Google Search
C05689,Organic / SEO
C05690,Organic / SEO
C05691,Google Search
C05692,Organic / SEO
C05693,Google Search
C05694,Google Search
C05695,Meta Ads
C05696,Email / Referral
C05697,Organic / SEO
C05698,Meta Ads
C05699,Email / Referral
C05700,Email / Referral
C05701,Meta Ads
C05702,Email / Referral
C05703,Google Search
C05704,Meta Ads
C05705,Google Search
C05706,Meta Ads
C05707,Meta Ads
C05708,Google Search
C05709,Meta Ads
C05710,Organic / SEO
C05711,Organic / SEO
C05712,Google Search
C05713,Google Search
C05714,Meta Ads
C05715,Email / Referral
C05716,Programmatic
C05717,Meta Ads
C05718,Organic / SEO
C05719,Organic / SEO
C05720,Programmatic
C05721,Google Search
C05722,Meta Ads
C05723,Organic / SEO
C05724,Meta Ads
C05725,Google Search
C05726,Google Search
C05727,Meta Ads
C05728,Organic / SEO
C05729,Organic / SEO
C05730,Google Search
C05731,Programmatic
C05732,Meta Ads
C05733,Programmatic
C05734,Google Search
C05735,Email / Referral
C05736,Programmatic
C05737,Email / Referral
C05738,Email / Referral
C05739,Meta Ads
C05740,Organic / SEO
C05741,Organic / SEO
C05742,Meta Ads
C05743,Programmatic
C05744,Google Search
C05745,Meta Ads
C05746,Programmatic
C05747,Google Search
C05748,Google Search
C05749,Meta Ads
C05750,Email / Referral
C05751,Programmatic
C05752,Google Search
C05753,Organic / SEO
C05754,Organic / SEO
C05755,Organic / SEO
C05756,Organic / SEO
C05757,
C05758,Meta Ads
C05759,Google Search
C05760,Organic / SEO
C05761,Meta Ads
C05762,Meta Ads
C05763,Google Search
C05764,Google Search
C05765,Programmatic
C05766,Google Search
C05767,Organic / SEO
C05768,Email / Referral
C05769,Google Search
C05770,Google Search
C05771,Meta Ads
C05772,Meta Ads
C05773,Meta Ads
C05774,Organic / SEO
C05775,Google Search
C05776,Google Search
C05777,Google Search
C05778,Meta Ads
C05779,Meta Ads
C05780,Programmatic
C05781,Google Search
C05782,Meta Ads
C05783,Organic / SEO
C05784,Organic / SEO
C05785,Organic / SEO
C05786,Google Search
C05787,Organic / SEO
C05788,Meta Ads
C05789,Email / Referral
C05790,Google Search
C05791,Organic / SEO
C05792,Organic / SEO
C05793,Organic / SEO
C05794,Google Search
C05795,Organic / SEO
C05796,Organic / SEO
C05797,Meta Ads
C05798,Meta Ads
C05799,Google Search
C05800,Google Search
C05801,Email / Referral
C05802,Meta Ads
C05803,Organic / SEO
C05804,Organic / SEO
C05805,Organic / SEO
C05806,Organic / SEO
C05807,Organic / SEO
C05808,Meta Ads
C05809,Google Search
C05810,Email / Referral
C05811,Programmatic
C05812,Meta Ads
C05813,Programmatic
C05814,Programmatic
C05815,Meta Ads
C05816,Organic / SEO
C05817,Organic / SEO
C05818,Google Search
C05819,Google Search
C05820,Meta Ads
C05821,Email / Referral
C05822,Meta Ads
C05823,Email / Referral
C05824,Organic / SEO
C05825,Organic / SEO
C05826,Google Search
C05827,Meta Ads
C05828,Google Search
C05829,Google Search
C05830,Google Search
C05831,Google Search
C05832,Google Search
C05833,Organic / SEO
C05834,Meta Ads
C05835,Google Search
C05836,Programmatic
C05837,Meta Ads
C05838,Programmatic
C05839,Organic / SEO
C05840,Google Search
C05841,Programmatic
C05842,Programmatic
C05843,Organic / SEO
C05844,Meta Ads
C05845,Meta Ads
C05846,Meta Ads
C05847,Email / Referral
C05848,Meta Ads
C05849,Google Search
C05850,Google Search
C05851,Google Search
C05852,Google Search
C05853,Meta Ads
C05854,Programmatic
C05855,Google Search
C05856,Meta Ads
C05857,Google Search
C05858,Meta Ads
C05859,Organic / SEO
C05860,Meta Ads
C05861,Programmatic
C05862,Programmatic
C05863,Email / Referral
C05864,Email / Referral
C05865,Meta Ads
C05866,Organic / SEO
C05867,Meta Ads
C05868,Email / Referral
C05869,Google Search
C05870,Google Search
C05871,Google Search
C05872,Organic / SEO
C05873,Organic / SEO
C05874,Google Search
C05875,Meta Ads
C05876,Meta Ads
C05877,Email / Referral
C05878,Google Search
C05879,Google Search
C05880,Organic / SEO
C05881,Organic / SEO
C05882,Email / Referral
C05883,Organic / SEO
C05884,Programmatic
C05885,Meta Ads
C05886,Meta Ads
C05887,Programmatic
C05888,Google Search
C05889,Email / Referral
C05890,Google Search
C05891,Meta Ads
C05892,Google Search
C05893,Organic / SEO
C05894,Email / Referral
C05895,Google Search
C05896,Google Search
C05897,Meta Ads
C05898,Google Search
C05899,Meta Ads
C05900,Programmatic
C05901,Google Search
C05902,Meta Ads
C05903,Meta Ads
C05904,Google Search
C05905,Google Search
C05906,Organic / SEO
C05907,Organic / SEO
C05908,Email / Referral
C05909,Meta Ads
C05910,Organic / SEO
C05911,Programmatic
C05912,Programmatic
C05913,Programmatic
C05914,Google Search
C05915,Programmatic
C05916,Email / Referral
C05917,Email / Referral
C05918,Organic / SEO
C05919,Programmatic
C05920,Meta Ads
C05921,Organic / SEO
C05922,Organic / SEO
C05923,Organic / SEO
C05924,Email / Referral
C05925,Google Search
C05926,Meta Ads
C05927,Meta Ads
C05928,Organic / SEO
C05929,Organic / SEO
C05930,Email / Referral
C05931,Email / Referral
C05932,Organic / SEO
C05933,Google Search
C05934,Organic / SEO
C05935,Programmatic
C05936,Organic / SEO
C05937,Programmatic
C05938,Programmatic
C05939,Meta Ads
C05940,Organic / SEO
C05941,Meta Ads
C05942,Meta Ads
C05943,Google Search
C05944,Google Search
C05945,Google Search
C05946,Organic / SEO
C05947,Google Search
C05948,Meta Ads
C05949,Meta Ads
C05950,Meta Ads
C05951,Programmatic
C05952,Meta Ads
C05953,Google Search
C05954,Programmatic
C05955,Email / Referral
C05956,Organic / SEO
C05957,Email / Referral
C05958,Google Search
C05959,Email / Referral
C05960,Google Search
C05961,Meta Ads
C05962,Google Search
C05963,Email / Referral
C05964,Google Search
C05965,Google Search
C05966,Google Search
C05967,Organic / SEO
C05968,Google Search
C05969,Meta Ads
C05970,Meta Ads
C05971,Email / Referral
C05972,Google Search
C05973,Programmatic
C05974,Meta Ads
C05975,Google Search
C05976,Google Search
C05977,Google Search
C05978,Meta Ads
C05979,Google Search
C05980,Programmatic
C05981,Meta Ads
C05982,Google Search
C05983,Meta Ads
C05984,Google Search
C05985,Google Search
C05986,Meta Ads
C05987,Google Search
C05988,Google Search
C05989,Programmatic
C05990,Organic / SEO
C05991,Programmatic
C05992,Google Search
C05993,Programmatic
C05994,Meta Ads
C05995,Google Search
C05996,Email / Referral
C05997,Google Search
C05998,Meta Ads
C05999,Email / Referral
C06000,Organic / SEO
