order_id,customer_id,order_date,order_value,items,status
ORD-000001,C01158,2024-01-01,33.33,1,completed
ORD-000002,C01837,2024-01-01,94.89,2,completed
ORD-000003,C02880,2024-01-01,39.93,1,completed
ORD-000004,C03151,2024-01-01,68.05,1,completed
ORD-000004,C03151,2024-01-01,68.05,1,completed
ORD-000005,C03503,2024-01-01,104.78,5,completed
ORD-000006,C04642,2024-01-01,47.31,1,completed
ORD-000007,C05482,2024-01-01,65.29,3,completed
ORD-000008,C00741,2024-01-02,77.76,5,completed
ORD-000009,C00744,2024-01-02,30.1,2,completed
ORD-000010,C01221,2024-01-02,61.58,2,completed
ORD-000011,C03453,2024-01-02,42.72,1,completed
ORD-000012,C03877,2024-01-02,40.31,2,completed
ORD-000013,C04553,2024-01-02,59.16,4,completed
ORD-000014,C05540,2024-01-02,49.83,3,completed
ORD-000015,C00998,2024-01-03,68.15,3,completed
ORD-000016,C02731,2024-01-03,57.51,3,completed
ORD-000017,C03492,2024-01-03,33.43,2,completed
ORD-000018,C04419,2024-01-03,104.89,6,completed
ORD-000019,C02585,2024-01-04,135.42,4,completed
ORD-000020,C03207,2024-01-04,78.19,4,completed
ORD-000021,C04315,2024-01-04,86.21,4,completed
ORD-000022,C05156,2024-01-04,46.81,2,completed
ORD-000023,C05183,2024-01-04,69.49,4,refunded
ORD-000024,C00647,2024-01-05,122.66,8,completed
ORD-000025,C00775,2024-01-05,69.19,4,completed
ORD-000026,C00811,2024-01-05,59.08,3,completed
ORD-000027,C01314,2024-01-05,83.83,4,completed
ORD-000028,C01617,2024-01-05,44.1,1,completed
ORD-000029,C02299,2024-01-05,67.62,2,completed
ORD-000030,C03179,2024-01-05,58.72,6,completed
ORD-000031,C03606,2024-01-05,40.63,4,completed
ORD-000032,C04773,2024-01-05,69.28,1,completed
ORD-000033,C05178,2024-01-05,71.5,4,completed
ORD-000034,C05228,2024-01-05,47.36,5,completed
ORD-000035,C00423,2024-01-06,42.16,5,completed
ORD-000036,C01323,2024-01-06,64.81,2,completed
ORD-000037,C03038,2024-01-06,61.33,5,completed
ORD-000038,C05451,2024-01-06,88.35,3,completed
ORD-000039,C03463,2024-01-07,73.59,2,completed
ORD-000040,C04156,2024-01-07,60.92,4,completed
ORD-000041,C04775,2024-01-07,75.78,3,completed
ORD-000042,C04991,2024-01-07,60.31,4,completed
ORD-000043,C05424,2024-01-07,67.01,3,completed
ORD-000044,C00052,2024-01-08,60.27,5,completed
ORD-000045,C00595,2024-01-08,51.26,4,completed
ORD-000046,C01101,2024-01-08,75.62,3,completed
ORD-000047,C02922,2024-01-08,63.56,3,completed
ORD-000048,C03439,2024-01-08,60.96,5,completed
ORD-000049,C04281,2024-01-08,133.1,7,completed
ORD-000050,C05031,2024-01-08,57.83,3,completed
ORD-000051,C02384,2024-01-09,31.49,4,completed
ORD-000052,C00766,2024-01-10,47.21,2,completed
ORD-000053,C04966,2024-01-10,73.7,7,completed
ORD-000054,C05594,2024-01-10,66.03,5,completed
ORD-000055,C05922,2024-01-10,55.24,3,completed
ORD-000056,C00535,2024-01-11,44.78,3,completed
ORD-000057,C03377,2024-01-11,18.41,2,completed
ORD-000058,C04838,2024-01-11,29.14,6,completed
ORD-000059,C05625,2024-01-11,55.67,3,completed
ORD-000060,C01911,2024-01-12,45.11,2,completed
ORD-000061,C02394,2024-01-12,40.53,3,completed
ORD-000062,C02940,2024-01-12,106.06,3,completed
ORD-000063,C02958,2024-01-12,50.11,3,completed
ORD-000064,C00395,2024-01-13,135.67,3,completed
ORD-000065,C00841,2024-01-13,60.88,3,completed
ORD-000066,C01952,2024-01-13,28.01,2,completed
ORD-000067,C02539,2024-01-13,71.13,6,refunded
ORD-000068,C02719,2024-01-13,46.23,2,completed
ORD-000069,C03321,2024-01-13,71.58,3,completed
ORD-000070,C04305,2024-01-13,37.81,2,cancelled
ORD-000071,C05305,2024-01-13,82.17,5,completed
ORD-000072,C02023,2024-01-14,50.85,2,completed
ORD-000073,C03218,2024-01-14,37.2,3,completed
ORD-000074,C00205,2024-01-15,79.53,5,completed
ORD-000075,C00519,2024-01-15,108.04,7,completed
ORD-000076,C02115,2024-01-15,44.52,1,completed
ORD-000077,C03996,2024-01-15,51.98,4,completed
ORD-000078,C04222,2024-01-15,100.93,4,completed
ORD-000079,C04418,2024-01-15,78.74,4,completed
ORD-000080,C05961,2024-01-15,64.63,5,completed
ORD-000081,C01568,2024-01-16,59.44,3,completed
ORD-000082,C02571,2024-01-16,96.59,9,completed
ORD-000083,C03801,2024-01-16,42.3,4,completed
ORD-000084,C05662,2024-01-16,42.01,2,completed
ORD-000085,C05686,2024-01-16,51.92,3,completed
ORD-000086,C00812,2024-01-17,72.81,2,completed
ORD-000087,C02052,2024-01-17,45.34,2,completed
ORD-000088,C02534,2024-01-17,47.8,4,completed
ORD-000089,C03071,2024-01-17,54.75,6,completed
ORD-000090,C03532,2024-01-17,49.21,1,completed
ORD-000091,C04792,2024-01-17,46.62,3,completed
ORD-000092,C04816,2024-01-17,60.51,4,completed
ORD-000093,C00683,2024-01-18,68.85,8,completed
ORD-000094,C00239,2024-01-19,84.32,4,completed
ORD-000095,C00826,2024-01-19,34.64,2,completed
ORD-000096,C01929,2024-01-19,92.86,6,completed
ORD-000097,C01949,2024-01-19,65.06,5,completed
ORD-000098,C04337,2024-01-19,52.59,2,completed
ORD-000099,C05572,2024-01-19,58.65,3,completed
ORD-000100,C00797,2024-01-20,68.41,7,completed
ORD-000101,C01045,2024-01-20,65.9,5,cancelled
ORD-000102,C04167,2024-01-20,67.13,2,completed
ORD-000103,C04403,2024-01-20,63.08,3,completed
ORD-000104,C04501,2024-01-20,28.44,2,completed
ORD-000105,C05206,2024-01-20,28.53,2,completed
ORD-000106,C02873,2024-01-21,57.52,2,completed
ORD-000107,C03459,2024-01-21,37.16,4,completed
ORD-000108,C03805,2024-01-21,42.68,1,completed
ORD-000109,C03879,2024-01-21,50.3,5,completed
ORD-000110,C04136,2024-01-21,64.88,3,completed
ORD-000111,C04248,2024-01-21,79.87,3,completed
ORD-000112,C04450,2024-01-21,37.91,4,completed
ORD-000113,C00150,2024-01-22,41.62,1,completed
ORD-000114,C00270,2024-01-22,43.89,2,cancelled
ORD-000115,C01894,2024-01-22,58.34,2,completed
ORD-000116,C01902,2024-01-22,141.67,7,completed
ORD-000117,C00085,2024-01-23,32.88,3,completed
ORD-000118,C02031,2024-01-23,69.03,5,completed
ORD-000119,C02038,2024-01-23,24.06,3,completed
ORD-000120,C05187,2024-01-23,38.03,5,completed
ORD-000121,C00136,2024-01-24,28.23,2,completed
ORD-000122,C00872,2024-01-24,128.3,7,completed
ORD-000123,C01069,2024-01-24,66.67,1,completed
ORD-000124,C02350,2024-01-24,58.66,4,completed
ORD-000125,C03793,2024-01-24,40.01,3,completed
ORD-000126,C04337,2024-01-24,46.67,3,cancelled
ORD-000127,C04859,2024-01-24,94.34,3,completed
ORD-000128,C05103,2024-01-24,42.05,6,completed
ORD-000129,C05499,2024-01-24,47.71,3,completed
ORD-000130,C05853,2024-01-24,60.61,4,completed
ORD-000131,C01356,2024-01-25,68.9,2,completed
ORD-000132,C01721,2024-01-25,75.13,4,completed
ORD-000133,C02887,2024-01-25,63.96,3,completed
ORD-000134,C04559,2024-01-25,53.02,2,completed
ORD-000135,C00227,2024-01-26,65.32,5,completed
ORD-000136,C00590,2024-01-26,70.38,4,completed
ORD-000137,C02130,2024-01-26,39.78,3,completed
ORD-000138,C02557,2024-01-26,104.5,5,completed
ORD-000139,C03308,2024-01-26,39.47,6,completed
ORD-000140,C03699,2024-01-26,61.42,2,completed
ORD-000141,C04338,2024-01-26,33.86,2,completed
ORD-000142,C05030,2024-01-26,85.52,3,completed
ORD-000143,C05183,2024-01-26,124.95,8,completed
ORD-000144,C01205,2024-01-27,51.72,4,completed
ORD-000145,C01318,2024-01-27,76.44,3,completed
ORD-000146,C02581,2024-01-27,34.8,2,completed
ORD-000147,C03300,2024-01-27,37.52,1,completed
ORD-000148,C03333,2024-01-27,66.22,4,completed
ORD-000149,C04380,2024-01-27,103.76,2,completed
ORD-000150,C05481,2024-01-27,38.96,1,completed
ORD-000151,C01743,2024-01-28,65.97,5,completed
ORD-000152,C03192,2024-01-28,66.17,2,completed
ORD-000153,C04966,2024-01-28,60.44,3,completed
ORD-000154,C05895,2024-01-28,84.67,4,completed
ORD-000155,C05902,2024-01-28,50.57,2,completed
ORD-000156,C02815,2024-01-29,43.46,2,completed
ORD-000157,C03394,2024-01-29,50.29,4,completed
ORD-000158,C03862,2024-01-29,45.36,3,completed
ORD-000159,C00415,2024-01-30,102.4,5,completed
ORD-000160,C00650,2024-01-30,51.5,3,completed
ORD-000161,C04075,2024-01-30,65.95,4,completed
ORD-000162,C04542,2024-01-30,69.25,2,completed
ORD-000163,C00795,2024-01-31,85.01,9,cancelled
ORD-000164,C00972,2024-01-31,38.45,3,completed
ORD-000165,C03642,2024-01-31,102.88,10,completed
ORD-000166,C04257,2024-01-31,64.75,2,completed
ORD-000167,C04430,2024-01-31,113.55,4,completed
ORD-000168,C05373,2024-01-31,65.33,3,completed
ORD-000169,C05862,2024-01-31,94.13,5,completed
ORD-000170,C00069,2024-02-01,58.69,3,completed
ORD-000171,C00768,2024-02-01,48.28,2,completed
ORD-000172,C01729,2024-02-01,59.82,1,completed
ORD-000173,C02080,2024-02-01,103.73,2,completed
ORD-000174,C02560,2024-02-01,53.89,2,completed
ORD-000175,C02605,2024-02-01,59.6,5,completed
ORD-000176,C03824,2024-02-01,42.18,2,completed
ORD-000177,C04147,2024-02-01,52.96,9,completed
ORD-000178,C04969,2024-02-01,96.65,3,completed
ORD-000179,C05417,2024-02-01,61.21,4,completed
ORD-000180,C01841,2024-02-02,43.6,2,completed
ORD-000181,C02018,2024-02-02,65.61,2,completed
ORD-000182,C02038,2024-02-02,33.32,2,completed
ORD-000183,C02321,2024-02-02,101.71,7,completed
ORD-000184,C02698,2024-02-02,77.45,2,completed
ORD-000185,C02122,2024-02-03,48.14,4,completed
ORD-000186,C02750,2024-02-03,46.13,2,completed
ORD-000187,C03282,2024-02-03,47.81,2,completed
ORD-000188,C03351,2024-02-03,48.13,2,completed
ORD-000189,C04143,2024-02-03,31.28,2,completed
ORD-000190,C04232,2024-02-03,80.27,1,completed
ORD-000191,C02152,2024-02-04,41.02,3,completed
ORD-000192,C02501,2024-02-04,119.69,3,completed
ORD-000193,C02919,2024-02-04,39.43,4,completed
ORD-000194,C04281,2024-02-04,106.58,9,completed
ORD-000195,C01161,2024-02-05,58.8,1,completed
ORD-000196,C01433,2024-02-05,60.57,3,completed
ORD-000197,C01660,2024-02-05,35.0,5,completed
ORD-000198,C01929,2024-02-05,87.13,4,completed
ORD-000199,C03454,2024-02-05,33.96,4,completed
ORD-000200,C04673,2024-02-05,37.32,3,completed
ORD-000201,C00422,2024-02-06,55.18,2,completed
ORD-000202,C00485,2024-02-06,42.19,2,completed
ORD-000203,C00723,2024-02-06,59.15,4,completed
ORD-000204,C01382,2024-02-06,75.13,4,completed
ORD-000205,C02276,2024-02-06,66.84,1,completed
ORD-000206,C02870,2024-02-06,18.33,3,completed
ORD-000207,C03372,2024-02-06,42.74,1,completed
ORD-000208,C03934,2024-02-06,30.71,2,completed
ORD-000209,C04746,2024-02-06,35.08,2,completed
ORD-000210,C00164,2024-02-07,72.9,3,completed
ORD-000211,C00633,2024-02-07,43.94,2,completed
ORD-000212,C03255,2024-02-07,97.11,7,completed
ORD-000213,C04568,2024-02-07,40.75,3,completed
ORD-000214,C05751,2024-02-07,37.49,2,completed
ORD-000215,C05776,2024-02-07,74.07,5,completed
ORD-000216,C05945,2024-02-07,61.39,3,completed
ORD-000217,C01315,2024-02-08,69.02,5,completed
ORD-000218,C01620,2024-02-08,48.38,4,completed
ORD-000219,C02229,2024-02-08,93.42,6,completed
ORD-000220,C03353,2024-02-08,34.96,2,completed
ORD-000221,C05218,2024-02-08,55.04,2,completed
ORD-000222,C02097,2024-02-09,43.15,3,completed
ORD-000223,C02118,2024-02-09,148.17,3,completed
ORD-000224,C02296,2024-02-09,40.15,4,cancelled
ORD-000225,C03691,2024-02-09,51.07,2,completed
ORD-000226,C03886,2024-02-09,63.43,4,completed
ORD-000227,C04644,2024-02-09,45.7,4,completed
ORD-000228,C00435,2024-02-10,50.44,3,completed
ORD-000229,C01019,2024-02-10,105.09,7,completed
ORD-000230,C01364,2024-02-10,86.26,1,completed
ORD-000231,C01386,2024-02-10,43.34,4,completed
ORD-000232,C02814,2024-02-10,86.73,5,completed
ORD-000233,C03176,2024-02-10,23.94,2,completed
ORD-000234,C03443,2024-02-10,39.74,1,completed
ORD-000235,C03838,2024-02-10,50.48,4,completed
ORD-000236,C04474,2024-02-10,52.31,2,completed
ORD-000237,C05138,2024-02-10,38.97,3,completed
ORD-000238,C05317,2024-02-10,32.71,2,completed
ORD-000239,C05400,2024-02-10,58.62,3,completed
ORD-000240,C00125,2024-02-11,83.66,2,completed
ORD-000241,C00620,2024-02-11,67.57,4,completed
ORD-000242,C00726,2024-02-11,85.26,4,completed
ORD-000243,C02567,2024-02-11,59.12,4,completed
ORD-000244,C04441,2024-02-11,66.89,5,completed
ORD-000245,C05324,2024-02-11,43.83,1,completed
ORD-000246,C00451,2024-02-12,70.76,4,completed
ORD-000247,C01940,2024-02-12,45.28,2,completed
ORD-000248,C02046,2024-02-12,58.71,3,completed
ORD-000249,C02160,2024-02-12,88.86,7,completed
ORD-000250,C04276,2024-02-12,63.3,2,completed
ORD-000251,C05126,2024-02-12,30.46,2,completed
ORD-000252,C05342,2024-02-12,108.32,8,completed
ORD-000253,C05886,2024-02-12,66.97,4,cancelled
ORD-000254,C05987,2024-02-12,48.08,6,completed
ORD-000255,C00028,2024-02-13,61.35,6,completed
ORD-000256,C00281,2024-02-13,33.22,2,completed
ORD-000257,C02298,2024-02-13,59.88,2,completed
ORD-000258,C03134,2024-02-13,61.08,7,completed
ORD-000259,C03260,2024-02-13,26.87,2,completed
ORD-000260,C04014,2024-02-13,65.98,1,completed
ORD-000261,C05005,2024-02-13,149.22,9,completed
ORD-000262,C05855,2024-02-13,86.09,4,completed
ORD-000263,C00555,2024-02-14,101.71,1,completed
ORD-000264,C00555,2024-02-14,110.44,6,completed
ORD-000265,C01261,2024-02-14,59.85,2,completed
ORD-000266,C02388,2024-02-14,59.34,4,cancelled
ORD-000267,C03595,2024-02-14,59.32,2,completed
ORD-000268,C00176,2024-02-15,83.86,7,completed
ORD-000269,C00903,2024-02-15,68.47,5,completed
ORD-000270,C01390,2024-02-15,43.12,2,completed
ORD-000271,C02298,2024-02-15,59.59,3,completed
ORD-000272,C02811,2024-02-15,32.53,2,completed
ORD-000273,C02840,2024-02-15,75.07,6,completed
ORD-000274,C04459,2024-02-15,55.87,4,completed
ORD-000275,C05954,2024-02-15,68.31,3,completed
ORD-000276,C01926,2024-02-16,76.42,8,completed
ORD-000277,C04682,2024-02-16,59.54,6,completed
ORD-000278,C04803,2024-02-16,82.66,3,completed
ORD-000279,C05033,2024-02-16,44.77,1,completed
ORD-000280,C05174,2024-02-16,40.63,4,completed
ORD-000281,C05930,2024-02-16,88.93,4,completed
ORD-000282,C05972,2024-02-16,41.49,3,completed
ORD-000283,C00763,2024-02-17,31.31,6,completed
ORD-000284,C02011,2024-02-17,61.04,5,completed
ORD-000285,C02385,2024-02-17,46.76,3,completed
ORD-000286,C03096,2024-02-17,55.93,3,completed
ORD-000287,C03306,2024-02-17,33.3,1,completed
ORD-000288,C03698,2024-02-17,55.37,4,completed
ORD-000289,C05611,2024-02-17,57.85,3,completed
ORD-000290,C00635,2024-02-18,54.46,4,completed
ORD-000291,C00643,2024-02-18,62.39,5,completed
ORD-000292,C00759,2024-02-18,29.12,2,completed
ORD-000293,C02774,2024-02-18,47.52,3,completed
ORD-000294,C03531,2024-02-18,88.47,3,completed
ORD-000295,C04541,2024-02-18,65.77,2,completed
ORD-000296,C05176,2024-02-18,96.69,5,completed
ORD-000297,C05639,2024-02-18,49.7,4,completed
ORD-000298,C00287,2024-02-19,48.11,4,completed
ORD-000299,C01206,2024-02-19,46.09,2,completed
ORD-000300,C01442,2024-02-19,145.64,7,completed
ORD-000301,C02447,2024-02-19,81.81,5,completed
ORD-000302,C04738,2024-02-19,38.03,3,completed
ORD-000303,C05266,2024-02-19,99.89,3,completed
ORD-000304,C00732,2024-02-20,46.46,2,completed
ORD-000305,C00821,2024-02-20,45.58,3,completed
ORD-000306,C00988,2024-02-20,33.9,4,completed
ORD-000307,C01486,2024-02-20,78.67,4,completed
ORD-000308,C01669,2024-02-20,91.87,6,completed
ORD-000309,C01732,2024-02-20,90.87,6,completed
ORD-000310,C02476,2024-02-20,62.8,3,completed
ORD-000311,C02493,2024-02-20,41.26,2,completed
ORD-000312,C00292,2024-02-21,26.09,5,completed
ORD-000313,C00424,2024-02-21,92.61,7,completed
ORD-000314,C01139,2024-02-21,31.24,1,completed
ORD-000315,C02060,2024-02-21,109.56,6,refunded
ORD-000316,C02362,2024-02-21,52.41,3,completed
ORD-000317,C03645,2024-02-21,32.87,1,completed
ORD-000318,C04354,2024-02-21,74.41,8,completed
ORD-000319,C04430,2024-02-21,91.31,2,completed
ORD-000320,C04773,2024-02-21,67.47,2,completed
ORD-000321,C05084,2024-02-21,53.15,2,completed
ORD-000322,C01157,2024-02-22,61.5,6,completed
ORD-000322,C01157,2024-02-22,61.5,6,completed
ORD-000323,C01309,2024-02-22,54.32,1,completed
ORD-000324,C04412,2024-02-22,70.92,6,completed
ORD-000325,C05207,2024-02-22,106.56,6,completed
ORD-000326,C00273,2024-02-23,77.99,5,completed
ORD-000327,C02506,2024-02-23,26.55,3,completed
ORD-000328,C03680,2024-02-23,90.59,2,completed
ORD-000329,C04636,2024-02-23,124.84,6,completed
ORD-000330,C04942,2024-02-23,33.08,1,completed
ORD-000331,C05119,2024-02-23,41.05,3,cancelled
ORD-000332,C05700,2024-02-23,40.14,5,completed
ORD-000333,C05760,2024-02-23,47.69,4,completed
ORD-000334,C00052,2024-02-24,56.4,3,completed
ORD-000335,C00449,2024-02-24,41.3,4,completed
ORD-000336,C01900,2024-02-24,80.97,2,completed
ORD-000337,C02823,2024-02-24,80.2,3,completed
ORD-000338,C03414,2024-02-24,20.62,1,completed
ORD-000339,C03977,2024-02-24,121.63,3,completed
ORD-000340,C05185,2024-02-24,67.18,4,completed
ORD-000341,C00271,2024-02-25,61.19,3,completed
ORD-000342,C00513,2024-02-25,64.25,5,completed
ORD-000343,C01139,2024-02-25,29.09,3,completed
ORD-000344,C01244,2024-02-25,87.41,2,cancelled
ORD-000345,C01726,2024-02-25,81.03,3,completed
ORD-000346,C01929,2024-02-25,100.47,2,completed
ORD-000347,C05060,2024-02-25,46.9,5,refunded
ORD-000347,C05060,2024-02-25,46.9,5,refunded
ORD-000348,C05137,2024-02-25,36.21,1,completed
ORD-000349,C05465,2024-02-25,41.8,1,completed
ORD-000350,C02351,2024-02-26,50.05,2,completed
ORD-000351,C03138,2024-02-26,37.14,2,completed
ORD-000352,C03158,2024-02-26,81.14,3,refunded
ORD-000353,C05947,2024-02-26,29.42,2,completed
ORD-000354,C00429,2024-02-27,72.6,5,completed
ORD-000355,C01592,2024-02-27,59.51,2,completed
ORD-000356,C02908,2024-02-27,65.42,5,completed
ORD-000357,C03185,2024-02-27,75.48,2,completed
ORD-000358,C03419,2024-02-27,31.31,2,completed
ORD-000359,C03660,2024-02-27,37.69,2,completed
ORD-000360,C05607,2024-02-27,52.75,3,completed
ORD-000361,C05709,2024-02-27,56.98,4,refunded
ORD-000362,C00075,2024-02-28,60.55,4,completed
ORD-000363,C00568,2024-02-28,56.21,7,completed
ORD-000364,C01660,2024-02-28,49.9,1,completed
ORD-000365,C02194,2024-02-28,45.75,1,completed
ORD-000366,C02259,2024-02-28,114.13,4,completed
ORD-000367,C03765,2024-02-28,38.58,5,completed
ORD-000368,C04324,2024-02-28,59.96,3,completed
ORD-000369,C04327,2024-02-28,40.63,5,completed
ORD-000370,C05629,2024-02-28,70.36,3,completed
ORD-000371,C01230,2024-02-29,54.29,4,completed
ORD-000372,C01394,2024-02-29,49.84,2,completed
ORD-000373,C02925,2024-02-29,86.73,5,completed
ORD-000374,C00735,2024-03-01,66.51,4,completed
ORD-000375,C01157,2024-03-01,38.46,3,completed
ORD-000376,C01491,2024-03-01,39.74,2,completed
ORD-000377,C02242,2024-03-01,47.17,2,completed
ORD-000378,C02987,2024-03-01,46.77,1,completed
ORD-000379,C03333,2024-03-01,91.44,4,completed
ORD-000380,C03705,2024-03-01,45.72,5,completed
ORD-000381,C04969,2024-03-01,71.18,5,completed
ORD-000382,C05900,2024-03-01,36.82,2,completed
ORD-000383,C01001,2024-03-02,37.93,3,completed
ORD-000384,C02803,2024-03-02,72.29,4,completed
ORD-000385,C03307,2024-03-02,88.83,3,completed
ORD-000386,C03636,2024-03-02,46.67,2,completed
ORD-000387,C03814,2024-03-02,105.8,5,completed
ORD-000388,C04208,2024-03-02,47.01,6,completed
ORD-000389,C05252,2024-03-02,40.88,2,completed
ORD-000390,C01402,2024-03-03,84.11,2,completed
ORD-000391,C03208,2024-03-03,43.75,6,completed
ORD-000392,C05155,2024-03-03,49.22,4,completed
ORD-000393,C05472,2024-03-03,84.5,5,completed
ORD-000394,C05809,2024-03-03,49.26,1,completed
ORD-000395,C00018,2024-03-04,41.01,2,completed
ORD-000396,C01444,2024-03-04,43.76,3,completed
ORD-000397,C02581,2024-03-04,53.57,4,completed
ORD-000398,C02848,2024-03-04,35.79,2,completed
ORD-000399,C03144,2024-03-04,50.35,3,completed
ORD-000400,C03316,2024-03-04,44.36,2,completed
ORD-000401,C05460,2024-03-04,88.17,2,completed
ORD-000402,C05703,2024-03-04,39.69,4,completed
ORD-000403,C00424,2024-03-05,42.06,3,completed
ORD-000404,C01899,2024-03-05,59.66,7,completed
ORD-000405,C03032,2024-03-05,45.7,2,completed
ORD-000406,C04292,2024-03-05,61.34,3,refunded
ORD-000407,C04759,2024-03-05,32.49,1,completed
ORD-000408,C05552,2024-03-05,16.69,3,completed
ORD-000409,C05722,2024-03-05,52.05,4,completed
ORD-000410,C00728,2024-03-06,58.59,4,completed
ORD-000411,C01220,2024-03-06,55.55,4,completed
ORD-000412,C02011,2024-03-06,57.38,1,completed
ORD-000413,C02985,2024-03-06,54.37,3,completed
ORD-000414,C00259,2024-03-07,73.66,5,completed
ORD-000415,C00681,2024-03-07,70.42,4,completed
ORD-000416,C01482,2024-03-07,50.66,7,completed
ORD-000417,C02228,2024-03-07,38.3,2,completed
ORD-000418,C02322,2024-03-07,77.92,4,completed
ORD-000419,C02346,2024-03-07,96.72,7,completed
ORD-000420,C02419,2024-03-07,57.32,4,completed
ORD-000421,C04235,2024-03-07,83.78,7,completed
ORD-000422,C05602,2024-03-07,104.47,5,completed
ORD-000423,C05686,2024-03-07,99.46,7,completed
ORD-000424,C05722,2024-03-07,64.29,3,completed
ORD-000425,C00150,2024-03-08,41.33,3,completed
ORD-000426,C01156,2024-03-08,116.88,8,completed
ORD-000427,C02197,2024-03-08,137.52,10,completed
ORD-000428,C04333,2024-03-08,69.36,3,completed
ORD-000429,C04352,2024-03-08,65.06,3,completed
ORD-000430,C05183,2024-03-08,58.36,3,completed
ORD-000431,C05746,2024-03-08,66.59,6,completed
ORD-000432,C02340,2024-03-09,93.93,6,cancelled
ORD-000433,C02342,2024-03-09,51.18,1,completed
ORD-000434,C02427,2024-03-09,48.35,2,completed
ORD-000435,C03401,2024-03-09,60.24,2,completed
ORD-000436,C03955,2024-03-09,28.14,1,completed
ORD-000437,C05346,2024-03-09,55.76,2,cancelled
ORD-000438,C05620,2024-03-09,99.18,6,completed
ORD-000439,C05723,2024-03-09,79.31,4,completed
ORD-000440,C01116,2024-03-10,50.58,5,completed
ORD-000441,C01535,2024-03-10,53.04,4,completed
ORD-000442,C02668,2024-03-10,63.34,4,completed
ORD-000443,C03157,2024-03-10,93.35,3,completed
ORD-000444,C04189,2024-03-10,58.7,1,completed
ORD-000445,C04336,2024-03-10,36.67,2,completed
ORD-000446,C04551,2024-03-10,41.15,4,completed
ORD-000447,C04725,2024-03-10,40.52,5,completed
ORD-000448,C05687,2024-03-10,57.39,2,completed
ORD-000449,C00239,2024-03-11,72.86,7,completed
ORD-000450,C01766,2024-03-11,47.6,6,completed
ORD-000451,C01994,2024-03-11,29.1,1,completed
ORD-000452,C03310,2024-03-11,36.93,3,completed
ORD-000453,C04158,2024-03-11,116.72,3,completed
ORD-000454,C04218,2024-03-11,44.13,3,completed
ORD-000455,C04256,2024-03-11,42.36,4,completed
ORD-000456,C04972,2024-03-11,82.8,9,completed
ORD-000457,C05634,2024-03-11,30.01,2,completed
ORD-000458,C00511,2024-03-12,61.35,3,completed
ORD-000459,C00917,2024-03-12,31.04,5,completed
ORD-000460,C01826,2024-03-12,36.69,2,completed
ORD-000461,C01908,2024-03-12,117.88,5,completed
ORD-000462,C02296,2024-03-12,47.34,2,completed
ORD-000463,C02390,2024-03-12,77.07,7,refunded
ORD-000464,C02765,2024-03-12,54.11,4,completed
ORD-000465,C03263,2024-03-12,46.88,1,completed
ORD-000466,C03986,2024-03-12,45.04,4,completed
ORD-000467,C04745,2024-03-12,40.83,2,completed
ORD-000468,C03503,2024-03-13,95.53,5,completed
ORD-000469,C03941,2024-03-13,33.86,2,completed
ORD-000470,C04089,2024-03-13,30.17,2,cancelled
ORD-000471,C05209,2024-03-13,55.61,1,completed
ORD-000472,C05210,2024-03-13,55.0,5,completed
ORD-000473,C01768,2024-03-14,77.48,4,completed
ORD-000474,C01807,2024-03-14,24.85,1,completed
ORD-000475,C02118,2024-03-14,93.07,4,completed
ORD-000476,C03580,2024-03-14,102.85,5,completed
ORD-000477,C04837,2024-03-14,38.04,4,cancelled
ORD-000478,C00821,2024-03-15,28.53,1,completed
ORD-000479,C01966,2024-03-15,62.16,3,completed
ORD-000480,C02298,2024-03-15,51.35,4,completed
ORD-000481,C02792,2024-03-15,48.47,5,completed
ORD-000482,C03185,2024-03-15,46.29,5,completed
ORD-000483,C03397,2024-03-15,76.44,4,completed
ORD-000484,C04293,2024-03-15,43.87,1,completed
ORD-000485,C04580,2024-03-15,62.09,8,completed
ORD-000486,C04776,2024-03-15,48.28,4,completed
ORD-000487,C04838,2024-03-15,37.71,1,completed
ORD-000488,C05686,2024-03-15,70.02,6,completed
ORD-000489,C05812,2024-03-15,64.0,3,completed
ORD-000490,C05958,2024-03-15,50.39,1,completed
ORD-000491,C02583,2024-03-16,88.51,4,completed
ORD-000492,C03169,2024-03-16,90.78,8,completed
ORD-000493,C03435,2024-03-16,79.85,7,completed
ORD-000494,C03975,2024-03-16,40.13,5,completed
ORD-000495,C04745,2024-03-16,45.15,4,completed
ORD-000496,C00812,2024-03-17,91.67,3,completed
ORD-000497,C01428,2024-03-17,70.39,3,completed
ORD-000498,C01790,2024-03-17,45.49,3,completed
ORD-000499,C04679,2024-03-17,68.58,5,completed
ORD-000500,C05362,2024-03-17,46.31,1,completed
ORD-000501,C00052,2024-03-18,52.78,3,completed
ORD-000502,C00794,2024-03-18,47.92,1,completed
ORD-000503,C01958,2024-03-18,48.81,5,completed
ORD-000504,C02312,2024-03-18,36.45,3,completed
ORD-000505,C03778,2024-03-18,54.29,3,completed
ORD-000506,C03009,2024-03-19,52.38,4,completed
ORD-000507,C03261,2024-03-19,57.61,2,completed
ORD-000508,C03459,2024-03-19,46.24,4,completed
ORD-000509,C04578,2024-03-19,69.05,4,completed
ORD-000510,C00548,2024-03-20,88.55,5,completed
ORD-000511,C01376,2024-03-20,95.24,8,completed
ORD-000512,C02324,2024-03-20,46.74,5,completed
ORD-000513,C02754,2024-03-20,88.43,2,completed
ORD-000514,C03186,2024-03-20,66.33,1,completed
ORD-000515,C03993,2024-03-20,56.2,4,completed
ORD-000516,C04089,2024-03-20,43.32,2,cancelled
ORD-000517,C04191,2024-03-20,46.35,4,completed
ORD-000518,C05687,2024-03-20,45.12,4,completed
ORD-000519,C05761,2024-03-20,50.77,3,completed
ORD-000520,C01567,2024-03-21,66.5,4,completed
ORD-000521,C03860,2024-03-21,89.14,5,completed
ORD-000522,C04778,2024-03-21,109.95,6,completed
ORD-000523,C05648,2024-03-21,59.49,1,completed
ORD-000524,C00140,2024-03-22,37.61,3,completed
ORD-000525,C02631,2024-03-22,45.99,3,completed
ORD-000526,C03656,2024-03-22,59.45,3,completed
ORD-000527,C03097,2024-03-23,27.81,2,completed
ORD-000528,C03134,2024-03-23,91.41,5,completed
ORD-000529,C03192,2024-03-23,89.69,5,completed
ORD-000530,C04664,2024-03-23,72.41,2,completed
ORD-000531,C00123,2024-03-24,48.22,4,completed
ORD-000532,C00339,2024-03-24,64.42,2,completed
ORD-000533,C00561,2024-03-24,50.08,6,completed
ORD-000534,C00628,2024-03-24,66.0,4,completed
ORD-000535,C00664,2024-03-24,62.86,5,completed
ORD-000536,C01428,2024-03-24,71.49,2,completed
ORD-000537,C02388,2024-03-24,47.66,3,completed
ORD-000538,C03005,2024-03-24,51.65,2,completed
ORD-000539,C03751,2024-03-24,55.04,3,completed
ORD-000540,C03778,2024-03-24,50.02,3,completed
ORD-000541,C03781,2024-03-24,73.17,8,completed
ORD-000542,C04291,2024-03-24,42.32,3,completed
ORD-000543,C04521,2024-03-24,26.52,2,completed
ORD-000544,C05890,2024-03-24,42.13,3,completed
ORD-000545,C01183,2024-03-25,55.19,5,completed
ORD-000546,C02938,2024-03-25,93.0,8,completed
ORD-000547,C03319,2024-03-25,43.56,2,completed
ORD-000548,C05387,2024-03-25,85.97,8,completed
ORD-000549,C05755,2024-03-25,49.08,3,completed
ORD-000550,C01810,2024-03-26,122.75,5,completed
ORD-000551,C02298,2024-03-26,82.62,2,completed
ORD-000552,C03071,2024-03-26,53.24,1,completed
ORD-000553,C03427,2024-03-26,33.5,1,completed
ORD-000554,C03594,2024-03-26,63.36,5,completed
ORD-000555,C04707,2024-03-26,58.89,2,completed
ORD-000556,C04855,2024-03-26,53.96,2,completed
ORD-000557,C05321,2024-03-26,51.7,7,completed
ORD-000558,C00098,2024-03-27,96.27,4,completed
ORD-000559,C00364,2024-03-27,73.03,5,completed
ORD-000560,C02216,2024-03-27,38.87,5,completed
ORD-000561,C02571,2024-03-27,80.84,4,completed
ORD-000562,C03981,2024-03-27,73.55,2,completed
ORD-000563,C04019,2024-03-27,103.16,12,completed
ORD-000564,C05152,2024-03-27,62.6,3,completed
ORD-000565,C05780,2024-03-27,53.12,7,completed
ORD-000566,C01624,2024-03-28,87.72,3,completed
ORD-000567,C01991,2024-03-28,62.67,1,completed
ORD-000568,C02216,2024-03-28,41.64,2,completed
ORD-000569,C02349,2024-03-28,53.22,3,completed
ORD-000570,C02597,2024-03-28,41.26,1,completed
ORD-000571,C02896,2024-03-28,31.99,1,completed
ORD-000572,C03763,2024-03-28,92.07,8,completed
ORD-000573,C00086,2024-03-29,51.41,4,completed
ORD-000574,C01314,2024-03-29,149.54,6,completed
ORD-000575,C01427,2024-03-29,34.92,1,completed
ORD-000576,C01764,2024-03-29,149.22,7,cancelled
ORD-000577,C02129,2024-03-29,72.95,2,completed
ORD-000578,C03289,2024-03-29,48.89,9,completed
ORD-000579,C03606,2024-03-29,37.07,1,completed
ORD-000580,C03745,2024-03-29,43.08,2,completed
ORD-000581,C04014,2024-03-29,81.82,3,completed
ORD-000582,C04536,2024-03-29,40.23,3,completed
ORD-000583,C00239,2024-03-30,73.14,6,completed
ORD-000584,C00413,2024-03-30,51.85,1,completed
ORD-000585,C01456,2024-03-30,132.49,5,completed
ORD-000586,C02064,2024-03-30,75.25,4,completed
ORD-000587,C02463,2024-03-30,47.38,3,completed
ORD-000588,C03948,2024-03-30,58.35,3,completed
ORD-000589,C03966,2024-03-30,81.97,7,completed
ORD-000590,C00455,2024-03-31,102.99,3,completed
ORD-000591,C01041,2024-03-31,99.99,6,completed
ORD-000592,C02811,2024-03-31,34.79,3,completed
ORD-000593,C03018,2024-03-31,90.16,5,completed
ORD-000594,C03693,2024-03-31,55.4,4,completed
ORD-000595,C05436,2024-03-31,31.85,1,completed
ORD-000596,C01170,2024-04-01,77.81,2,completed
ORD-000597,C02150,2024-04-01,52.51,1,completed
ORD-000598,C02264,2024-04-01,55.58,3,completed
ORD-000599,C02741,2024-04-01,115.63,6,completed
ORD-000600,C03940,2024-04-01,67.29,5,completed
ORD-000601,C05300,2024-04-01,94.06,6,refunded
ORD-000602,C00005,2024-04-02,35.06,1,completed
ORD-000603,C00188,2024-04-02,56.27,5,completed
ORD-000604,C00845,2024-04-02,91.34,4,completed
ORD-000605,C01408,2024-04-02,99.47,9,completed
ORD-000606,C01707,2024-04-02,53.88,2,completed
ORD-000607,C02147,2024-04-02,84.09,5,completed
ORD-000608,C02233,2024-04-02,45.06,2,completed
ORD-000609,C02286,2024-04-02,97.08,6,completed
ORD-000610,C02882,2024-04-02,54.05,2,completed
ORD-000611,C03198,2024-04-02,27.33,1,cancelled
ORD-000612,C03284,2024-04-02,78.86,5,completed
ORD-000613,C05183,2024-04-02,70.28,2,completed
ORD-000614,C00337,2024-04-03,22.24,2,completed
ORD-000615,C00350,2024-04-03,54.15,4,completed
ORD-000616,C00451,2024-04-03,60.98,6,completed
ORD-000617,C00732,2024-04-03,43.07,3,completed
ORD-000618,C01133,2024-04-03,42.11,2,completed
ORD-000619,C01297,2024-04-03,79.54,2,completed
ORD-000620,C01836,2024-04-03,92.74,7,completed
ORD-000621,C03210,2024-04-03,50.78,2,completed
ORD-000622,C03686,2024-04-03,86.1,7,completed
ORD-000623,C03997,2024-04-03,46.42,3,completed
ORD-000624,C04106,2024-04-03,145.71,6,completed
ORD-000624,C04106,2024-04-03,145.71,6,completed
ORD-000625,C00109,2024-04-04,69.85,11,completed
ORD-000626,C01153,2024-04-04,83.52,4,completed
ORD-000627,C01966,2024-04-04,51.82,2,completed
ORD-000628,C02286,2024-04-04,70.81,10,completed
ORD-000629,C03096,2024-04-04,53.19,2,completed
ORD-000630,C03167,2024-04-04,176.69,11,completed
ORD-000631,C05183,2024-04-04,105.83,6,completed
ORD-000632,C05836,2024-04-04,31.42,4,completed
ORD-000633,C00921,2024-04-05,48.17,3,completed
ORD-000634,C01371,2024-04-05,30.89,1,completed
ORD-000635,C02424,2024-04-05,43.55,1,completed
ORD-000636,C02514,2024-04-05,54.71,1,completed
ORD-000637,C03052,2024-04-05,69.86,6,completed
ORD-000638,C04792,2024-04-05,79.93,3,completed
ORD-000639,C05470,2024-04-05,58.54,5,completed
ORD-000640,C05687,2024-04-05,80.57,4,completed
ORD-000641,C05702,2024-04-05,45.75,6,completed
ORD-000642,C00513,2024-04-06,62.23,5,completed
ORD-000643,C01642,2024-04-06,52.64,2,completed
ORD-000644,C01826,2024-04-06,52.94,2,completed
ORD-000645,C02157,2024-04-06,75.18,5,completed
ORD-000646,C03000,2024-04-06,69.35,3,completed
ORD-000647,C03133,2024-04-06,70.93,5,completed
ORD-000648,C05719,2024-04-06,62.96,4,cancelled
ORD-000649,C00294,2024-04-07,49.96,3,completed
ORD-000650,C00894,2024-04-07,53.14,2,completed
ORD-000651,C01236,2024-04-07,29.64,4,completed
ORD-000652,C02983,2024-04-07,41.85,3,completed
ORD-000653,C05223,2024-04-07,76.87,2,completed
ORD-000654,C00821,2024-04-08,29.67,3,completed
ORD-000655,C00869,2024-04-08,96.17,6,cancelled
ORD-000656,C00940,2024-04-08,23.09,1,completed
ORD-000657,C01251,2024-04-08,56.6,6,completed
ORD-000658,C02035,2024-04-08,37.73,3,completed
ORD-000659,C02539,2024-04-08,74.44,4,completed
ORD-000660,C02568,2024-04-08,77.46,4,completed
ORD-000661,C02763,2024-04-08,41.1,5,completed
ORD-000662,C02963,2024-04-08,90.1,5,completed
ORD-000663,C03234,2024-04-08,55.52,3,refunded
ORD-000664,C03410,2024-04-08,84.0,4,completed
ORD-000665,C03693,2024-04-08,94.94,4,completed
ORD-000666,C05720,2024-04-08,71.79,4,completed
ORD-000667,C05849,2024-04-08,82.55,6,completed
ORD-000668,C00290,2024-04-09,51.42,1,completed
ORD-000669,C00718,2024-04-09,36.86,2,completed
ORD-000670,C01341,2024-04-09,28.41,2,completed
ORD-000671,C02458,2024-04-09,56.9,4,completed
ORD-000672,C03257,2024-04-09,69.76,4,completed
ORD-000673,C03318,2024-04-09,41.28,1,completed
ORD-000674,C03453,2024-04-09,41.1,2,completed
ORD-000675,C03459,2024-04-09,45.6,2,completed
ORD-000676,C03877,2024-04-09,58.16,3,completed
ORD-000677,C04091,2024-04-09,81.52,7,completed
ORD-000678,C04331,2024-04-09,86.5,4,completed
ORD-000679,C05511,2024-04-09,68.52,3,completed
ORD-000680,C05563,2024-04-09,27.83,2,completed
ORD-000681,C00725,2024-04-10,32.74,1,completed
ORD-000682,C01936,2024-04-10,32.43,2,completed
ORD-000683,C02276,2024-04-10,80.38,3,completed
ORD-000684,C04200,2024-04-10,31.5,1,cancelled
ORD-000684,C04200,2024-04-10,31.5,1,cancelled
ORD-000685,C05221,2024-04-10,41.1,2,completed
ORD-000686,C05224,2024-04-10,97.39,6,completed
ORD-000687,C05249,2024-04-10,32.14,2,completed
ORD-000688,C00129,2024-04-11,61.19,1,completed
ORD-000689,C01278,2024-04-11,103.23,7,completed
ORD-000690,C02782,2024-04-11,72.63,4,completed
ORD-000691,C03310,2024-04-11,34.85,2,completed
ORD-000692,C03344,2024-04-11,79.5,4,completed
ORD-000693,C04014,2024-04-11,68.51,4,cancelled
ORD-000694,C04990,2024-04-11,43.44,3,completed
ORD-000695,C05183,2024-04-11,120.95,5,completed
ORD-000696,C00583,2024-04-12,79.71,5,completed
ORD-000697,C00768,2024-04-12,59.0,2,completed
ORD-000698,C00865,2024-04-12,116.17,7,completed
ORD-000699,C02210,2024-04-12,72.45,4,completed
ORD-000700,C02864,2024-04-12,47.18,3,completed
ORD-000701,C03443,2024-04-12,40.85,1,completed
ORD-000702,C04187,2024-04-12,42.45,4,completed
ORD-000703,C05715,2024-04-12,66.75,2,completed
ORD-000704,C05912,2024-04-12,34.8,2,completed
ORD-000705,C00098,2024-04-13,60.37,1,completed
ORD-000706,C00230,2024-04-13,95.74,4,completed
ORD-000707,C00258,2024-04-13,107.11,8,completed
ORD-000708,C02427,2024-04-13,65.57,3,completed
ORD-000709,C02483,2024-04-13,48.33,4,completed
ORD-000710,C02659,2024-04-13,55.89,1,completed
ORD-000711,C03280,2024-04-13,98.57,4,completed
ORD-000712,C03959,2024-04-13,39.93,2,completed
ORD-000713,C04203,2024-04-13,64.36,3,completed
ORD-000714,C04745,2024-04-13,64.16,4,completed
ORD-000715,C05692,2024-04-13,79.25,3,completed
ORD-000716,C00409,2024-04-14,99.55,6,completed
ORD-000717,C01220,2024-04-14,48.25,4,completed
ORD-000718,C03631,2024-04-14,51.8,2,completed
ORD-000719,C04494,2024-04-14,42.16,1,completed
ORD-000720,C04609,2024-04-14,62.87,1,completed
ORD-000721,C05463,2024-04-14,95.53,4,completed
ORD-000722,C00098,2024-04-15,81.09,4,completed
ORD-000723,C00161,2024-04-15,80.89,4,completed
ORD-000724,C01252,2024-04-15,108.18,1,completed
ORD-000725,C01473,2024-04-15,40.36,2,completed
ORD-000726,C02119,2024-04-15,97.67,3,completed
ORD-000727,C02416,2024-04-15,53.58,4,completed
ORD-000728,C02889,2024-04-15,36.56,3,completed
ORD-000729,C04658,2024-04-15,51.21,3,refunded
ORD-000730,C05238,2024-04-15,48.84,2,completed
ORD-000731,C05991,2024-04-15,35.99,2,completed
ORD-000732,C00155,2024-04-16,60.66,3,completed
ORD-000733,C00240,2024-04-16,65.88,3,cancelled
ORD-000734,C00636,2024-04-16,74.75,3,completed
ORD-000735,C01575,2024-04-16,34.22,1,completed
ORD-000736,C02022,2024-04-16,70.15,6,completed
ORD-000737,C03527,2024-04-16,72.43,3,completed
ORD-000738,C04625,2024-04-16,92.23,7,completed
ORD-000739,C04887,2024-04-16,90.54,3,completed
ORD-000740,C05183,2024-04-16,70.04,5,completed
ORD-000741,C00350,2024-04-17,55.62,4,completed
ORD-000742,C03209,2024-04-17,60.2,4,completed
ORD-000743,C03398,2024-04-17,26.6,2,completed
ORD-000744,C03523,2024-04-17,54.89,2,completed
ORD-000745,C04445,2024-04-17,35.07,2,completed
ORD-000746,C05515,2024-04-17,36.89,1,completed
ORD-000747,C00404,2024-04-18,39.77,6,completed
ORD-000748,C00620,2024-04-18,86.05,3,completed
ORD-000749,C00769,2024-04-18,58.68,3,completed
ORD-000750,C00908,2024-04-18,46.33,4,completed
ORD-000751,C01517,2024-04-18,44.7,3,cancelled
ORD-000752,C02489,2024-04-18,47.73,4,completed
ORD-000753,C02896,2024-04-18,58.24,5,completed
ORD-000754,C03008,2024-04-18,46.4,1,completed
ORD-000755,C03873,2024-04-18,59.18,3,completed
ORD-000756,C04677,2024-04-18,30.19,3,completed
ORD-000757,C04750,2024-04-18,76.12,3,completed
ORD-000758,C05462,2024-04-18,60.24,2,completed
ORD-000759,C00733,2024-04-19,38.19,3,completed
ORD-000760,C00742,2024-04-19,65.34,4,completed
ORD-000761,C01122,2024-04-19,33.4,1,completed
ORD-000762,C01620,2024-04-19,102.22,3,completed
ORD-000763,C03232,2024-04-19,46.45,3,completed
ORD-000764,C04488,2024-04-19,79.97,1,completed
ORD-000765,C05286,2024-04-19,59.18,5,completed
ORD-000766,C05602,2024-04-19,83.47,3,completed
ORD-000767,C01428,2024-04-20,49.68,2,completed
ORD-000768,C03606,2024-04-20,59.04,6,completed
ORD-000769,C04214,2024-04-20,52.57,1,completed
ORD-000770,C05503,2024-04-20,61.32,2,completed
ORD-000771,C05635,2024-04-20,93.69,6,completed
ORD-000772,C00060,2024-04-21,79.87,2,completed
ORD-000773,C00608,2024-04-21,91.94,9,completed
ORD-000774,C00797,2024-04-21,121.83,5,completed
ORD-000775,C02217,2024-04-21,38.67,1,completed
ORD-000776,C03082,2024-04-21,74.03,5,cancelled
ORD-000777,C03549,2024-04-21,36.79,3,completed
ORD-000778,C03877,2024-04-21,36.94,3,completed
ORD-000779,C04515,2024-04-21,76.72,4,completed
ORD-000780,C05794,2024-04-21,91.3,8,completed
ORD-000781,C00269,2024-04-22,52.01,3,completed
ORD-000782,C00643,2024-04-22,92.73,6,completed
ORD-000783,C01107,2024-04-22,52.5,4,completed
ORD-000784,C01253,2024-04-22,83.86,6,completed
ORD-000785,C02191,2024-04-22,120.87,6,completed
ORD-000786,C03245,2024-04-22,69.11,9,completed
ORD-000787,C04866,2024-04-22,69.57,4,completed
ORD-000788,C00510,2024-04-23,55.52,5,completed
ORD-000789,C01486,2024-04-23,62.95,3,completed
ORD-000790,C01707,2024-04-23,48.64,3,completed
ORD-000791,C02005,2024-04-23,62.53,1,completed
ORD-000792,C03352,2024-04-23,33.97,2,completed
ORD-000793,C05115,2024-04-23,80.9,3,completed
ORD-000794,C05897,2024-04-23,32.84,2,completed
ORD-000795,C00363,2024-04-24,124.19,3,completed
ORD-000796,C01393,2024-04-24,59.13,2,completed
ORD-000797,C01685,2024-04-24,26.9,5,completed
ORD-000798,C02298,2024-04-24,79.83,4,completed
ORD-000799,C02781,2024-04-24,123.61,6,completed
ORD-000800,C04197,2024-04-24,42.4,3,completed
ORD-000801,C05183,2024-04-24,63.17,1,completed
ORD-000802,C00099,2024-04-25,66.96,6,completed
ORD-000803,C00389,2024-04-25,53.74,4,completed
ORD-000804,C00973,2024-04-25,81.71,2,completed
ORD-000805,C01182,2024-04-25,100.93,5,completed
ORD-000806,C01350,2024-04-25,80.18,5,completed
ORD-000807,C02201,2024-04-25,62.14,4,completed
ORD-000808,C02875,2024-04-25,44.67,3,completed
ORD-000809,C02938,2024-04-25,101.19,5,completed
ORD-000810,C04065,2024-04-25,89.04,5,completed
ORD-000811,C04366,2024-04-25,59.6,5,completed
ORD-000812,C04372,2024-04-25,69.87,2,completed
ORD-000813,C00362,2024-04-26,49.19,3,completed
ORD-000814,C00473,2024-04-26,84.48,6,completed
ORD-000815,C00525,2024-04-26,65.01,3,completed
ORD-000816,C01356,2024-04-26,57.06,6,completed
ORD-000817,C02513,2024-04-26,21.24,1,completed
ORD-000818,C02805,2024-04-26,52.08,4,completed
ORD-000819,C03874,2024-04-26,43.04,1,completed
ORD-000820,C04327,2024-04-26,24.61,2,completed
ORD-000821,C05873,2024-04-26,45.27,4,completed
ORD-000822,C00938,2024-04-27,36.73,2,completed
ORD-000823,C01765,2024-04-27,120.56,12,completed
ORD-000824,C04911,2024-04-27,56.47,2,completed
ORD-000825,C05054,2024-04-27,40.79,3,completed
ORD-000826,C00209,2024-04-28,76.61,5,completed
ORD-000827,C00392,2024-04-28,59.86,3,completed
ORD-000828,C01255,2024-04-28,76.13,2,completed
ORD-000829,C01408,2024-04-28,77.83,4,completed
ORD-000830,C03234,2024-04-28,38.81,2,completed
ORD-000831,C03321,2024-04-28,72.16,4,completed
ORD-000832,C04514,2024-04-28,60.81,4,completed
ORD-000833,C04792,2024-04-28,55.91,6,completed
ORD-000834,C04908,2024-04-28,46.88,2,completed
ORD-000835,C05855,2024-04-28,48.66,3,completed
ORD-000836,C00193,2024-04-29,101.27,7,completed
ORD-000837,C01220,2024-04-29,46.4,3,completed
ORD-000838,C02579,2024-04-29,51.22,1,completed
ORD-000839,C04839,2024-04-29,31.14,2,completed
ORD-000840,C05193,2024-04-29,60.23,5,completed
ORD-000841,C05220,2024-04-29,44.21,1,completed
ORD-000842,C05873,2024-04-29,49.32,2,completed
ORD-000843,C00150,2024-04-30,37.64,4,completed
ORD-000844,C00218,2024-04-30,32.46,1,completed
ORD-000845,C00619,2024-04-30,79.56,4,completed
ORD-000846,C02099,2024-04-30,23.47,2,completed
ORD-000847,C02399,2024-04-30,27.72,5,completed
ORD-000848,C02421,2024-04-30,79.91,5,completed
ORD-000849,C02866,2024-04-30,86.71,5,completed
ORD-000850,C03154,2024-04-30,41.23,2,completed
ORD-000851,C04035,2024-04-30,35.13,1,completed
ORD-000852,C05169,2024-04-30,83.35,4,completed
ORD-000853,C05697,2024-04-30,47.84,3,completed
ORD-000854,C05697,2024-04-30,56.16,2,completed
ORD-000855,C00437,2024-05-01,78.6,5,completed
ORD-000856,C02594,2024-05-01,50.21,4,completed
ORD-000857,C04342,2024-05-01,95.81,3,completed
ORD-000858,C04654,2024-05-01,75.99,3,completed
ORD-000859,C04854,2024-05-01,53.93,9,completed
ORD-000860,C00805,2024-05-02,72.69,3,completed
ORD-000861,C00964,2024-05-02,81.96,4,completed
ORD-000862,C01040,2024-05-02,95.53,5,completed
ORD-000863,C04306,2024-05-02,37.63,1,completed
ORD-000864,C04653,2024-05-02,54.92,3,completed
ORD-000865,C05163,2024-05-02,42.41,4,completed
ORD-000866,C05722,2024-05-02,44.72,3,completed
ORD-000867,C00815,2024-05-03,27.3,4,completed
ORD-000868,C01408,2024-05-03,135.56,4,completed
ORD-000869,C01415,2024-05-03,38.17,5,completed
ORD-000870,C01532,2024-05-03,89.65,8,completed
ORD-000871,C01887,2024-05-03,54.07,3,completed
ORD-000872,C02266,2024-05-03,40.21,2,completed
ORD-000873,C02890,2024-05-03,89.84,8,completed
ORD-000874,C03185,2024-05-03,57.28,5,completed
ORD-000875,C04182,2024-05-03,92.78,3,completed
ORD-000876,C04341,2024-05-03,31.82,1,completed
ORD-000877,C00009,2024-05-04,64.08,5,completed
ORD-000878,C01275,2024-05-04,57.35,3,refunded
ORD-000879,C01674,2024-05-04,23.63,3,completed
ORD-000880,C02973,2024-05-04,46.29,3,completed
ORD-000881,C03668,2024-05-04,31.31,2,completed
ORD-000882,C03788,2024-05-04,47.44,4,completed
ORD-000883,C04065,2024-05-04,71.57,5,completed
ORD-000884,C05476,2024-05-04,81.87,2,completed
ORD-000885,C05576,2024-05-04,170.57,7,completed
ORD-000886,C05869,2024-05-04,130.04,2,cancelled
ORD-000887,C01003,2024-05-05,69.88,5,completed
ORD-000888,C01052,2024-05-05,48.88,3,completed
ORD-000889,C03128,2024-05-05,22.6,2,completed
ORD-000890,C03495,2024-05-05,77.92,5,completed
ORD-000891,C03962,2024-05-05,87.38,5,completed
ORD-000892,C05441,2024-05-05,41.66,1,completed
ORD-000893,C00037,2024-05-06,118.67,9,completed
ORD-000894,C00821,2024-05-06,24.96,2,completed
ORD-000895,C02102,2024-05-06,122.9,6,completed
ORD-000896,C03602,2024-05-06,54.01,2,completed
ORD-000897,C04284,2024-05-06,75.2,6,completed
ORD-000898,C04505,2024-05-06,59.5,6,completed
ORD-000899,C05664,2024-05-06,68.04,2,completed
ORD-000900,C00207,2024-05-07,66.16,4,completed
ORD-000901,C00217,2024-05-07,46.39,2,completed
ORD-000902,C00888,2024-05-07,41.94,4,completed
ORD-000903,C00963,2024-05-07,44.36,4,completed
ORD-000904,C01511,2024-05-07,71.09,5,completed
ORD-000905,C01551,2024-05-07,34.04,4,completed
ORD-000906,C02059,2024-05-07,70.52,3,completed
ORD-000907,C03185,2024-05-07,48.54,3,completed
ORD-000908,C04366,2024-05-07,52.77,4,completed
ORD-000909,C04739,2024-05-07,54.29,2,completed
ORD-000909,C04739,2024-05-07,54.29,2,completed
ORD-000910,C00335,2024-05-08,72.81,4,completed
ORD-000911,C01473,2024-05-08,31.95,2,completed
ORD-000912,C01769,2024-05-08,51.84,3,completed
ORD-000913,C03236,2024-05-08,57.77,1,completed
ORD-000914,C04636,2024-05-08,78.24,3,completed
ORD-000915,C04678,2024-05-08,62.63,4,completed
ORD-000916,C05793,2024-05-08,53.74,3,completed
ORD-000917,C00239,2024-05-09,78.72,2,completed
ORD-000918,C00474,2024-05-09,31.38,2,completed
ORD-000919,C02379,2024-05-09,71.77,2,completed
ORD-000920,C03412,2024-05-09,53.31,3,completed
ORD-000921,C03899,2024-05-09,69.42,5,completed
ORD-000922,C04188,2024-05-09,61.14,3,completed
ORD-000922,C04188,2024-05-09,61.14,3,completed
ORD-000923,C04705,2024-05-09,54.0,4,completed
ORD-000924,C05659,2024-05-09,118.41,3,completed
ORD-000925,C05910,2024-05-09,51.51,1,completed
ORD-000926,C00302,2024-05-10,43.03,3,completed
ORD-000927,C00679,2024-05-10,139.88,8,completed
ORD-000928,C01240,2024-05-10,70.35,2,completed
ORD-000929,C01654,2024-05-10,37.08,2,completed
ORD-000930,C01803,2024-05-10,66.9,3,completed
ORD-000931,C03369,2024-05-10,90.49,3,completed
ORD-000932,C05760,2024-05-10,32.28,2,completed
ORD-000933,C02780,2024-05-11,37.17,4,completed
ORD-000934,C04043,2024-05-11,44.42,3,completed
ORD-000935,C04617,2024-05-11,57.59,3,cancelled
ORD-000936,C04839,2024-05-11,40.1,3,completed
ORD-000937,C04908,2024-05-11,30.48,2,completed
ORD-000938,C05662,2024-05-11,63.89,2,completed
ORD-000939,C00671,2024-05-12,24.39,2,completed
ORD-000940,C01189,2024-05-12,60.31,3,cancelled
ORD-000941,C02237,2024-05-12,26.57,3,completed
ORD-000942,C02728,2024-05-12,54.16,3,completed
ORD-000943,C04654,2024-05-12,90.78,3,completed
ORD-000944,C04789,2024-05-12,62.82,4,completed
ORD-000945,C04849,2024-05-12,49.7,3,completed
ORD-000946,C00341,2024-05-13,48.01,3,refunded
ORD-000947,C00764,2024-05-13,33.23,4,completed
ORD-000948,C00918,2024-05-13,45.16,6,completed
ORD-000949,C01105,2024-05-13,92.98,6,completed
ORD-000950,C01117,2024-05-13,62.23,3,completed
ORD-000951,C01826,2024-05-13,79.79,6,completed
ORD-000952,C03391,2024-05-13,81.49,1,completed
ORD-000953,C03812,2024-05-13,53.78,6,completed
ORD-000954,C04065,2024-05-13,51.31,4,completed
ORD-000955,C04428,2024-05-13,27.85,4,completed
ORD-000956,C04847,2024-05-13,62.06,3,completed
ORD-000957,C05227,2024-05-13,50.55,5,completed
ORD-000958,C05903,2024-05-13,53.0,4,completed
ORD-000959,C00193,2024-05-14,77.45,2,completed
ORD-000960,C00608,2024-05-14,64.1,3,completed
ORD-000961,C01054,2024-05-14,82.68,3,completed
ORD-000961,C01054,2024-05-14,82.68,3,completed
ORD-000962,C02334,2024-05-14,74.46,2,completed
ORD-000963,C02714,2024-05-14,51.97,3,completed
ORD-000964,C03225,2024-05-14,55.16,3,completed
ORD-000965,C03929,2024-05-14,50.05,1,completed
ORD-000966,C03978,2024-05-14,58.07,2,completed
ORD-000967,C05241,2024-05-14,45.62,2,completed
ORD-000968,C05722,2024-05-14,58.44,5,completed
ORD-000969,C00050,2024-05-15,44.46,2,completed
ORD-000970,C00059,2024-05-15,50.62,3,completed
ORD-000971,C00153,2024-05-15,54.45,3,completed
ORD-000972,C00231,2024-05-15,23.28,2,completed
ORD-000973,C00310,2024-05-15,31.68,1,completed
ORD-000974,C01368,2024-05-15,40.17,3,refunded
ORD-000975,C01602,2024-05-15,42.6,2,completed
ORD-000976,C02013,2024-05-15,76.86,6,completed
ORD-000977,C03270,2024-05-15,34.18,3,completed
ORD-000978,C03572,2024-05-15,63.2,4,completed
ORD-000979,C00545,2024-05-16,50.49,1,completed
ORD-000980,C01757,2024-05-16,52.43,4,completed
ORD-000981,C01765,2024-05-16,86.23,6,completed
ORD-000982,C02008,2024-05-16,37.9,3,completed
ORD-000983,C03026,2024-05-16,54.29,3,completed
ORD-000984,C04539,2024-05-16,38.87,1,completed
ORD-000985,C05468,2024-05-16,99.54,4,completed
ORD-000986,C01315,2024-05-17,50.58,3,completed
ORD-000987,C02184,2024-05-17,18.45,2,completed
ORD-000988,C02216,2024-05-17,39.56,1,completed
ORD-000989,C03163,2024-05-17,43.86,2,completed
ORD-000990,C03891,2024-05-17,35.39,2,completed
ORD-000991,C04676,2024-05-17,51.1,3,completed
ORD-000992,C05363,2024-05-17,43.35,1,refunded
ORD-000993,C00204,2024-05-18,33.26,4,refunded
ORD-000994,C00264,2024-05-18,50.29,2,completed
ORD-000995,C00302,2024-05-18,49.36,1,completed
ORD-000996,C00417,2024-05-18,46.72,2,completed
ORD-000997,C00795,2024-05-18,82.46,5,completed
ORD-000998,C00806,2024-05-18,40.88,2,completed
ORD-000999,C02477,2024-05-18,52.34,2,completed
ORD-001000,C02896,2024-05-18,37.4,2,completed
ORD-001001,C03189,2024-05-18,79.18,7,completed
ORD-001002,C03607,2024-05-18,44.36,4,completed
ORD-001003,C03901,2024-05-18,99.67,7,completed
ORD-001004,C03970,2024-05-18,100.18,5,completed
ORD-001005,C05488,2024-05-18,54.74,1,completed
ORD-001006,C05757,2024-05-18,69.27,6,completed
ORD-001007,C00128,2024-05-19,44.59,1,completed
ORD-001008,C00264,2024-05-19,66.65,6,completed
ORD-001009,C01151,2024-05-19,113.08,5,completed
ORD-001010,C02606,2024-05-19,47.85,3,completed
ORD-001011,C03257,2024-05-19,51.8,6,completed
ORD-001012,C03972,2024-05-19,55.75,4,completed
ORD-001013,C05064,2024-05-19,77.53,2,completed
ORD-001014,C05470,2024-05-19,53.67,5,completed
ORD-001015,C00462,2024-05-20,35.6,3,completed
ORD-001016,C02517,2024-05-20,102.47,4,completed
ORD-001017,C04750,2024-05-20,108.58,5,completed
ORD-001018,C05325,2024-05-20,64.39,3,completed
ORD-001019,C05371,2024-05-20,42.23,3,completed
ORD-001020,C05519,2024-05-20,90.15,4,completed
ORD-001021,C05722,2024-05-20,41.55,2,completed
ORD-001022,C00261,2024-05-21,53.09,2,completed
ORD-001023,C01139,2024-05-21,19.8,2,completed
ORD-001024,C01165,2024-05-21,45.09,1,completed
ORD-001025,C02049,2024-05-21,35.47,6,completed
ORD-001026,C02891,2024-05-21,35.02,5,completed
ORD-001027,C03215,2024-05-21,69.29,5,completed
ORD-001028,C04369,2024-05-21,53.2,1,completed
ORD-001029,C04642,2024-05-21,45.33,4,completed
ORD-001030,C05326,2024-05-21,70.63,5,completed
ORD-001031,C05404,2024-05-21,33.85,3,completed
ORD-001032,C00018,2024-05-22,78.68,2,completed
ORD-001033,C00376,2024-05-22,59.31,2,completed
ORD-001034,C01529,2024-05-22,50.35,1,completed
ORD-001035,C02953,2024-05-22,54.02,6,completed
ORD-001035,C02953,2024-05-22,54.02,6,completed
ORD-001036,C05419,2024-05-22,32.85,3,completed
ORD-001037,C05571,2024-05-22,131.16,7,completed
ORD-001038,C05943,2024-05-22,60.67,6,completed
ORD-001039,C00469,2024-05-23,43.96,7,completed
ORD-001040,C02903,2024-05-23,62.16,3,completed
ORD-001041,C02912,2024-05-23,75.96,4,completed
ORD-001042,C04187,2024-05-23,96.52,9,completed
ORD-001043,C04457,2024-05-23,54.61,5,completed
ORD-001044,C04720,2024-05-23,24.2,2,completed
ORD-001045,C05560,2024-05-23,60.94,4,completed
ORD-001046,C00849,2024-05-24,63.61,2,completed
ORD-001047,C01107,2024-05-24,111.13,5,completed
ORD-001048,C01915,2024-05-24,49.29,4,completed
ORD-001049,C02360,2024-05-24,37.81,2,completed
ORD-001050,C02376,2024-05-24,47.83,4,completed
ORD-001051,C04252,2024-05-24,53.37,3,completed
ORD-001052,C04881,2024-05-24,66.43,4,completed
ORD-001053,C05078,2024-05-24,58.38,2,completed
ORD-001054,C05760,2024-05-24,65.47,5,cancelled
ORD-001055,C00086,2024-05-25,54.96,4,completed
ORD-001056,C00455,2024-05-25,60.9,2,completed
ORD-001057,C00552,2024-05-25,82.35,7,completed
ORD-001058,C00762,2024-05-25,56.97,3,completed
ORD-001059,C01568,2024-05-25,45.04,4,completed
ORD-001060,C01990,2024-05-25,41.82,1,completed
ORD-001061,C02383,2024-05-25,95.07,5,completed
ORD-001062,C02526,2024-05-25,51.08,1,completed
ORD-001063,C02754,2024-05-25,53.4,3,completed
ORD-001064,C02823,2024-05-25,67.21,5,completed
ORD-001065,C02963,2024-05-25,52.34,5,completed
ORD-001066,C04414,2024-05-25,60.77,4,completed
ORD-001067,C04466,2024-05-25,57.49,5,completed
ORD-001068,C05042,2024-05-25,58.8,4,completed
ORD-001069,C05794,2024-05-25,120.61,9,completed
ORD-001070,C00091,2024-05-26,59.83,2,completed
ORD-001071,C01004,2024-05-26,40.16,3,completed
ORD-001072,C01297,2024-05-26,55.92,3,completed
ORD-001073,C02174,2024-05-26,35.61,2,completed
ORD-001074,C03058,2024-05-26,56.13,1,completed
ORD-001075,C04008,2024-05-26,26.76,2,completed
ORD-001076,C04126,2024-05-26,106.86,2,completed
ORD-001077,C05481,2024-05-26,28.96,1,completed
ORD-001078,C00195,2024-05-27,30.68,1,completed
ORD-001079,C00268,2024-05-27,40.99,3,completed
ORD-001080,C00523,2024-05-27,109.5,2,completed
ORD-001081,C00985,2024-05-27,40.83,2,completed
ORD-001082,C01154,2024-05-27,119.27,8,completed
ORD-001083,C01443,2024-05-27,61.66,3,completed
ORD-001084,C01784,2024-05-27,61.55,3,completed
ORD-001085,C01964,2024-05-27,62.76,4,cancelled
ORD-001086,C02009,2024-05-27,61.35,3,completed
ORD-001087,C02683,2024-05-27,31.93,1,completed
ORD-001088,C02951,2024-05-27,58.75,5,completed
ORD-001089,C03528,2024-05-27,62.1,3,completed
ORD-001090,C03706,2024-05-27,299.13,12,completed
ORD-001091,C03794,2024-05-27,31.26,1,completed
ORD-001092,C04143,2024-05-27,31.1,3,completed
ORD-001093,C04224,2024-05-27,93.31,2,completed
ORD-001094,C04559,2024-05-27,62.23,1,completed
ORD-001095,C04705,2024-05-27,66.28,5,completed
ORD-001096,C00029,2024-05-28,30.87,3,completed
ORD-001097,C01111,2024-05-28,24.59,1,completed
ORD-001098,C01519,2024-05-28,93.7,8,completed
ORD-001099,C01843,2024-05-28,36.14,2,completed
ORD-001100,C02741,2024-05-28,94.06,3,completed
ORD-001101,C03199,2024-05-28,44.38,3,completed
ORD-001102,C03425,2024-05-28,57.86,5,completed
ORD-001103,C03539,2024-05-28,43.62,4,completed
ORD-001104,C04388,2024-05-28,48.58,1,completed
ORD-001105,C04936,2024-05-28,68.49,6,completed
ORD-001106,C00442,2024-05-29,82.46,4,completed
ORD-001107,C00703,2024-05-29,22.65,4,completed
ORD-001108,C00794,2024-05-29,72.53,4,completed
ORD-001109,C01240,2024-05-29,93.35,5,completed
ORD-001110,C01396,2024-05-29,62.07,3,completed
ORD-001111,C01904,2024-05-29,41.98,5,completed
ORD-001112,C02916,2024-05-29,66.87,4,completed
ORD-001113,C04660,2024-05-29,119.58,5,completed
ORD-001114,C05263,2024-05-29,45.25,2,completed
ORD-001115,C05440,2024-05-29,69.32,2,completed
ORD-001116,C05874,2024-05-29,59.49,4,completed
ORD-001117,C05962,2024-05-29,70.76,4,completed
ORD-001118,C00098,2024-05-30,55.91,6,completed
ORD-001119,C00264,2024-05-30,40.75,3,completed
ORD-001120,C02209,2024-05-30,50.98,4,completed
ORD-001121,C02774,2024-05-30,56.43,4,completed
ORD-001122,C04079,2024-05-30,70.98,6,completed
ORD-001123,C04286,2024-05-30,58.13,3,completed
ORD-001124,C04654,2024-05-30,74.71,1,completed
ORD-001125,C04654,2024-05-30,121.48,5,completed
ORD-001126,C04840,2024-05-30,71.99,3,completed
ORD-001127,C05568,2024-05-30,73.96,2,completed
ORD-001128,C05735,2024-05-30,109.52,6,completed
ORD-001129,C00375,2024-05-31,47.88,4,completed
ORD-001130,C01434,2024-05-31,48.52,1,completed
ORD-001131,C02957,2024-05-31,54.04,1,completed
ORD-001132,C03343,2024-05-31,21.82,2,completed
ORD-001133,C03806,2024-05-31,29.23,1,completed
ORD-001134,C04014,2024-05-31,60.35,4,completed
ORD-001135,C04399,2024-05-31,50.61,3,completed
ORD-001136,C04660,2024-05-31,101.73,4,completed
ORD-001137,C04671,2024-05-31,121.03,5,completed
ORD-001138,C05888,2024-05-31,115.24,3,completed
ORD-001139,C02129,2024-06-01,23.41,1,completed
ORD-001140,C03657,2024-06-01,71.92,2,completed
ORD-001141,C03962,2024-06-01,53.54,3,completed
ORD-001142,C03968,2024-06-01,114.14,5,completed
ORD-001143,C04961,2024-06-01,39.87,4,completed
ORD-001144,C04962,2024-06-01,40.84,2,completed
ORD-001145,C05049,2024-06-01,39.66,3,completed
ORD-001146,C05826,2024-06-01,82.31,3,completed
ORD-001147,C03117,2024-06-02,40.5,4,completed
ORD-001148,C03618,2024-06-02,47.77,1,completed
ORD-001149,C05342,2024-06-02,52.74,4,completed
ORD-001150,C05869,2024-06-02,78.78,6,completed
ORD-001151,C05979,2024-06-02,70.13,5,completed
ORD-001152,C00089,2024-06-03,97.77,5,completed
ORD-001153,C00927,2024-06-03,43.61,2,completed
ORD-001154,C00954,2024-06-03,82.4,7,completed
ORD-001155,C01330,2024-06-03,24.97,2,completed
ORD-001156,C02442,2024-06-03,94.88,5,cancelled
ORD-001157,C02923,2024-06-03,108.17,5,completed
ORD-001158,C02989,2024-06-03,30.97,3,completed
ORD-001159,C04565,2024-06-03,29.73,1,completed
ORD-001160,C04922,2024-06-03,119.25,2,completed
ORD-001161,C04984,2024-06-03,44.91,5,completed
ORD-001162,C05062,2024-06-03,69.98,9,completed
ORD-001163,C05334,2024-06-03,39.48,4,completed
ORD-001164,C00927,2024-06-04,58.28,6,completed
ORD-001165,C01444,2024-06-04,40.53,6,completed
ORD-001166,C01661,2024-06-04,78.62,6,completed
ORD-001167,C02197,2024-06-04,67.78,1,completed
ORD-001168,C02771,2024-06-04,49.98,2,completed
ORD-001169,C02881,2024-06-04,75.8,5,completed
ORD-001170,C03121,2024-06-04,146.63,9,completed
ORD-001171,C04009,2024-06-04,29.46,1,completed
ORD-001172,C04063,2024-06-04,89.09,6,completed
ORD-001173,C05470,2024-06-04,48.6,2,refunded
ORD-001174,C00778,2024-06-05,67.38,1,completed
ORD-001175,C00889,2024-06-05,33.1,1,completed
ORD-001176,C00968,2024-06-05,93.37,6,completed
ORD-001177,C01360,2024-06-05,30.18,2,completed
ORD-001178,C02110,2024-06-05,39.77,2,completed
ORD-001179,C02521,2024-06-05,72.64,4,completed
ORD-001180,C03374,2024-06-05,40.49,1,completed
ORD-001181,C04410,2024-06-05,40.81,5,completed
ORD-001182,C04573,2024-06-05,72.25,2,completed
ORD-001183,C05408,2024-06-05,41.16,2,completed
ORD-001184,C00175,2024-06-06,63.46,2,completed
ORD-001185,C00538,2024-06-06,90.53,8,completed
ORD-001186,C03235,2024-06-06,66.48,4,completed
ORD-001187,C03534,2024-06-06,61.19,4,completed
ORD-001188,C04063,2024-06-06,50.86,6,completed
ORD-001189,C05107,2024-06-06,30.54,2,completed
ORD-001190,C00266,2024-06-07,41.59,1,completed
ORD-001191,C00798,2024-06-07,57.68,3,completed
ORD-001192,C00925,2024-06-07,80.69,6,completed
ORD-001193,C02754,2024-06-07,72.24,4,completed
ORD-001194,C02810,2024-06-07,74.55,3,completed
ORD-001195,C03686,2024-06-07,88.64,3,completed
ORD-001196,C03760,2024-06-07,38.33,3,completed
ORD-001197,C04374,2024-06-07,86.28,1,completed
ORD-001198,C04467,2024-06-07,41.26,4,completed
ORD-001199,C05677,2024-06-07,65.47,2,completed
ORD-001200,C05875,2024-06-07,49.3,2,completed
ORD-001201,C00084,2024-06-08,25.68,2,completed
ORD-001202,C00084,2024-06-08,20.95,2,completed
ORD-001203,C00539,2024-06-08,98.86,7,completed
ORD-001204,C01298,2024-06-08,61.48,5,completed
ORD-001205,C02588,2024-06-08,39.83,2,completed
ORD-001206,C02696,2024-06-08,72.48,6,completed
ORD-001207,C02754,2024-06-08,91.19,1,completed
ORD-001208,C04617,2024-06-08,34.64,4,completed
ORD-001209,C05004,2024-06-08,37.89,5,completed
ORD-001210,C01100,2024-06-09,77.4,3,completed
ORD-001211,C01164,2024-06-09,34.91,5,completed
ORD-001212,C01845,2024-06-09,57.76,4,completed
ORD-001213,C02725,2024-06-09,90.25,2,completed
ORD-001214,C03602,2024-06-09,43.19,2,completed
ORD-001215,C03735,2024-06-09,67.72,4,completed
ORD-001216,C04709,2024-06-09,46.98,2,completed
ORD-001217,C01470,2024-06-10,57.47,2,completed
ORD-001218,C01762,2024-06-10,79.07,5,completed
ORD-001219,C02944,2024-06-10,61.82,2,completed
ORD-001220,C03955,2024-06-10,47.38,1,completed
ORD-001221,C04997,2024-06-10,67.54,3,completed
ORD-001222,C05061,2024-06-10,26.48,2,completed
ORD-001223,C05507,2024-06-10,42.44,3,completed
ORD-001224,C01590,2024-06-11,81.62,3,completed
ORD-001225,C01781,2024-06-11,50.72,3,completed
ORD-001226,C02186,2024-06-11,42.11,4,completed
ORD-001227,C02774,2024-06-11,47.99,4,completed
ORD-001228,C03100,2024-06-11,65.71,3,completed
ORD-001229,C03263,2024-06-11,47.75,3,completed
ORD-001230,C04376,2024-06-11,67.11,3,completed
ORD-001231,C05203,2024-06-11,99.3,6,completed
ORD-001232,C05205,2024-06-11,22.91,3,completed
ORD-001233,C05419,2024-06-11,25.88,1,completed
ORD-001234,C05809,2024-06-11,50.21,1,completed
ORD-001235,C05926,2024-06-11,69.1,4,completed
ORD-001236,C00131,2024-06-12,127.84,4,completed
ORD-001237,C00352,2024-06-12,67.77,2,completed
ORD-001238,C01267,2024-06-12,81.56,2,completed
ORD-001239,C02341,2024-06-12,51.5,7,completed
ORD-001240,C02709,2024-06-12,72.77,4,completed
ORD-001241,C02709,2024-06-12,84.01,2,completed
ORD-001242,C03682,2024-06-12,40.14,1,completed
ORD-001243,C05501,2024-06-12,57.85,1,completed
ORD-001244,C05987,2024-06-12,52.24,3,completed
ORD-001245,C00086,2024-06-13,52.05,5,completed
ORD-001246,C00455,2024-06-13,83.53,2,completed
ORD-001247,C01225,2024-06-13,52.37,3,completed
ORD-001248,C03518,2024-06-13,82.6,4,completed
ORD-001249,C04012,2024-06-13,46.54,2,completed
ORD-001250,C04236,2024-06-13,69.96,5,completed
ORD-001251,C05111,2024-06-13,48.91,3,completed
ORD-001252,C05202,2024-06-13,77.41,3,completed
ORD-001253,C05886,2024-06-13,73.18,4,completed
ORD-001254,C00454,2024-06-14,99.36,3,completed
ORD-001255,C00516,2024-06-14,38.34,1,completed
ORD-001256,C00808,2024-06-14,74.79,2,completed
ORD-001257,C02548,2024-06-14,50.78,2,completed
ORD-001258,C03142,2024-06-14,63.58,1,completed
ORD-001259,C05683,2024-06-14,41.25,4,completed
ORD-001260,C05722,2024-06-14,51.87,1,completed
ORD-001261,C05793,2024-06-14,45.49,3,completed
ORD-001262,C05875,2024-06-14,47.01,2,completed
ORD-001263,C00272,2024-06-15,37.11,2,completed
ORD-001264,C01170,2024-06-15,93.57,6,completed
ORD-001265,C01220,2024-06-15,70.69,2,completed
ORD-001266,C02317,2024-06-15,61.06,4,completed
ORD-001267,C02875,2024-06-15,49.87,2,completed
ORD-001268,C03134,2024-06-15,107.29,9,completed
ORD-001269,C03184,2024-06-15,28.12,1,completed
ORD-001270,C03606,2024-06-15,61.47,6,completed
ORD-001271,C05081,2024-06-15,68.75,7,completed
ORD-001272,C05175,2024-06-15,64.82,3,completed
ORD-001273,C05454,2024-06-15,51.3,2,completed
ORD-001274,C05564,2024-06-15,40.57,4,completed
ORD-001275,C05824,2024-06-15,95.12,5,completed
ORD-001276,C01185,2024-06-16,39.86,4,completed
ORD-001277,C01526,2024-06-16,89.04,4,completed
ORD-001278,C01598,2024-06-16,40.87,4,completed
ORD-001279,C01685,2024-06-16,21.0,3,completed
ORD-001280,C01975,2024-06-16,60.93,1,completed
ORD-001281,C02521,2024-06-16,64.47,6,completed
ORD-001282,C02743,2024-06-16,54.78,1,completed
ORD-001283,C03594,2024-06-16,65.68,1,completed
ORD-001284,C04074,2024-06-16,43.59,1,completed
ORD-001285,C04199,2024-06-16,33.78,2,completed
ORD-001286,C04465,2024-06-16,73.83,6,completed
ORD-001287,C04639,2024-06-16,115.63,5,completed
ORD-001288,C04881,2024-06-16,48.0,3,completed
ORD-001289,C05132,2024-06-16,57.09,4,completed
ORD-001290,C05563,2024-06-16,18.77,1,cancelled
ORD-001291,C00115,2024-06-17,53.32,5,completed
ORD-001292,C01124,2024-06-17,81.75,7,completed
ORD-001293,C01184,2024-06-17,65.74,3,completed
ORD-001294,C01239,2024-06-17,32.36,1,completed
ORD-001295,C01544,2024-06-17,32.12,3,completed
ORD-001296,C01944,2024-06-17,58.86,2,completed
ORD-001297,C02259,2024-06-17,79.2,3,completed
ORD-001298,C02881,2024-06-17,48.03,3,completed
ORD-001299,C03602,2024-06-17,68.29,4,completed
ORD-001300,C03644,2024-06-17,54.86,6,completed
ORD-001301,C04228,2024-06-17,63.53,2,completed
ORD-001302,C04327,2024-06-17,44.32,6,completed
ORD-001303,C04678,2024-06-17,74.72,6,completed
ORD-001304,C05517,2024-06-17,20.84,1,completed
ORD-001305,C05554,2024-06-17,58.24,2,completed
ORD-001306,C05719,2024-06-17,49.67,2,completed
ORD-001307,C05878,2024-06-17,70.86,3,completed
ORD-001308,C05926,2024-06-17,96.69,5,completed
ORD-001309,C05947,2024-06-17,73.21,4,completed
ORD-001310,C00587,2024-06-18,27.4,2,completed
ORD-001311,C01016,2024-06-18,51.4,2,completed
ORD-001312,C01803,2024-06-18,60.37,2,completed
ORD-001313,C01896,2024-06-18,28.67,3,completed
ORD-001314,C02113,2024-06-18,63.14,1,completed
ORD-001315,C03945,2024-06-18,58.37,3,completed
ORD-001316,C05279,2024-06-18,28.14,3,completed
ORD-001317,C00851,2024-06-19,46.27,5,completed
ORD-001318,C01154,2024-06-19,120.39,5,completed
ORD-001319,C01473,2024-06-19,25.86,2,completed
ORD-001319,C01473,2024-06-19,25.86,2,completed
ORD-001320,C01912,2024-06-19,37.71,3,completed
ORD-001321,C03804,2024-06-19,120.67,7,completed
ORD-001322,C04090,2024-06-19,124.5,9,completed
ORD-001323,C04827,2024-06-19,45.32,5,completed
ORD-001324,C05419,2024-06-19,46.58,3,completed
ORD-001325,C05457,2024-06-19,62.32,5,completed
ORD-001326,C00196,2024-06-20,60.97,5,completed
ORD-001327,C00943,2024-06-20,48.88,2,completed
ORD-001328,C02581,2024-06-20,32.94,3,completed
ORD-001329,C03263,2024-06-20,67.95,1,completed
ORD-001330,C04397,2024-06-20,46.0,4,completed
ORD-001331,C04422,2024-06-20,111.6,8,completed
ORD-001332,C04792,2024-06-20,82.07,6,completed
ORD-001333,C04903,2024-06-20,52.11,4,completed
ORD-001334,C05279,2024-06-20,60.11,1,completed
ORD-001335,C05632,2024-06-20,71.21,5,completed
ORD-001336,C00553,2024-06-21,43.44,4,completed
ORD-001337,C01834,2024-06-21,78.82,3,completed
ORD-001338,C02084,2024-06-21,40.14,4,completed
ORD-001339,C02314,2024-06-21,78.59,7,completed
ORD-001340,C04000,2024-06-21,42.42,2,completed
ORD-001341,C04019,2024-06-21,93.46,6,completed
ORD-001342,C04070,2024-06-21,37.76,3,completed
ORD-001343,C04796,2024-06-21,98.98,7,completed
ORD-001344,C05793,2024-06-21,54.47,1,completed
ORD-001345,C00018,2024-06-22,52.33,3,completed
ORD-001346,C00282,2024-06-22,54.81,4,completed
ORD-001347,C00516,2024-06-22,51.08,1,completed
ORD-001348,C01660,2024-06-22,42.88,3,completed
ORD-001349,C02737,2024-06-22,88.98,4,cancelled
ORD-001350,C02916,2024-06-22,61.08,3,cancelled
ORD-001351,C03068,2024-06-22,51.1,3,completed
ORD-001352,C04221,2024-06-22,83.8,5,completed
ORD-001353,C04598,2024-06-22,36.7,2,completed
ORD-001354,C05873,2024-06-22,45.23,4,completed
ORD-001355,C00155,2024-06-23,50.55,4,completed
ORD-001356,C00239,2024-06-23,67.0,5,completed
ORD-001357,C00456,2024-06-23,65.38,4,completed
ORD-001358,C01463,2024-06-23,40.12,3,completed
ORD-001359,C02970,2024-06-23,64.13,2,completed
ORD-001360,C03343,2024-06-23,42.29,3,completed
ORD-001361,C04351,2024-06-23,104.48,6,completed
ORD-001362,C05650,2024-06-23,65.92,4,completed
ORD-001363,C05747,2024-06-23,54.65,3,completed
ORD-001364,C05824,2024-06-23,101.03,1,completed
ORD-001365,C02782,2024-06-24,64.84,5,completed
ORD-001366,C02809,2024-06-24,19.19,2,completed
ORD-001367,C03039,2024-06-24,111.06,2,completed
ORD-001368,C03150,2024-06-24,133.53,7,completed
ORD-001369,C03564,2024-06-24,89.51,3,completed
ORD-001370,C03685,2024-06-24,81.44,5,completed
ORD-001371,C04006,2024-06-24,103.93,4,completed
ORD-001372,C04065,2024-06-24,43.29,2,completed
ORD-001373,C04664,2024-06-24,73.12,4,completed
ORD-001374,C05237,2024-06-24,69.04,4,completed
ORD-001375,C05309,2024-06-24,54.04,1,completed
ORD-001376,C00716,2024-06-25,33.53,1,completed
ORD-001377,C00899,2024-06-25,104.96,2,completed
ORD-001378,C01645,2024-06-25,72.48,6,completed
ORD-001379,C03435,2024-06-25,122.55,6,completed
ORD-001380,C03735,2024-06-25,87.91,3,completed
ORD-001381,C03942,2024-06-25,47.86,2,completed
ORD-001382,C04216,2024-06-25,101.23,8,completed
ORD-001383,C04598,2024-06-25,65.18,7,completed
ORD-001384,C05794,2024-06-25,87.72,5,completed
ORD-001385,C02078,2024-06-26,88.75,4,refunded
ORD-001386,C02204,2024-06-26,70.59,1,completed
ORD-001387,C02748,2024-06-26,35.07,2,completed
ORD-001388,C03109,2024-06-26,86.7,5,completed
ORD-001389,C03155,2024-06-26,33.06,6,completed
ORD-001390,C04063,2024-06-26,54.41,3,completed
ORD-001391,C04094,2024-06-26,81.19,3,completed
ORD-001392,C04253,2024-06-26,80.76,5,completed
ORD-001393,C04427,2024-06-26,58.32,2,completed
ORD-001394,C05945,2024-06-26,62.41,4,completed
ORD-001395,C00663,2024-06-27,106.72,4,completed
ORD-001396,C00980,2024-06-27,91.49,10,completed
ORD-001397,C01337,2024-06-27,64.06,8,completed
ORD-001398,C01337,2024-06-27,70.68,2,completed
ORD-001399,C01472,2024-06-27,110.6,4,completed
ORD-001400,C02282,2024-06-27,42.31,3,completed
ORD-001401,C02803,2024-06-27,74.12,9,completed
ORD-001402,C03442,2024-06-27,22.96,1,completed
ORD-001403,C04508,2024-06-27,60.03,1,completed
ORD-001404,C04797,2024-06-27,74.82,4,completed
ORD-001405,C04940,2024-06-27,69.56,4,completed
ORD-001406,C00767,2024-06-28,59.19,3,completed
ORD-001407,C01369,2024-06-28,81.84,8,completed
ORD-001408,C01628,2024-06-28,48.43,2,completed
ORD-001409,C01697,2024-06-28,92.51,4,completed
ORD-001410,C01888,2024-06-28,82.55,6,completed
ORD-001411,C03168,2024-06-28,59.07,5,completed
ORD-001412,C03267,2024-06-28,108.47,4,completed
ORD-001413,C03742,2024-06-28,101.51,7,completed
ORD-001414,C05384,2024-06-28,55.64,3,completed
ORD-001415,C05414,2024-06-28,52.26,3,completed
ORD-001416,C05869,2024-06-28,86.29,10,completed
ORD-001417,C00036,2024-06-29,53.2,4,completed
ORD-001418,C00424,2024-06-29,100.06,5,completed
ORD-001419,C01405,2024-06-29,145.99,4,completed
ORD-001420,C01896,2024-06-29,39.87,6,completed
ORD-001421,C02224,2024-06-29,66.54,4,completed
ORD-001422,C02398,2024-06-29,48.71,3,completed
ORD-001423,C03630,2024-06-29,55.42,4,completed
ORD-001424,C04207,2024-06-29,51.69,3,completed
ORD-001425,C04988,2024-06-29,81.98,4,completed
ORD-001426,C05038,2024-06-29,64.39,3,completed
ORD-001427,C01189,2024-06-30,52.68,4,completed
ORD-001428,C01764,2024-06-30,115.31,8,completed
ORD-001429,C03125,2024-06-30,83.68,5,completed
ORD-001430,C03285,2024-06-30,38.66,1,completed
ORD-001431,C03943,2024-06-30,59.34,4,completed
ORD-001432,C04576,2024-06-30,47.89,7,completed
ORD-001433,C05388,2024-06-30,57.84,1,completed
ORD-001434,C00589,2024-07-01,46.51,5,completed
ORD-001435,C01110,2024-07-01,59.76,8,completed
ORD-001436,C01185,2024-07-01,78.18,9,completed
ORD-001437,C01185,2024-07-01,77.89,5,completed
ORD-001438,C01196,2024-07-01,51.35,4,refunded
ORD-001439,C01597,2024-07-01,46.41,4,completed
ORD-001440,C03900,2024-07-01,45.81,2,completed
ORD-001441,C05177,2024-07-01,181.94,10,completed
ORD-001442,C05459,2024-07-01,48.77,4,completed
ORD-001443,C00444,2024-07-02,54.24,6,completed
ORD-001444,C01277,2024-07-02,102.6,9,completed
ORD-001445,C02124,2024-07-02,56.38,3,completed
ORD-001446,C02478,2024-07-02,80.78,4,completed
ORD-001447,C03126,2024-07-02,35.39,2,completed
ORD-001448,C04022,2024-07-02,69.19,3,completed
ORD-001449,C05229,2024-07-02,89.49,3,completed
ORD-001450,C05518,2024-07-02,39.92,3,completed
ORD-001451,C00026,2024-07-03,28.1,3,completed
ORD-001452,C01784,2024-07-03,37.03,3,completed
ORD-001453,C02584,2024-07-03,101.83,5,completed
ORD-001454,C02709,2024-07-03,63.15,4,completed
ORD-001455,C03228,2024-07-03,44.6,1,completed
ORD-001456,C04716,2024-07-03,50.51,5,completed
ORD-001457,C05260,2024-07-03,68.39,6,completed
ORD-001458,C05569,2024-07-03,59.39,3,completed
ORD-001459,C01233,2024-07-04,78.46,5,completed
ORD-001460,C01445,2024-07-04,51.72,6,completed
ORD-001461,C01591,2024-07-04,72.07,1,completed
ORD-001462,C01629,2024-07-04,102.54,5,completed
ORD-001463,C03102,2024-07-04,50.47,4,completed
ORD-001464,C03117,2024-07-04,96.55,4,completed
ORD-001465,C03191,2024-07-04,42.06,3,refunded
ORD-001466,C03594,2024-07-04,54.17,4,completed
ORD-001467,C04249,2024-07-04,37.14,1,completed
ORD-001468,C04378,2024-07-04,35.67,1,completed
ORD-001469,C04629,2024-07-04,25.82,1,completed
ORD-001470,C05470,2024-07-04,76.89,5,completed
ORD-001471,C05688,2024-07-04,70.38,5,completed
ORD-001472,C05870,2024-07-04,33.2,1,completed
ORD-001473,C00199,2024-07-05,50.64,4,completed
ORD-001474,C00885,2024-07-05,56.73,5,completed
ORD-001475,C01826,2024-07-05,68.04,1,completed
ORD-001476,C02246,2024-07-05,67.27,3,completed
ORD-001477,C03974,2024-07-05,49.58,2,completed
ORD-001478,C04079,2024-07-05,92.81,7,completed
ORD-001479,C04751,2024-07-05,42.95,1,completed
ORD-001480,C05015,2024-07-05,49.11,5,completed
ORD-001481,C05869,2024-07-05,69.82,5,completed
ORD-001482,C00419,2024-07-06,54.43,2,completed
ORD-001483,C01047,2024-07-06,42.28,2,completed
ORD-001484,C01520,2024-07-06,97.3,5,completed
ORD-001485,C02184,2024-07-06,28.26,2,completed
ORD-001486,C02328,2024-07-06,109.1,5,completed
ORD-001487,C02422,2024-07-06,30.86,3,completed
ORD-001488,C02617,2024-07-06,58.52,3,completed
ORD-001489,C03631,2024-07-06,45.69,5,completed
ORD-001490,C05036,2024-07-06,72.19,3,completed
ORD-001491,C05528,2024-07-06,122.04,5,completed
ORD-001492,C05716,2024-07-06,70.17,3,completed
ORD-001493,C05873,2024-07-06,79.16,8,completed
ORD-001494,C00474,2024-07-07,63.84,3,completed
ORD-001495,C01512,2024-07-07,90.73,3,completed
ORD-001496,C02640,2024-07-07,39.06,1,completed
ORD-001497,C03609,2024-07-07,56.27,2,completed
ORD-001498,C05840,2024-07-07,54.34,3,completed
ORD-001499,C00051,2024-07-08,77.41,6,completed
ORD-001500,C00213,2024-07-08,92.04,3,completed
ORD-001501,C00852,2024-07-08,103.37,2,completed
ORD-001502,C01644,2024-07-08,35.58,1,completed
ORD-001503,C02082,2024-07-08,46.64,2,completed
ORD-001504,C02289,2024-07-08,45.94,4,completed
ORD-001505,C03134,2024-07-08,89.38,4,completed
ORD-001506,C03459,2024-07-08,38.85,1,completed
ORD-001507,C03682,2024-07-08,35.76,4,completed
ORD-001508,C03750,2024-07-08,58.94,3,completed
ORD-001509,C05285,2024-07-08,119.35,4,completed
ORD-001510,C00199,2024-07-09,38.69,3,completed
ORD-001511,C00973,2024-07-09,237.62,9,completed
ORD-001512,C01752,2024-07-09,46.5,2,completed
ORD-001513,C01947,2024-07-09,43.9,2,refunded
ORD-001514,C02328,2024-07-09,40.94,4,completed
ORD-001515,C04325,2024-07-09,45.27,6,completed
ORD-001516,C04391,2024-07-09,100.84,3,completed
ORD-001517,C04641,2024-07-09,74.16,7,completed
ORD-001518,C04851,2024-07-09,66.1,5,completed
ORD-001519,C05248,2024-07-09,57.27,4,completed
ORD-001520,C05402,2024-07-09,69.84,1,completed
ORD-001521,C00112,2024-07-10,55.28,2,completed
ORD-001522,C00213,2024-07-10,61.2,3,completed
ORD-001523,C00332,2024-07-10,87.38,6,completed
ORD-001524,C00436,2024-07-10,46.35,2,completed
ORD-001525,C00682,2024-07-10,62.13,2,completed
ORD-001526,C00898,2024-07-10,67.61,4,completed
ORD-001527,C01058,2024-07-10,47.97,3,completed
ORD-001528,C01450,2024-07-10,52.01,1,completed
ORD-001529,C01916,2024-07-10,48.78,4,completed
ORD-001530,C02131,2024-07-10,73.63,4,completed
ORD-001531,C02443,2024-07-10,44.49,3,completed
ORD-001532,C03385,2024-07-10,30.96,3,completed
ORD-001533,C03976,2024-07-10,73.71,6,completed
ORD-001534,C04210,2024-07-10,133.31,6,completed
ORD-001535,C04594,2024-07-10,55.09,3,completed
ORD-001536,C05818,2024-07-10,87.4,3,completed
ORD-001537,C00469,2024-07-11,33.72,2,completed
ORD-001538,C01868,2024-07-11,38.62,2,completed
ORD-001539,C02216,2024-07-11,42.91,4,completed
ORD-001540,C02875,2024-07-11,43.35,1,completed
ORD-001541,C03133,2024-07-11,64.65,6,completed
ORD-001542,C03654,2024-07-11,83.21,6,completed
ORD-001543,C03872,2024-07-11,35.35,3,completed
ORD-001544,C04705,2024-07-11,35.06,3,completed
ORD-001545,C05260,2024-07-11,65.08,5,completed
ORD-001546,C05350,2024-07-11,49.77,6,completed
ORD-001547,C05656,2024-07-11,107.29,6,completed
ORD-001548,C05855,2024-07-11,78.05,4,completed
ORD-001549,C00587,2024-07-12,35.71,4,completed
ORD-001550,C00870,2024-07-12,66.57,3,completed
ORD-001551,C00888,2024-07-12,49.08,6,completed
ORD-001552,C01551,2024-07-12,28.62,1,completed
ORD-001553,C02285,2024-07-12,34.63,3,completed
ORD-001554,C02898,2024-07-12,73.82,4,completed
ORD-001555,C04201,2024-07-12,65.71,3,completed
ORD-001556,C05013,2024-07-12,68.4,6,completed
ORD-001557,C05132,2024-07-12,38.08,2,completed
ORD-001558,C05438,2024-07-12,49.77,2,completed
ORD-001559,C00523,2024-07-13,60.99,3,completed
ORD-001560,C00865,2024-07-13,128.64,5,completed
ORD-001561,C01248,2024-07-13,38.35,1,completed
ORD-001562,C01435,2024-07-13,165.25,6,completed
ORD-001563,C02747,2024-07-13,43.95,3,completed
ORD-001564,C03087,2024-07-13,43.42,2,completed
ORD-001565,C05962,2024-07-13,111.01,5,completed
ORD-001566,C00737,2024-07-14,24.84,4,completed
ORD-001567,C00936,2024-07-14,91.3,3,completed
ORD-001568,C01237,2024-07-14,47.63,2,completed
ORD-001569,C03802,2024-07-14,127.7,6,completed
ORD-001570,C03925,2024-07-14,70.61,3,completed
ORD-001571,C03962,2024-07-14,64.56,6,completed
ORD-001572,C04160,2024-07-14,114.24,6,completed
ORD-001573,C05634,2024-07-14,39.26,2,completed
ORD-001574,C00970,2024-07-15,75.4,2,completed
ORD-001575,C01180,2024-07-15,48.68,3,completed
ORD-001576,C01621,2024-07-15,43.64,1,completed
ORD-001577,C01764,2024-07-15,130.51,10,completed
ORD-001578,C02932,2024-07-15,56.54,5,completed
ORD-001579,C03594,2024-07-15,62.51,5,completed
ORD-001580,C04978,2024-07-15,68.66,4,completed
ORD-001581,C04984,2024-07-15,22.05,3,completed
ORD-001582,C05203,2024-07-15,88.02,5,completed
ORD-001583,C05474,2024-07-15,46.66,3,completed
ORD-001584,C05794,2024-07-15,98.61,7,completed
ORD-001585,C00084,2024-07-16,42.43,3,completed
ORD-001586,C00519,2024-07-16,77.31,6,completed
ORD-001587,C00536,2024-07-16,65.01,4,completed
ORD-001588,C02327,2024-07-16,35.01,5,completed
ORD-001589,C02638,2024-07-16,28.59,1,cancelled
ORD-001590,C02811,2024-07-16,52.6,1,refunded
ORD-001591,C02845,2024-07-16,63.92,3,completed
ORD-001592,C03489,2024-07-16,36.42,4,completed
ORD-001593,C04187,2024-07-16,72.55,3,completed
ORD-001594,C04741,2024-07-16,30.75,1,completed
ORD-001595,C04802,2024-07-16,80.39,4,completed
ORD-001596,C05477,2024-07-16,44.27,4,completed
ORD-001597,C02998,2024-07-17,52.88,4,completed
ORD-001598,C03652,2024-07-17,45.64,3,completed
ORD-001599,C03693,2024-07-17,54.69,5,completed
ORD-001600,C03947,2024-07-17,20.5,3,completed
ORD-001601,C04009,2024-07-17,43.14,3,completed
ORD-001602,C05665,2024-07-17,82.63,4,completed
ORD-001603,C05873,2024-07-17,38.43,1,completed
ORD-001604,C05962,2024-07-17,141.34,4,cancelled
ORD-001605,C00994,2024-07-18,63.43,2,completed
ORD-001606,C01470,2024-07-18,49.2,3,completed
ORD-001607,C01568,2024-07-18,42.8,3,completed
ORD-001608,C01664,2024-07-18,37.13,1,completed
ORD-001609,C01763,2024-07-18,77.63,7,completed
ORD-001610,C02498,2024-07-18,22.74,2,completed
ORD-001611,C03667,2024-07-18,50.11,3,completed
ORD-001612,C03741,2024-07-18,62.84,3,cancelled
ORD-001613,C04221,2024-07-18,67.35,2,completed
ORD-001614,C04275,2024-07-18,74.53,3,completed
ORD-001615,C04595,2024-07-18,101.67,6,completed
ORD-001616,C05962,2024-07-18,124.61,8,completed
ORD-001617,C00855,2024-07-19,56.62,3,completed
ORD-001618,C01222,2024-07-19,49.79,4,completed
ORD-001619,C01616,2024-07-19,50.0,2,completed
ORD-001620,C03661,2024-07-19,39.23,3,completed
ORD-001621,C03802,2024-07-19,83.48,5,completed
ORD-001622,C04673,2024-07-19,50.0,5,completed
ORD-001623,C05137,2024-07-19,44.15,1,completed
ORD-001624,C01235,2024-07-20,45.57,2,completed
ORD-001625,C02094,2024-07-20,70.51,3,completed
ORD-001626,C05128,2024-07-20,68.01,5,completed
ORD-001627,C00071,2024-07-21,23.77,2,completed
ORD-001628,C00205,2024-07-21,104.84,3,completed
ORD-001629,C01231,2024-07-21,31.43,3,completed
ORD-001630,C01301,2024-07-21,31.99,1,completed
ORD-001631,C01367,2024-07-21,50.41,2,completed
ORD-001632,C01980,2024-07-21,40.67,2,completed
ORD-001633,C02520,2024-07-21,55.57,5,completed
ORD-001634,C04621,2024-07-21,35.57,1,completed
ORD-001635,C04648,2024-07-21,43.2,2,completed
ORD-001636,C04769,2024-07-21,60.74,4,completed
ORD-001637,C00538,2024-07-22,80.27,4,completed
ORD-001638,C00791,2024-07-22,56.79,5,completed
ORD-001639,C01509,2024-07-22,35.75,4,completed
ORD-001640,C01738,2024-07-22,82.8,3,completed
ORD-001641,C02278,2024-07-22,86.74,4,completed
ORD-001642,C03059,2024-07-22,83.24,6,completed
ORD-001643,C04288,2024-07-22,105.21,4,completed
ORD-001644,C04927,2024-07-22,55.84,3,completed
ORD-001645,C05379,2024-07-22,48.26,4,completed
ORD-001646,C00482,2024-07-23,38.83,2,completed
ORD-001647,C01793,2024-07-23,32.79,1,completed
ORD-001648,C01835,2024-07-23,79.48,6,completed
ORD-001649,C02785,2024-07-23,57.59,1,completed
ORD-001650,C02876,2024-07-23,60.9,4,completed
ORD-001651,C03158,2024-07-23,85.05,8,completed
ORD-001652,C03414,2024-07-23,36.77,3,completed
ORD-001653,C03638,2024-07-23,62.23,2,completed
ORD-001654,C03661,2024-07-23,35.58,3,completed
ORD-001655,C04910,2024-07-23,73.06,1,completed
ORD-001656,C05154,2024-07-23,87.31,7,completed
ORD-001657,C05793,2024-07-23,32.39,1,cancelled
ORD-001658,C00553,2024-07-24,31.43,1,completed
ORD-001659,C01016,2024-07-24,63.13,4,completed
ORD-001660,C01437,2024-07-24,92.52,6,completed
ORD-001661,C02741,2024-07-24,95.02,6,completed
ORD-001662,C03921,2024-07-24,92.66,4,completed
ORD-001663,C04225,2024-07-24,66.56,2,completed
ORD-001664,C04608,2024-07-24,94.24,3,completed
ORD-001665,C05001,2024-07-24,55.07,5,completed
ORD-001666,C01097,2024-07-25,56.99,6,completed
ORD-001667,C01179,2024-07-25,95.15,3,completed
ORD-001668,C01976,2024-07-25,72.29,1,completed
ORD-001669,C03856,2024-07-25,36.09,2,completed
ORD-001670,C04095,2024-07-25,46.03,3,completed
ORD-001671,C05133,2024-07-25,86.19,3,completed
ORD-001672,C05220,2024-07-25,59.97,1,completed
ORD-001673,C05381,2024-07-25,36.17,3,completed
ORD-001674,C05848,2024-07-25,60.71,1,completed
ORD-001675,C01197,2024-07-26,44.98,2,completed
ORD-001676,C01350,2024-07-26,128.49,7,completed
ORD-001677,C01722,2024-07-26,61.74,2,completed
ORD-001678,C02828,2024-07-26,31.62,8,completed
ORD-001679,C03604,2024-07-26,73.33,5,completed
ORD-001680,C03987,2024-07-26,64.62,2,completed
ORD-001681,C04640,2024-07-26,52.93,5,completed
ORD-001682,C04897,2024-07-26,66.57,3,completed
ORD-001683,C05760,2024-07-26,59.68,3,completed
ORD-001684,C05976,2024-07-26,66.86,5,completed
ORD-001685,C02465,2024-07-27,48.88,5,completed
ORD-001686,C02548,2024-07-27,49.7,3,completed
ORD-001687,C02831,2024-07-27,86.16,6,completed
ORD-001688,C02886,2024-07-27,52.7,2,completed
ORD-001689,C03081,2024-07-27,105.42,4,completed
ORD-001690,C03791,2024-07-27,51.93,3,completed
ORD-001691,C04021,2024-07-27,79.41,6,completed
ORD-001692,C04877,2024-07-27,228.17,9,completed
ORD-001693,C05793,2024-07-27,39.18,1,completed
ORD-001694,C00199,2024-07-28,44.26,5,completed
ORD-001695,C01781,2024-07-28,51.45,4,completed
ORD-001696,C01811,2024-07-28,41.49,1,completed
ORD-001697,C02942,2024-07-28,72.23,2,completed
ORD-001698,C03330,2024-07-28,49.52,2,completed
ORD-001699,C05076,2024-07-28,54.68,2,completed
ORD-001700,C01857,2024-07-29,81.27,4,completed
ORD-001701,C01925,2024-07-29,36.75,2,refunded
ORD-001702,C01941,2024-07-29,55.94,1,completed
ORD-001703,C02390,2024-07-29,80.62,3,completed
ORD-001704,C04982,2024-07-29,113.53,8,completed
ORD-001705,C04996,2024-07-29,45.44,4,completed
ORD-001706,C05775,2024-07-29,69.85,5,completed
ORD-001707,C05882,2024-07-29,71.98,1,completed
ORD-001708,C00488,2024-07-30,63.53,5,completed
ORD-001709,C01189,2024-07-30,30.31,2,completed
ORD-001710,C01576,2024-07-30,62.25,3,completed
ORD-001711,C01598,2024-07-30,60.6,4,completed
ORD-001712,C01657,2024-07-30,54.45,1,completed
ORD-001713,C01896,2024-07-30,40.26,1,completed
ORD-001714,C02751,2024-07-30,49.55,4,completed
ORD-001715,C02898,2024-07-30,124.33,6,completed
ORD-001716,C03232,2024-07-30,49.46,1,cancelled
ORD-001717,C03544,2024-07-30,69.18,5,completed
ORD-001718,C03899,2024-07-30,76.64,1,completed
ORD-001719,C04383,2024-07-30,69.39,7,completed
ORD-001720,C04742,2024-07-30,67.37,4,completed
ORD-001721,C04891,2024-07-30,58.29,2,completed
ORD-001722,C05051,2024-07-30,72.7,4,completed
ORD-001723,C05481,2024-07-30,24.9,3,completed
ORD-001724,C05958,2024-07-30,58.32,2,completed
ORD-001725,C01457,2024-07-31,63.63,5,completed
ORD-001726,C02518,2024-07-31,39.78,1,completed
ORD-001727,C02660,2024-07-31,44.57,2,completed
ORD-001728,C02716,2024-07-31,44.79,1,completed
ORD-001729,C03610,2024-07-31,104.77,4,refunded
ORD-001730,C03784,2024-07-31,51.26,3,completed
ORD-001731,C05346,2024-07-31,41.89,3,completed
ORD-001732,C05362,2024-07-31,92.13,4,completed
ORD-001733,C05409,2024-07-31,40.07,3,completed
ORD-001734,C00016,2024-08-01,100.31,2,completed
ORD-001735,C00039,2024-08-01,51.86,1,completed
ORD-001736,C01644,2024-08-01,58.64,3,completed
ORD-001737,C01668,2024-08-01,52.15,2,completed
ORD-001738,C01891,2024-08-01,33.11,2,completed
ORD-001739,C03185,2024-08-01,44.28,1,completed
ORD-001740,C04664,2024-08-01,66.15,3,completed
ORD-001741,C04951,2024-08-01,35.83,1,completed
ORD-001742,C04955,2024-08-01,39.63,4,completed
ORD-001743,C05139,2024-08-01,38.14,3,completed
ORD-001744,C05616,2024-08-01,90.46,4,completed
ORD-001745,C05646,2024-08-01,68.8,7,completed
ORD-001746,C00756,2024-08-02,47.11,4,completed
ORD-001747,C01468,2024-08-02,48.28,2,completed
ORD-001748,C01484,2024-08-02,56.01,3,completed
ORD-001749,C01826,2024-08-02,91.36,6,completed
ORD-001750,C02623,2024-08-02,50.21,6,completed
ORD-001751,C03266,2024-08-02,76.19,1,completed
ORD-001752,C03284,2024-08-02,30.54,1,completed
ORD-001753,C03537,2024-08-02,23.02,1,completed
ORD-001754,C04187,2024-08-02,148.68,7,completed
ORD-001755,C04249,2024-08-02,55.57,2,completed
ORD-001756,C04424,2024-08-02,103.17,6,completed
ORD-001757,C05228,2024-08-02,83.11,4,completed
ORD-001758,C00163,2024-08-03,35.68,1,completed
ORD-001759,C00206,2024-08-03,43.65,2,completed
ORD-001760,C00454,2024-08-03,56.08,1,completed
ORD-001761,C02708,2024-08-03,50.23,3,completed
ORD-001762,C03034,2024-08-03,63.78,1,completed
ORD-001763,C04143,2024-08-03,38.97,2,completed
ORD-001764,C05047,2024-08-03,59.83,4,completed
ORD-001765,C00828,2024-08-04,43.71,2,completed
ORD-001766,C01742,2024-08-04,63.4,3,completed
ORD-001767,C01851,2024-08-04,67.05,9,completed
ORD-001768,C02483,2024-08-04,49.04,5,completed
ORD-001769,C03682,2024-08-04,45.16,2,completed
ORD-001770,C00084,2024-08-05,27.73,2,completed
ORD-001771,C00098,2024-08-05,73.4,6,completed
ORD-001772,C00264,2024-08-05,56.4,5,completed
ORD-001773,C00313,2024-08-05,72.04,3,completed
ORD-001774,C02608,2024-08-05,48.03,3,completed
ORD-001775,C02847,2024-08-05,41.74,2,completed
ORD-001776,C03416,2024-08-05,31.93,1,completed
ORD-001777,C00163,2024-08-06,34.35,3,completed
ORD-001778,C00243,2024-08-06,55.29,2,completed
ORD-001779,C00556,2024-08-06,35.19,3,completed
ORD-001780,C00608,2024-08-06,56.53,1,completed
ORD-001781,C01980,2024-08-06,48.56,6,completed
ORD-001782,C02515,2024-08-06,80.97,7,completed
ORD-001783,C02754,2024-08-06,57.45,6,completed
ORD-001784,C00074,2024-08-07,63.13,3,completed
ORD-001785,C00644,2024-08-07,35.21,3,completed
ORD-001786,C02353,2024-08-07,36.18,1,completed
ORD-001787,C02482,2024-08-07,25.91,4,completed
ORD-001788,C03020,2024-08-07,35.09,1,completed
ORD-001789,C03984,2024-08-07,33.86,1,completed
ORD-001790,C04014,2024-08-07,67.59,8,completed
ORD-001791,C04344,2024-08-07,64.22,1,completed
ORD-001792,C04529,2024-08-07,77.82,6,completed
ORD-001793,C00525,2024-08-08,91.66,2,completed
ORD-001794,C00693,2024-08-08,52.4,1,completed
ORD-001795,C01555,2024-08-08,60.9,4,completed
ORD-001796,C01605,2024-08-08,34.57,1,completed
ORD-001797,C01764,2024-08-08,74.62,6,completed
ORD-001798,C02823,2024-08-08,88.76,5,completed
ORD-001799,C03285,2024-08-08,35.22,2,completed
ORD-001800,C03594,2024-08-08,30.32,1,cancelled
ORD-001801,C04470,2024-08-08,62.48,3,completed
ORD-001802,C04591,2024-08-08,54.29,1,completed
ORD-001803,C04769,2024-08-08,67.86,3,completed
ORD-001804,C04965,2024-08-08,72.85,5,completed
ORD-001805,C05011,2024-08-08,28.68,3,completed
ORD-001806,C05230,2024-08-08,44.89,2,completed
ORD-001807,C05840,2024-08-08,29.44,2,completed
ORD-001808,C05962,2024-08-08,121.82,3,completed
ORD-001809,C00018,2024-08-09,87.33,3,completed
ORD-001810,C00255,2024-08-09,45.08,3,completed
ORD-001811,C00283,2024-08-09,109.56,2,completed
ORD-001812,C01157,2024-08-09,64.68,3,completed
ORD-001813,C01441,2024-08-09,103.39,2,completed
ORD-001814,C01814,2024-08-09,41.14,1,completed
ORD-001815,C02417,2024-08-09,46.74,3,completed
ORD-001816,C03802,2024-08-09,92.87,3,completed
ORD-001817,C03849,2024-08-09,42.93,2,completed
ORD-001818,C04429,2024-08-09,49.54,3,completed
ORD-001819,C04438,2024-08-09,53.16,4,completed
ORD-001820,C04734,2024-08-09,66.0,5,completed
ORD-001821,C04817,2024-08-09,41.03,2,completed
ORD-001822,C04956,2024-08-09,29.06,2,completed
ORD-001823,C04991,2024-08-09,87.06,5,completed
ORD-001824,C05493,2024-08-09,61.3,3,completed
ORD-001825,C00654,2024-08-10,67.76,2,completed
ORD-001826,C01686,2024-08-10,95.92,3,completed
ORD-001827,C02382,2024-08-10,49.88,6,completed
ORD-001828,C03995,2024-08-10,43.45,3,completed
ORD-001829,C04478,2024-08-10,53.15,3,completed
ORD-001830,C04868,2024-08-10,47.74,6,completed
ORD-001831,C04953,2024-08-10,84.4,3,completed
ORD-001832,C05011,2024-08-10,69.22,4,completed
ORD-001833,C05385,2024-08-10,33.71,1,completed
ORD-001834,C00427,2024-08-11,56.44,4,completed
ORD-001835,C02100,2024-08-11,49.8,2,completed
ORD-001836,C02521,2024-08-11,45.67,2,completed
ORD-001837,C02557,2024-08-11,119.7,4,completed
ORD-001838,C02687,2024-08-11,119.85,10,completed
ORD-001839,C02754,2024-08-11,56.63,3,completed
ORD-001840,C03232,2024-08-11,40.44,3,completed
ORD-001841,C04089,2024-08-11,36.8,4,completed
ORD-001842,C04927,2024-08-11,90.94,3,completed
ORD-001843,C00488,2024-08-12,51.48,2,completed
ORD-001844,C01091,2024-08-12,61.66,5,completed
ORD-001845,C01185,2024-08-12,48.92,2,completed
ORD-001846,C01722,2024-08-12,58.96,3,completed
ORD-001847,C02120,2024-08-12,82.7,3,completed
ORD-001848,C02659,2024-08-12,74.86,3,completed
ORD-001849,C02781,2024-08-12,64.47,5,completed
ORD-001850,C03665,2024-08-12,44.48,4,completed
ORD-001851,C03802,2024-08-12,96.3,5,completed
ORD-001852,C05041,2024-08-12,48.75,2,completed
ORD-001853,C05759,2024-08-12,103.01,6,completed
ORD-001854,C05937,2024-08-12,47.09,4,completed
ORD-001855,C05966,2024-08-12,100.41,5,completed
ORD-001856,C00192,2024-08-13,95.7,6,completed
ORD-001857,C00416,2024-08-13,40.49,2,completed
ORD-001858,C00701,2024-08-13,49.9,4,completed
ORD-001859,C00771,2024-08-13,42.49,2,completed
ORD-001860,C01542,2024-08-13,56.76,2,completed
ORD-001861,C01547,2024-08-13,72.51,3,completed
ORD-001862,C01984,2024-08-13,24.36,2,completed
ORD-001863,C02630,2024-08-13,83.76,8,completed
ORD-001864,C02876,2024-08-13,50.61,4,completed
ORD-001865,C02986,2024-08-13,34.65,4,cancelled
ORD-001866,C04004,2024-08-13,122.41,5,completed
ORD-001867,C04047,2024-08-13,82.3,4,completed
ORD-001868,C04484,2024-08-13,19.56,2,completed
ORD-001869,C04978,2024-08-13,89.57,6,completed
ORD-001870,C05298,2024-08-13,44.21,2,completed
ORD-001871,C00753,2024-08-14,42.35,1,completed
ORD-001872,C00888,2024-08-14,39.06,2,completed
ORD-001873,C01185,2024-08-14,70.88,2,completed
ORD-001874,C02186,2024-08-14,58.47,4,completed
ORD-001875,C03059,2024-08-14,98.51,4,completed
ORD-001876,C03334,2024-08-14,19.96,2,completed
ORD-001877,C04327,2024-08-14,36.14,4,completed
ORD-001878,C04361,2024-08-14,65.56,5,completed
ORD-001879,C04562,2024-08-14,107.68,2,completed
ORD-001880,C04958,2024-08-14,59.79,5,completed
ORD-001881,C05760,2024-08-14,39.94,4,completed
ORD-001882,C05773,2024-08-14,43.33,2,cancelled
ORD-001883,C00161,2024-08-15,84.52,7,completed
ORD-001884,C00562,2024-08-15,31.79,2,completed
ORD-001885,C00744,2024-08-15,30.37,2,completed
ORD-001886,C00893,2024-08-15,24.19,5,completed
ORD-001887,C01081,2024-08-15,60.31,5,completed
ORD-001888,C02917,2024-08-15,39.39,4,completed
ORD-001889,C03702,2024-08-15,35.75,1,completed
ORD-001890,C03849,2024-08-15,43.16,4,completed
ORD-001891,C03968,2024-08-15,80.58,3,completed
ORD-001892,C04210,2024-08-15,73.6,4,completed
ORD-001893,C04676,2024-08-15,63.99,5,completed
ORD-001894,C04750,2024-08-15,83.94,5,completed
ORD-001895,C04903,2024-08-15,55.68,3,completed
ORD-001896,C04964,2024-08-15,68.38,6,completed
ORD-001897,C05785,2024-08-15,53.73,3,completed
ORD-001898,C00946,2024-08-16,35.22,2,completed
ORD-001899,C00953,2024-08-16,82.64,4,completed
ORD-001900,C01660,2024-08-16,76.52,2,completed
ORD-001901,C02806,2024-08-16,52.21,3,completed
ORD-001902,C02844,2024-08-16,51.44,2,completed
ORD-001903,C02939,2024-08-16,60.8,3,completed
ORD-001904,C03003,2024-08-16,51.48,5,completed
ORD-001905,C03063,2024-08-16,97.96,6,completed
ORD-001906,C03192,2024-08-16,50.47,4,completed
ORD-001907,C03891,2024-08-16,50.41,2,completed
ORD-001908,C03955,2024-08-16,46.99,3,completed
ORD-001909,C04520,2024-08-16,55.46,1,completed
ORD-001910,C04529,2024-08-16,160.84,7,completed
ORD-001911,C04692,2024-08-16,41.84,2,completed
ORD-001912,C04872,2024-08-16,96.44,8,completed
ORD-001913,C05212,2024-08-16,95.7,2,completed
ORD-001914,C00727,2024-08-17,59.08,3,completed
ORD-001915,C01639,2024-08-17,61.42,5,completed
ORD-001916,C01741,2024-08-17,56.25,4,completed
ORD-001917,C01785,2024-08-17,45.41,3,completed
ORD-001918,C01939,2024-08-17,61.73,3,completed
ORD-001919,C02664,2024-08-17,43.98,2,completed
ORD-001920,C03608,2024-08-17,52.0,4,completed
ORD-001921,C04712,2024-08-17,50.25,3,completed
ORD-001922,C05045,2024-08-17,36.54,3,completed
ORD-001923,C00268,2024-08-18,58.38,3,completed
ORD-001924,C00519,2024-08-18,76.71,5,completed
ORD-001925,C01050,2024-08-18,74.79,4,completed
ORD-001926,C01337,2024-08-18,67.26,6,completed
ORD-001927,C01693,2024-08-18,82.7,8,completed
ORD-001928,C02406,2024-08-18,33.44,5,completed
ORD-001929,C02640,2024-08-18,65.33,3,completed
ORD-001930,C02712,2024-08-18,58.07,3,completed
ORD-001931,C03649,2024-08-18,137.02,7,completed
ORD-001932,C05333,2024-08-18,63.71,4,completed
ORD-001933,C05566,2024-08-18,42.48,3,completed
ORD-001934,C00254,2024-08-19,63.08,3,completed
ORD-001935,C00952,2024-08-19,31.76,3,completed
ORD-001936,C02024,2024-08-19,30.87,2,completed
ORD-001937,C02959,2024-08-19,117.07,4,completed
ORD-001938,C03050,2024-08-19,176.37,7,completed
ORD-001939,C03434,2024-08-19,35.71,2,completed
ORD-001940,C03764,2024-08-19,43.58,2,completed
ORD-001941,C04166,2024-08-19,58.82,2,completed
ORD-001942,C05212,2024-08-19,65.99,4,completed
ORD-001943,C05212,2024-08-19,82.92,6,cancelled
ORD-001944,C05828,2024-08-19,43.37,4,completed
ORD-001945,C05932,2024-08-19,43.5,5,completed
ORD-001946,C00039,2024-08-20,46.51,3,completed
ORD-001947,C00284,2024-08-20,138.99,6,completed
ORD-001948,C02544,2024-08-20,58.67,2,completed
ORD-001949,C02713,2024-08-20,54.33,6,completed
ORD-001950,C02874,2024-08-20,52.26,2,completed
ORD-001951,C03728,2024-08-20,41.68,4,completed
ORD-001952,C04151,2024-08-20,63.74,3,completed
ORD-001953,C04908,2024-08-20,43.84,3,completed
ORD-001954,C05474,2024-08-20,89.05,4,completed
ORD-001955,C05522,2024-08-20,36.0,4,completed
ORD-001956,C05934,2024-08-20,48.57,2,completed
ORD-001957,C01859,2024-08-21,51.94,2,completed
ORD-001958,C02374,2024-08-21,75.72,4,completed
ORD-001959,C02886,2024-08-21,53.66,2,completed
ORD-001960,C03747,2024-08-21,54.49,2,completed
ORD-001961,C04017,2024-08-21,77.61,2,completed
ORD-001962,C04249,2024-08-21,47.72,4,completed
ORD-001963,C04555,2024-08-21,83.03,5,completed
ORD-001964,C04934,2024-08-21,39.4,2,completed
ORD-001965,C05312,2024-08-21,33.31,2,completed
ORD-001966,C05496,2024-08-21,32.85,2,completed
ORD-001967,C02131,2024-08-22,36.05,2,completed
ORD-001968,C03408,2024-08-22,42.77,2,completed
ORD-001969,C03652,2024-08-22,75.39,3,completed
ORD-001970,C04548,2024-08-22,34.35,2,completed
ORD-001971,C05854,2024-08-22,40.17,2,completed
ORD-001972,C00348,2024-08-23,50.09,6,completed
ORD-001973,C00909,2024-08-23,53.58,4,cancelled
ORD-001974,C00926,2024-08-23,91.04,3,completed
ORD-001975,C00971,2024-08-23,51.11,2,completed
ORD-001976,C01611,2024-08-23,86.01,2,completed
ORD-001977,C02226,2024-08-23,62.25,1,completed
ORD-001978,C02782,2024-08-23,46.05,2,completed
ORD-001979,C04065,2024-08-23,41.21,2,completed
ORD-001980,C05860,2024-08-23,107.19,5,completed
ORD-001981,C00781,2024-08-24,45.06,4,cancelled
ORD-001982,C00830,2024-08-24,51.43,3,completed
ORD-001982,C00830,2024-08-24,51.43,3,completed
ORD-001983,C01154,2024-08-24,119.88,4,completed
ORD-001984,C01252,2024-08-24,104.1,2,completed
ORD-001985,C02244,2024-08-24,26.51,3,completed
ORD-001986,C03033,2024-08-24,89.54,5,completed
ORD-001987,C04745,2024-08-24,60.02,3,cancelled
ORD-001988,C05860,2024-08-24,68.2,5,completed
ORD-001989,C00462,2024-08-25,45.45,2,completed
ORD-001990,C01063,2024-08-25,52.05,5,completed
ORD-001991,C01653,2024-08-25,60.9,3,completed
ORD-001992,C01837,2024-08-25,67.23,3,completed
ORD-001993,C02152,2024-08-25,49.65,4,completed
ORD-001994,C02687,2024-08-25,70.52,3,completed
ORD-001995,C02689,2024-08-25,57.13,2,completed
ORD-001996,C02957,2024-08-25,66.33,2,completed
ORD-001997,C03112,2024-08-25,39.43,2,completed
ORD-001998,C03737,2024-08-25,70.2,6,completed
ORD-001999,C03890,2024-08-25,46.24,2,completed
ORD-002000,C04146,2024-08-25,27.98,1,completed
ORD-002001,C04230,2024-08-25,38.14,1,completed
ORD-002002,C04573,2024-08-25,63.09,2,completed
ORD-002003,C05132,2024-08-25,59.85,3,completed
ORD-002004,C05377,2024-08-25,61.93,5,completed
ORD-002005,C05500,2024-08-25,37.98,1,completed
ORD-002006,C00173,2024-08-26,53.73,4,completed
ORD-002007,C00173,2024-08-26,65.24,4,completed
ORD-002008,C00587,2024-08-26,27.95,2,completed
ORD-002009,C00927,2024-08-26,71.1,5,completed
ORD-002010,C01205,2024-08-26,42.38,4,completed
ORD-002011,C02179,2024-08-26,36.89,4,completed
ORD-002012,C03228,2024-08-26,72.22,3,completed
ORD-002013,C03303,2024-08-26,61.41,7,completed
ORD-002014,C03578,2024-08-26,109.35,5,completed
ORD-002015,C04415,2024-08-26,54.49,4,completed
ORD-002016,C05107,2024-08-26,44.6,2,completed
ORD-002017,C01094,2024-08-27,67.11,4,completed
ORD-002018,C01173,2024-08-27,66.83,1,completed
ORD-002019,C01304,2024-08-27,49.64,2,completed
ORD-002020,C01734,2024-08-27,73.62,5,completed
ORD-002021,C01987,2024-08-27,43.31,4,completed
ORD-002022,C02172,2024-08-27,96.1,3,completed
ORD-002023,C02397,2024-08-27,27.86,2,completed
ORD-002024,C02965,2024-08-27,92.87,3,completed
ORD-002025,C02989,2024-08-27,41.78,1,completed
ORD-002026,C03099,2024-08-27,52.93,2,completed
ORD-002027,C03182,2024-08-27,60.76,2,completed
ORD-002028,C03702,2024-08-27,37.97,3,completed
ORD-002029,C03868,2024-08-27,78.77,3,completed
ORD-002030,C03978,2024-08-27,38.97,2,completed
ORD-002031,C03984,2024-08-27,22.41,1,completed
ORD-002032,C05201,2024-08-27,71.24,3,completed
ORD-002033,C05253,2024-08-27,64.67,2,completed
ORD-002034,C05667,2024-08-27,79.91,4,completed
ORD-002035,C00271,2024-08-28,65.72,3,completed
ORD-002036,C01180,2024-08-28,43.64,4,completed
ORD-002037,C02069,2024-08-28,42.68,1,completed
ORD-002038,C02199,2024-08-28,50.62,6,completed
ORD-002039,C02709,2024-08-28,49.63,3,completed
ORD-002040,C04021,2024-08-28,118.26,4,completed
ORD-002041,C04074,2024-08-28,58.24,3,completed
ORD-002042,C04313,2024-08-28,95.77,3,completed
ORD-002043,C04728,2024-08-28,52.76,3,completed
ORD-002044,C00751,2024-08-29,104.27,5,completed
ORD-002045,C00902,2024-08-29,41.5,1,completed
ORD-002046,C01094,2024-08-29,59.75,3,completed
ORD-002047,C01209,2024-08-29,71.35,3,completed
ORD-002048,C01470,2024-08-29,41.5,5,completed
ORD-002049,C02406,2024-08-29,48.04,1,completed
ORD-002050,C02515,2024-08-29,63.33,6,completed
ORD-002051,C02779,2024-08-29,17.74,2,completed
ORD-002052,C04046,2024-08-29,114.25,4,completed
ORD-002053,C04047,2024-08-29,95.23,7,completed
ORD-002054,C01597,2024-08-30,67.94,4,completed
ORD-002055,C01783,2024-08-30,36.73,1,completed
ORD-002056,C03757,2024-08-30,139.84,8,completed
ORD-002057,C05244,2024-08-30,161.74,10,completed
ORD-002058,C05887,2024-08-30,47.28,4,completed
ORD-002059,C00190,2024-08-31,114.5,5,completed
ORD-002060,C01097,2024-08-31,39.51,5,completed
ORD-002061,C02217,2024-08-31,29.52,2,completed
ORD-002062,C02247,2024-08-31,52.2,2,completed
ORD-002063,C02325,2024-08-31,48.0,2,completed
ORD-002064,C02558,2024-08-31,78.11,4,completed
ORD-002065,C02774,2024-08-31,35.19,2,completed
ORD-002066,C03463,2024-08-31,185.76,6,completed
ORD-002067,C03784,2024-08-31,37.01,1,completed
ORD-002068,C05299,2024-08-31,43.84,1,completed
ORD-002069,C05637,2024-08-31,40.2,3,completed
ORD-002070,C01860,2024-09-01,42.41,3,completed
ORD-002071,C02086,2024-09-01,39.9,7,completed
ORD-002072,C02189,2024-09-01,51.6,4,refunded
ORD-002073,C02367,2024-09-01,80.12,3,completed
ORD-002074,C03441,2024-09-01,53.59,3,completed
ORD-002075,C03936,2024-09-01,86.65,3,completed
ORD-002076,C04011,2024-09-01,50.17,3,completed
ORD-002077,C04246,2024-09-01,44.54,2,completed
ORD-002078,C00941,2024-09-02,86.37,2,completed
ORD-002079,C01246,2024-09-02,51.54,2,completed
ORD-002080,C01600,2024-09-02,96.35,7,completed
ORD-002081,C01608,2024-09-02,52.16,3,completed
ORD-002082,C02117,2024-09-02,74.84,4,completed
ORD-002083,C02162,2024-09-02,58.69,4,completed
ORD-002084,C03306,2024-09-02,33.09,1,completed
ORD-002085,C04048,2024-09-02,68.0,3,completed
ORD-002086,C04630,2024-09-02,84.23,6,completed
ORD-002087,C05915,2024-09-02,29.6,2,completed
ORD-002088,C05946,2024-09-02,42.19,1,completed
ORD-002089,C00103,2024-09-03,25.84,1,completed
ORD-002090,C01651,2024-09-03,75.95,2,cancelled
ORD-002091,C01707,2024-09-03,66.15,5,completed
ORD-002092,C02062,2024-09-03,118.0,2,completed
ORD-002093,C02811,2024-09-03,63.27,6,completed
ORD-002094,C05333,2024-09-03,55.09,4,completed
ORD-002095,C00146,2024-09-04,85.41,3,completed
ORD-002096,C00309,2024-09-04,57.99,3,completed
ORD-002097,C00462,2024-09-04,57.15,2,completed
ORD-002098,C00643,2024-09-04,48.91,2,completed
ORD-002099,C00744,2024-09-04,40.56,3,completed
ORD-002100,C03027,2024-09-04,58.54,3,completed
ORD-002101,C03080,2024-09-04,22.74,2,completed
ORD-002102,C04723,2024-09-04,86.66,6,completed
ORD-002103,C05935,2024-09-04,65.44,4,completed
ORD-002104,C01097,2024-09-05,48.36,2,completed
ORD-002105,C01584,2024-09-05,48.89,1,completed
ORD-002106,C03207,2024-09-05,92.3,7,completed
ORD-002107,C03390,2024-09-05,86.3,5,completed
ORD-002108,C04116,2024-09-05,40.05,4,completed
ORD-002109,C04548,2024-09-05,44.46,5,completed
ORD-002110,C04894,2024-09-05,66.73,3,completed
ORD-002111,C05411,2024-09-05,64.97,3,completed
ORD-002112,C00084,2024-09-06,36.34,4,completed
ORD-002113,C01877,2024-09-06,45.49,1,completed
ORD-002114,C02285,2024-09-06,33.88,3,completed
ORD-002115,C03060,2024-09-06,36.77,1,completed
ORD-002116,C03189,2024-09-06,36.05,3,completed
ORD-002117,C03489,2024-09-06,27.97,1,completed
ORD-002118,C04361,2024-09-06,57.63,3,completed
ORD-002119,C00372,2024-09-07,60.54,3,completed
ORD-002120,C00445,2024-09-07,106.88,8,completed
ORD-002121,C01119,2024-09-07,73.54,4,completed
ORD-002122,C01173,2024-09-07,53.09,4,completed
ORD-002123,C01215,2024-09-07,84.88,4,completed
ORD-002124,C01329,2024-09-07,67.85,3,completed
ORD-002125,C02166,2024-09-07,77.53,6,completed
ORD-002126,C02166,2024-09-07,93.19,6,completed
ORD-002127,C02615,2024-09-07,39.53,3,completed
ORD-002128,C02838,2024-09-07,34.02,3,refunded
ORD-002129,C03119,2024-09-07,62.34,6,completed
ORD-002130,C03253,2024-09-07,51.18,2,completed
ORD-002131,C03827,2024-09-07,73.87,2,completed
ORD-002132,C05446,2024-09-07,48.69,6,completed
ORD-002133,C05843,2024-09-07,121.59,5,completed
ORD-002134,C00108,2024-09-08,53.42,2,completed
ORD-002135,C02735,2024-09-08,68.43,5,completed
ORD-002136,C04495,2024-09-08,31.67,1,completed
ORD-002137,C04634,2024-09-08,54.81,7,completed
ORD-002138,C04863,2024-09-08,92.0,7,completed
ORD-002139,C04997,2024-09-08,47.38,2,completed
ORD-002140,C00643,2024-09-09,118.43,9,completed
ORD-002141,C00820,2024-09-09,39.93,2,completed
ORD-002142,C01516,2024-09-09,46.53,2,completed
ORD-002143,C01530,2024-09-09,54.13,5,completed
ORD-002144,C01550,2024-09-09,44.73,3,cancelled
ORD-002145,C02459,2024-09-09,53.57,4,completed
ORD-002146,C03120,2024-09-09,33.5,2,cancelled
ORD-002147,C03800,2024-09-09,48.68,2,completed
ORD-002148,C04404,2024-09-09,78.0,3,completed
ORD-002149,C04631,2024-09-09,45.51,2,refunded
ORD-002150,C04645,2024-09-09,110.66,7,completed
ORD-002151,C04766,2024-09-09,110.33,5,completed
ORD-002151,C04766,2024-09-09,110.33,5,completed
ORD-002152,C05156,2024-09-09,44.18,2,completed
ORD-002153,C05914,2024-09-09,101.2,5,completed
ORD-002154,C00869,2024-09-10,88.31,5,completed
ORD-002155,C01652,2024-09-10,67.4,2,completed
ORD-002156,C02080,2024-09-10,61.84,3,completed
ORD-002157,C02121,2024-09-10,52.61,4,completed
ORD-002158,C02877,2024-09-10,33.39,4,completed
ORD-002159,C03221,2024-09-10,35.16,8,completed
ORD-002160,C03964,2024-09-10,38.9,3,completed
ORD-002161,C04082,2024-09-10,71.78,3,completed
ORD-002162,C04361,2024-09-10,79.79,3,completed
ORD-002163,C04563,2024-09-10,85.0,3,completed
ORD-002164,C04670,2024-09-10,62.77,4,completed
ORD-002165,C04793,2024-09-10,82.76,5,cancelled
ORD-002166,C04822,2024-09-10,60.19,3,completed
ORD-002167,C05056,2024-09-10,85.3,6,completed
ORD-002168,C00661,2024-09-11,40.56,2,completed
ORD-002169,C01053,2024-09-11,83.79,6,completed
ORD-002170,C01898,2024-09-11,76.62,5,completed
ORD-002171,C02158,2024-09-11,74.13,2,completed
ORD-002172,C03096,2024-09-11,36.48,2,completed
ORD-002173,C03283,2024-09-11,36.78,2,completed
ORD-002174,C03332,2024-09-11,45.18,2,completed
ORD-002175,C04546,2024-09-11,74.56,7,completed
ORD-002176,C04559,2024-09-11,49.42,3,completed
ORD-002177,C04778,2024-09-11,111.43,7,completed
ORD-002178,C04779,2024-09-11,81.51,5,refunded
ORD-002179,C04843,2024-09-11,68.47,2,completed
ORD-002180,C04923,2024-09-11,50.2,7,completed
ORD-002181,C05731,2024-09-11,52.28,1,completed
ORD-002182,C00538,2024-09-12,65.37,5,completed
ORD-002183,C01606,2024-09-12,37.72,1,completed
ORD-002184,C03641,2024-09-12,74.19,6,completed
ORD-002185,C05069,2024-09-12,45.37,1,completed
ORD-002186,C05150,2024-09-12,34.52,1,completed
ORD-002187,C00455,2024-09-13,32.74,3,completed
ORD-002188,C00475,2024-09-13,48.33,1,completed
ORD-002189,C00596,2024-09-13,44.01,2,completed
ORD-002190,C00897,2024-09-13,57.69,2,completed
ORD-002191,C02129,2024-09-13,53.55,5,completed
ORD-002192,C02505,2024-09-13,94.92,3,completed
ORD-002193,C02982,2024-09-13,102.38,5,completed
ORD-002194,C03096,2024-09-13,51.63,1,completed
ORD-002195,C03510,2024-09-13,53.2,1,completed
ORD-002196,C03622,2024-09-13,47.21,3,completed
ORD-002197,C03679,2024-09-13,35.98,2,completed
ORD-002198,C03758,2024-09-13,62.61,3,completed
ORD-002199,C03852,2024-09-13,34.09,4,completed
ORD-002200,C05340,2024-09-13,35.08,3,completed
ORD-002201,C00362,2024-09-14,57.36,1,completed
ORD-002202,C02073,2024-09-14,99.86,4,completed
ORD-002203,C02123,2024-09-14,54.2,6,completed
ORD-002204,C02557,2024-09-14,145.16,10,completed
ORD-002205,C02743,2024-09-14,62.26,3,completed
ORD-002206,C03015,2024-09-14,39.35,2,completed
ORD-002207,C04260,2024-09-14,34.03,2,completed
ORD-002208,C04472,2024-09-14,121.97,4,completed
ORD-002209,C04594,2024-09-14,37.91,2,completed
ORD-002210,C04860,2024-09-14,53.79,4,completed
ORD-002211,C04877,2024-09-14,187.55,9,completed
ORD-002212,C05064,2024-09-14,43.3,2,completed
ORD-002213,C05818,2024-09-14,94.69,3,completed
ORD-002214,C00514,2024-09-15,55.0,4,completed
ORD-002215,C02017,2024-09-15,58.24,8,completed
ORD-002216,C03219,2024-09-15,42.35,2,completed
ORD-002217,C03818,2024-09-15,74.33,3,completed
ORD-002218,C04162,2024-09-15,102.55,5,completed
ORD-002219,C04195,2024-09-15,110.74,4,completed
ORD-002220,C04486,2024-09-15,21.17,1,completed
ORD-002221,C04892,2024-09-15,70.62,7,completed
ORD-002222,C00076,2024-09-16,43.36,2,completed
ORD-002223,C00157,2024-09-16,81.26,3,completed
ORD-002224,C00161,2024-09-16,43.69,7,completed
ORD-002225,C01000,2024-09-16,69.61,4,cancelled
ORD-002226,C02521,2024-09-16,33.45,4,completed
ORD-002227,C03891,2024-09-16,44.41,2,completed
ORD-002228,C04067,2024-09-16,46.83,4,completed
ORD-002229,C04514,2024-09-16,132.46,7,completed
ORD-002230,C04674,2024-09-16,46.49,2,completed
ORD-002231,C05203,2024-09-16,110.01,6,completed
ORD-002232,C05310,2024-09-16,55.25,4,completed
ORD-002233,C05525,2024-09-16,49.5,3,completed
ORD-002234,C05646,2024-09-16,29.41,2,completed
ORD-002235,C05880,2024-09-16,75.74,5,completed
ORD-002236,C02390,2024-09-17,89.44,1,completed
ORD-002237,C02817,2024-09-17,71.88,4,completed
ORD-002238,C02886,2024-09-17,57.39,5,completed
ORD-002239,C03840,2024-09-17,35.77,4,completed
ORD-002240,C04376,2024-09-17,44.03,4,completed
ORD-002241,C04631,2024-09-17,37.86,4,completed
ORD-002242,C05203,2024-09-17,55.86,3,completed
ORD-002243,C00407,2024-09-18,22.3,1,completed
ORD-002244,C00705,2024-09-18,99.04,3,completed
ORD-002245,C01055,2024-09-18,133.21,7,completed
ORD-002246,C01710,2024-09-18,53.62,5,completed
ORD-002247,C02875,2024-09-18,68.16,6,completed
ORD-002248,C02898,2024-09-18,72.98,2,completed
ORD-002249,C02945,2024-09-18,50.03,3,completed
ORD-002250,C02968,2024-09-18,28.49,2,completed
ORD-002251,C03850,2024-09-18,59.13,3,completed
ORD-002252,C04263,2024-09-18,79.51,7,completed
ORD-002253,C04371,2024-09-18,43.06,4,completed
ORD-002254,C04550,2024-09-18,48.51,3,completed
ORD-002255,C05873,2024-09-18,54.96,1,completed
ORD-002256,C00267,2024-09-19,79.39,4,completed
ORD-002257,C00691,2024-09-19,33.26,1,completed
ORD-002258,C01353,2024-09-19,44.65,1,completed
ORD-002259,C01484,2024-09-19,40.12,2,completed
ORD-002260,C01764,2024-09-19,103.03,7,completed
ORD-002261,C01997,2024-09-19,51.6,2,completed
ORD-002262,C02041,2024-09-19,68.33,3,completed
ORD-002263,C02501,2024-09-19,74.95,5,completed
ORD-002264,C02555,2024-09-19,67.28,4,completed
ORD-002265,C02558,2024-09-19,87.11,6,completed
ORD-002266,C02685,2024-09-19,67.53,1,completed
ORD-002267,C03238,2024-09-19,127.37,7,completed
ORD-002268,C03578,2024-09-19,85.97,5,completed
ORD-002269,C00225,2024-09-20,40.85,1,completed
ORD-002270,C01406,2024-09-20,38.12,2,completed
ORD-002271,C01598,2024-09-20,55.29,7,completed
ORD-002272,C02012,2024-09-20,47.7,5,completed
ORD-002273,C04687,2024-09-20,47.04,3,completed
ORD-002274,C04744,2024-09-20,36.95,1,completed
ORD-002275,C05968,2024-09-20,104.84,9,completed
ORD-002276,C01858,2024-09-21,102.39,5,completed
ORD-002277,C02069,2024-09-21,47.17,4,completed
ORD-002278,C02316,2024-09-21,171.1,6,completed
ORD-002279,C02325,2024-09-21,69.6,3,completed
ORD-002280,C03381,2024-09-21,75.82,5,cancelled
ORD-002281,C03601,2024-09-21,86.25,3,completed
ORD-002282,C03981,2024-09-21,110.24,5,completed
ORD-002283,C04616,2024-09-21,45.81,2,completed
ORD-002284,C04930,2024-09-21,32.65,3,refunded
ORD-002285,C05468,2024-09-21,66.76,4,completed
ORD-002286,C05501,2024-09-21,67.01,5,completed
ORD-002287,C05613,2024-09-21,66.07,2,completed
ORD-002288,C00048,2024-09-22,44.62,2,completed
ORD-002289,C00330,2024-09-22,59.14,1,completed
ORD-002290,C00608,2024-09-22,78.08,3,completed
ORD-002291,C00615,2024-09-22,63.1,4,completed
ORD-002292,C01094,2024-09-22,47.5,2,completed
ORD-002293,C01611,2024-09-22,55.57,3,completed
ORD-002294,C01684,2024-09-22,27.59,4,completed
ORD-002295,C02344,2024-09-22,24.67,1,completed
ORD-002296,C02555,2024-09-22,50.0,3,completed
ORD-002297,C02629,2024-09-22,90.18,3,completed
ORD-002298,C02821,2024-09-22,73.47,4,completed
ORD-002299,C03190,2024-09-22,53.1,3,completed
ORD-002300,C03464,2024-09-22,101.61,4,completed
ORD-002301,C04418,2024-09-22,44.12,5,completed
ORD-002302,C04489,2024-09-22,50.27,6,completed
ORD-002303,C04750,2024-09-22,101.95,1,completed
ORD-002304,C04902,2024-09-22,58.29,5,completed
ORD-002305,C05108,2024-09-22,132.67,5,completed
ORD-002306,C05470,2024-09-22,54.51,2,completed
ORD-002307,C05551,2024-09-22,62.61,2,completed
ORD-002308,C05655,2024-09-22,64.78,2,completed
ORD-002309,C01093,2024-09-23,31.56,1,completed
ORD-002310,C01199,2024-09-23,78.84,3,completed
ORD-002311,C01520,2024-09-23,85.67,6,completed
ORD-002312,C01611,2024-09-23,73.48,6,completed
ORD-002313,C01647,2024-09-23,51.93,2,completed
ORD-002314,C01781,2024-09-23,60.9,4,completed
ORD-002315,C01798,2024-09-23,45.04,3,completed
ORD-002316,C01837,2024-09-23,73.39,4,completed
ORD-002317,C02276,2024-09-23,69.71,2,completed
ORD-002318,C03877,2024-09-23,69.53,4,completed
ORD-002319,C04009,2024-09-23,46.36,2,completed
ORD-002320,C04021,2024-09-23,139.05,2,completed
ORD-002321,C04279,2024-09-23,40.01,3,completed
ORD-002322,C05546,2024-09-23,85.8,3,completed
ORD-002323,C05563,2024-09-23,26.69,2,completed
ORD-002324,C05872,2024-09-23,118.59,6,completed
ORD-002325,C00171,2024-09-24,42.46,1,completed
ORD-002326,C01428,2024-09-24,78.65,3,completed
ORD-002327,C01521,2024-09-24,30.13,3,cancelled
ORD-002328,C02278,2024-09-24,108.81,7,completed
ORD-002329,C02645,2024-09-24,39.06,2,completed
ORD-002330,C03128,2024-09-24,31.28,2,completed
ORD-002331,C03835,2024-09-24,38.34,3,completed
ORD-002332,C04428,2024-09-24,24.16,2,completed
ORD-002333,C05016,2024-09-24,58.07,4,completed
ORD-002334,C05090,2024-09-24,101.23,3,completed
ORD-002335,C05696,2024-09-24,34.0,2,completed
ORD-002336,C05979,2024-09-24,91.66,4,completed
ORD-002337,C00557,2024-09-25,38.97,2,completed
ORD-002338,C02285,2024-09-25,49.67,1,completed
ORD-002339,C02290,2024-09-25,55.77,2,completed
ORD-002340,C03315,2024-09-25,89.38,7,completed
ORD-002341,C03339,2024-09-25,45.88,4,completed
ORD-002342,C03555,2024-09-25,90.91,4,completed
ORD-002343,C04162,2024-09-25,114.61,6,completed
ORD-002344,C05909,2024-09-25,52.09,2,completed
ORD-002345,C00077,2024-09-26,56.73,3,completed
ORD-002346,C02073,2024-09-26,92.05,1,completed
ORD-002347,C02217,2024-09-26,57.11,5,completed
ORD-002348,C03011,2024-09-26,34.99,2,completed
ORD-002349,C03590,2024-09-26,49.57,1,completed
ORD-002350,C04057,2024-09-26,74.87,3,completed
ORD-002351,C04867,2024-09-26,74.38,3,completed
ORD-002352,C05219,2024-09-26,55.5,5,completed
ORD-002353,C05242,2024-09-26,60.45,1,completed
ORD-002354,C05692,2024-09-26,47.27,1,completed
ORD-002355,C05920,2024-09-26,75.01,1,completed
ORD-002356,C00823,2024-09-27,45.22,5,completed
ORD-002357,C00910,2024-09-27,64.59,6,completed
ORD-002358,C02314,2024-09-27,74.96,3,cancelled
ORD-002359,C02550,2024-09-27,33.92,2,completed
ORD-002360,C04116,2024-09-27,74.16,1,completed
ORD-002361,C04631,2024-09-27,69.42,2,completed
ORD-002362,C05071,2024-09-27,78.71,2,completed
ORD-002363,C05102,2024-09-27,38.46,1,completed
ORD-002364,C05308,2024-09-27,58.14,5,completed
ORD-002365,C05588,2024-09-27,39.84,1,completed
ORD-002366,C05902,2024-09-27,62.41,6,completed
ORD-002367,C00398,2024-09-28,77.27,4,completed
ORD-002368,C00931,2024-09-28,57.26,3,completed
ORD-002369,C01796,2024-09-28,45.83,2,completed
ORD-002370,C02595,2024-09-28,90.68,6,completed
ORD-002371,C02803,2024-09-28,72.11,6,completed
ORD-002372,C03950,2024-09-28,53.57,3,completed
ORD-002373,C04101,2024-09-28,37.49,2,completed
ORD-002374,C04174,2024-09-28,57.02,3,completed
ORD-002375,C00319,2024-09-29,26.49,4,completed
ORD-002376,C00669,2024-09-29,52.41,3,completed
ORD-002377,C01584,2024-09-29,45.61,3,completed
ORD-002378,C01589,2024-09-29,65.98,3,completed
ORD-002379,C02241,2024-09-29,132.18,2,completed
ORD-002380,C02286,2024-09-29,58.4,4,completed
ORD-002381,C02881,2024-09-29,61.9,1,completed
ORD-002382,C03673,2024-09-29,97.44,6,completed
ORD-002383,C04397,2024-09-29,77.36,1,completed
ORD-002384,C04439,2024-09-29,27.35,1,completed
ORD-002385,C04706,2024-09-29,82.03,2,cancelled
ORD-002386,C04778,2024-09-29,95.22,3,completed
ORD-002387,C05260,2024-09-29,114.36,2,completed
ORD-002388,C02172,2024-09-30,59.26,2,completed
ORD-002389,C02408,2024-09-30,16.07,1,completed
ORD-002390,C02737,2024-09-30,69.77,5,completed
ORD-002391,C03651,2024-09-30,56.79,2,completed
ORD-002392,C04182,2024-09-30,104.65,5,completed
ORD-002393,C05345,2024-09-30,49.02,2,completed
ORD-002394,C05537,2024-09-30,80.89,5,completed
ORD-002395,C05832,2024-09-30,22.67,1,completed
ORD-002396,C00658,2024-10-01,24.79,2,completed
ORD-002397,C00700,2024-10-01,40.1,3,completed
ORD-002398,C00798,2024-10-01,35.13,1,completed
ORD-002399,C02295,2024-10-01,54.9,3,completed
ORD-002400,C02732,2024-10-01,52.07,6,completed
ORD-002401,C03415,2024-10-01,68.0,5,completed
ORD-002402,C03697,2024-10-01,54.25,4,completed
ORD-002403,C04518,2024-10-01,47.47,3,completed
ORD-002404,C04832,2024-10-01,43.16,5,completed
ORD-002405,C04843,2024-10-01,83.5,2,completed
ORD-002406,C05131,2024-10-01,48.26,2,completed
ORD-002407,C05730,2024-10-01,63.71,4,completed
ORD-002408,C01922,2024-10-02,56.17,3,completed
ORD-002409,C03244,2024-10-02,70.38,2,completed
ORD-002410,C04516,2024-10-02,64.7,5,completed
ORD-002411,C05817,2024-10-02,59.58,5,completed
ORD-002412,C00095,2024-10-03,42.61,1,completed
ORD-002413,C00221,2024-10-03,58.15,2,completed
ORD-002414,C00401,2024-10-03,61.56,4,completed
ORD-002415,C00464,2024-10-03,90.46,3,completed
ORD-002416,C00738,2024-10-03,93.58,6,completed
ORD-002417,C01388,2024-10-03,70.31,5,completed
ORD-002418,C01715,2024-10-03,92.04,4,completed
ORD-002419,C01766,2024-10-03,75.69,1,completed
ORD-002420,C02079,2024-10-03,28.48,2,completed
ORD-002421,C03111,2024-10-03,57.48,2,completed
ORD-002422,C03468,2024-10-03,39.41,2,completed
ORD-002423,C04440,2024-10-03,74.43,5,completed
ORD-002424,C04846,2024-10-03,78.57,4,completed
ORD-002425,C04849,2024-10-03,34.99,2,cancelled
ORD-002426,C05004,2024-10-03,52.33,4,completed
ORD-002427,C05063,2024-10-03,42.85,2,completed
ORD-002428,C05160,2024-10-03,78.18,5,completed
ORD-002429,C01026,2024-10-04,56.03,2,completed
ORD-002430,C01553,2024-10-04,49.29,4,completed
ORD-002431,C01871,2024-10-04,101.09,2,completed
ORD-002432,C03141,2024-10-04,32.5,2,completed
ORD-002433,C04387,2024-10-04,31.48,3,completed
ORD-002434,C05282,2024-10-04,36.6,3,completed
ORD-002435,C05557,2024-10-04,85.78,4,completed
ORD-002436,C05557,2024-10-04,56.74,3,completed
ORD-002437,C05924,2024-10-04,95.84,5,completed
ORD-002438,C00068,2024-10-05,53.93,2,completed
ORD-002439,C00919,2024-10-05,92.96,3,completed
ORD-002440,C01304,2024-10-05,38.18,1,completed
ORD-002441,C01354,2024-10-05,49.25,3,completed
ORD-002442,C02594,2024-10-05,76.0,1,completed
ORD-002443,C03540,2024-10-05,124.46,9,completed
ORD-002444,C04571,2024-10-05,35.65,3,completed
ORD-002445,C04612,2024-10-05,86.97,4,completed
ORD-002446,C04984,2024-10-05,30.36,5,completed
ORD-002447,C05630,2024-10-05,72.29,2,completed
ORD-002448,C05945,2024-10-05,45.01,2,completed
ORD-002449,C00476,2024-10-06,54.72,3,completed
ORD-002450,C01826,2024-10-06,69.3,2,cancelled
ORD-002451,C02373,2024-10-06,114.91,8,completed
ORD-002452,C02898,2024-10-06,55.23,5,completed
ORD-002453,C03916,2024-10-06,68.02,6,completed
ORD-002454,C04182,2024-10-06,117.45,1,completed
ORD-002455,C04421,2024-10-06,52.39,4,completed
ORD-002456,C04860,2024-10-06,32.34,1,completed
ORD-002457,C00113,2024-10-07,35.78,3,completed
ORD-002458,C00454,2024-10-07,68.64,4,completed
ORD-002459,C01450,2024-10-07,54.18,4,completed
ORD-002460,C01584,2024-10-07,27.14,2,completed
ORD-002461,C01671,2024-10-07,43.6,1,completed
ORD-002462,C01811,2024-10-07,59.55,5,completed
ORD-002463,C02285,2024-10-07,45.71,8,completed
ORD-002464,C03570,2024-10-07,79.58,2,completed
ORD-002465,C04104,2024-10-07,84.68,6,completed
ORD-002466,C04672,2024-10-07,62.15,1,completed
ORD-002467,C05122,2024-10-07,85.05,4,completed
ORD-002468,C05243,2024-10-07,46.01,1,completed
ORD-002469,C05498,2024-10-07,51.63,3,completed
ORD-002470,C05527,2024-10-07,55.64,3,completed
ORD-002471,C00593,2024-10-08,56.68,9,completed
ORD-002472,C00889,2024-10-08,44.48,2,completed
ORD-002473,C01685,2024-10-08,41.77,4,completed
ORD-002474,C01792,2024-10-08,58.74,3,completed
ORD-002475,C01922,2024-10-08,85.65,3,completed
ORD-002476,C02294,2024-10-08,71.61,2,completed
ORD-002477,C03003,2024-10-08,65.52,4,completed
ORD-002478,C03573,2024-10-08,59.75,4,completed
ORD-002479,C04431,2024-10-08,80.07,6,completed
ORD-002480,C04778,2024-10-08,112.57,3,completed
ORD-002481,C04792,2024-10-08,88.33,5,completed
ORD-002482,C04985,2024-10-08,44.02,3,completed
ORD-002483,C05279,2024-10-08,60.4,3,completed
ORD-002484,C05289,2024-10-08,47.45,2,completed
ORD-002485,C05947,2024-10-08,44.8,1,refunded
ORD-002486,C00085,2024-10-09,46.89,1,completed
ORD-002487,C01450,2024-10-09,62.99,2,completed
ORD-002488,C01531,2024-10-09,78.74,5,completed
ORD-002489,C02145,2024-10-09,72.19,7,completed
ORD-002490,C03258,2024-10-09,108.35,3,completed
ORD-002491,C03463,2024-10-09,62.86,7,completed
ORD-002492,C03653,2024-10-09,50.1,6,completed
ORD-002493,C04781,2024-10-09,65.26,5,completed
ORD-002494,C05004,2024-10-09,57.46,1,completed
ORD-002495,C05960,2024-10-09,102.55,3,completed
ORD-002496,C00200,2024-10-10,31.95,3,completed
ORD-002497,C00263,2024-10-10,28.64,1,completed
ORD-002498,C01117,2024-10-10,61.03,3,completed
ORD-002499,C02805,2024-10-10,58.87,3,completed
ORD-002500,C02993,2024-10-10,110.58,7,completed
ORD-002501,C03469,2024-10-10,86.55,4,completed
ORD-002502,C03749,2024-10-10,93.43,3,completed
ORD-002503,C04084,2024-10-10,42.36,1,completed
ORD-002504,C04649,2024-10-10,105.93,4,completed
ORD-002505,C04991,2024-10-10,54.7,2,completed
ORD-002506,C05557,2024-10-10,48.13,2,completed
ORD-002507,C05933,2024-10-10,66.9,4,completed
ORD-002508,C05964,2024-10-10,50.79,2,cancelled
ORD-002509,C00190,2024-10-11,63.31,3,completed
ORD-002510,C00530,2024-10-11,59.2,3,completed
ORD-002511,C01091,2024-10-11,79.09,9,completed
ORD-002512,C01404,2024-10-11,36.16,4,cancelled
ORD-002513,C03320,2024-10-11,60.46,4,completed
ORD-002514,C03897,2024-10-11,90.08,2,completed
ORD-002515,C04983,2024-10-11,70.46,6,completed
ORD-002516,C05557,2024-10-11,42.82,5,completed
ORD-002517,C05622,2024-10-11,39.2,3,completed
ORD-002518,C05881,2024-10-11,55.6,2,completed
ORD-002519,C00044,2024-10-12,41.12,2,completed
ORD-002520,C00731,2024-10-12,74.59,5,completed
ORD-002521,C01971,2024-10-12,36.43,1,completed
ORD-002522,C02881,2024-10-12,57.1,1,completed
ORD-002523,C03097,2024-10-12,39.13,2,completed
ORD-002524,C03160,2024-10-12,27.51,3,completed
ORD-002525,C03803,2024-10-12,41.62,2,completed
ORD-002526,C05011,2024-10-12,38.5,2,completed
ORD-002527,C05388,2024-10-12,33.89,3,completed
ORD-002528,C05397,2024-10-12,68.08,3,completed
ORD-002529,C05491,2024-10-12,63.88,4,completed
ORD-002530,C00517,2024-10-13,79.75,11,completed
ORD-002531,C01549,2024-10-13,61.93,3,refunded
ORD-002532,C01674,2024-10-13,23.15,1,completed
ORD-002533,C02162,2024-10-13,69.16,6,completed
ORD-002534,C02898,2024-10-13,95.9,6,completed
ORD-002535,C03025,2024-10-13,92.67,3,completed
ORD-002536,C03849,2024-10-13,45.49,4,completed
ORD-002537,C04037,2024-10-13,58.2,4,completed
ORD-002538,C04358,2024-10-13,64.23,3,completed
ORD-002539,C00374,2024-10-14,105.83,3,completed
ORD-002540,C00507,2024-10-14,45.62,2,completed
ORD-002541,C01050,2024-10-14,66.25,8,completed
ORD-002542,C01217,2024-10-14,42.84,7,completed
ORD-002543,C01550,2024-10-14,40.91,3,completed
ORD-002544,C01582,2024-10-14,70.7,4,completed
ORD-002545,C02129,2024-10-14,46.37,2,completed
ORD-002546,C02137,2024-10-14,41.4,2,refunded
ORD-002547,C02220,2024-10-14,65.28,6,completed
ORD-002548,C03365,2024-10-14,26.54,1,completed
ORD-002549,C03835,2024-10-14,49.14,3,completed
ORD-002550,C04023,2024-10-14,82.3,2,completed
ORD-002551,C04442,2024-10-14,60.57,4,completed
ORD-002552,C04617,2024-10-14,41.3,6,completed
ORD-002553,C04706,2024-10-14,49.7,3,completed
ORD-002554,C04984,2024-10-14,43.37,3,completed
ORD-002555,C05630,2024-10-14,77.16,4,completed
ORD-002556,C00184,2024-10-15,59.98,3,completed
ORD-002557,C00494,2024-10-15,122.17,5,completed
ORD-002558,C01235,2024-10-15,57.75,3,completed
ORD-002559,C01895,2024-10-15,68.48,3,completed
ORD-002560,C02158,2024-10-15,68.17,3,completed
ORD-002561,C02764,2024-10-15,66.98,4,completed
ORD-002562,C03086,2024-10-15,46.11,2,completed
ORD-002563,C03189,2024-10-15,56.9,4,completed
ORD-002564,C03343,2024-10-15,29.94,3,completed
ORD-002565,C03961,2024-10-15,122.96,4,completed
ORD-002566,C04731,2024-10-15,31.23,4,completed
ORD-002567,C04795,2024-10-15,56.13,1,completed
ORD-002568,C04969,2024-10-15,60.67,3,completed
ORD-002569,C05043,2024-10-15,50.21,1,completed
ORD-002570,C05312,2024-10-15,49.85,3,completed
ORD-002571,C05370,2024-10-15,65.18,4,completed
ORD-002572,C05474,2024-10-15,79.01,3,completed
ORD-002573,C05900,2024-10-15,35.99,3,completed
ORD-002574,C00169,2024-10-16,128.33,8,completed
ORD-002575,C00462,2024-10-16,59.85,2,completed
ORD-002576,C00484,2024-10-16,53.31,6,completed
ORD-002577,C00793,2024-10-16,121.77,3,completed
ORD-002578,C00802,2024-10-16,56.97,3,completed
ORD-002579,C02863,2024-10-16,36.21,4,completed
ORD-002580,C02903,2024-10-16,58.44,3,completed
ORD-002581,C03459,2024-10-16,47.06,2,completed
ORD-002582,C03655,2024-10-16,58.8,3,completed
ORD-002583,C03749,2024-10-16,91.77,5,completed
ORD-002584,C03976,2024-10-16,46.85,3,completed
ORD-002585,C04216,2024-10-16,87.8,6,completed
ORD-002586,C04415,2024-10-16,41.71,2,completed
ORD-002587,C04532,2024-10-16,10.72,1,completed
ORD-002587,C04532,2024-10-16,10.72,1,completed
ORD-002588,C04973,2024-10-16,65.57,5,completed
ORD-002589,C05785,2024-10-16,38.29,1,completed
ORD-002590,C00277,2024-10-17,126.82,6,completed
ORD-002591,C00514,2024-10-17,58.15,6,completed
ORD-002592,C00530,2024-10-17,39.37,1,completed
ORD-002593,C00788,2024-10-17,60.73,5,completed
ORD-002594,C01136,2024-10-17,118.0,9,completed
ORD-002595,C02550,2024-10-17,51.95,4,completed
ORD-002596,C03310,2024-10-17,55.78,3,completed
ORD-002597,C03361,2024-10-17,89.73,6,completed
ORD-002598,C04119,2024-10-17,75.46,8,completed
ORD-002599,C04787,2024-10-17,32.88,2,completed
ORD-002600,C04968,2024-10-17,48.85,3,completed
ORD-002601,C05143,2024-10-17,33.47,2,completed
ORD-002602,C05241,2024-10-17,41.84,2,completed
ORD-002603,C05470,2024-10-17,56.82,2,completed
ORD-002604,C00098,2024-10-18,64.21,4,completed
ORD-002605,C00878,2024-10-18,62.5,6,completed
ORD-002606,C01008,2024-10-18,99.25,3,completed
ORD-002607,C01445,2024-10-18,107.69,4,completed
ORD-002608,C02238,2024-10-18,103.9,6,completed
ORD-002609,C02549,2024-10-18,67.75,5,completed
ORD-002610,C03059,2024-10-18,83.67,4,completed
ORD-002611,C03302,2024-10-18,33.42,2,completed
ORD-002612,C04352,2024-10-18,80.11,2,completed
ORD-002613,C04382,2024-10-18,22.39,1,completed
ORD-002614,C05212,2024-10-18,52.83,2,completed
ORD-002615,C05518,2024-10-18,56.5,1,completed
ORD-002616,C00975,2024-10-19,120.29,7,refunded
ORD-002617,C01065,2024-10-19,56.42,4,completed
ORD-002618,C01146,2024-10-19,64.49,4,completed
ORD-002619,C01242,2024-10-19,26.63,2,completed
ORD-002620,C01276,2024-10-19,119.89,7,completed
ORD-002621,C01294,2024-10-19,41.05,2,completed
ORD-002622,C01464,2024-10-19,99.35,4,completed
ORD-002623,C01878,2024-10-19,29.67,2,completed
ORD-002624,C02131,2024-10-19,37.19,2,completed
ORD-002625,C02811,2024-10-19,37.23,2,completed
ORD-002626,C02854,2024-10-19,76.7,3,completed
ORD-002627,C02967,2024-10-19,40.3,4,completed
ORD-002628,C02968,2024-10-19,29.08,1,completed
ORD-002629,C03619,2024-10-19,18.67,1,completed
ORD-002630,C04116,2024-10-19,24.48,2,completed
ORD-002631,C04510,2024-10-19,97.95,6,completed
ORD-002632,C00701,2024-10-20,80.55,6,completed
ORD-002633,C00702,2024-10-20,98.47,5,completed
ORD-002634,C00752,2024-10-20,121.54,5,completed
ORD-002635,C01076,2024-10-20,29.09,1,completed
ORD-002636,C02434,2024-10-20,82.18,4,completed
ORD-002637,C02937,2024-10-20,46.23,1,completed
ORD-002638,C03240,2024-10-20,48.21,3,completed
ORD-002639,C03438,2024-10-20,68.35,4,completed
ORD-002640,C03575,2024-10-20,33.2,3,completed
ORD-002641,C03677,2024-10-20,53.8,2,completed
ORD-002642,C04111,2024-10-20,20.99,2,completed
ORD-002643,C04606,2024-10-20,38.68,2,completed
ORD-002644,C05028,2024-10-20,41.05,2,completed
ORD-002645,C05728,2024-10-20,80.54,2,completed
ORD-002646,C00455,2024-10-21,75.49,3,completed
ORD-002647,C01093,2024-10-21,39.57,2,completed
ORD-002648,C01263,2024-10-21,47.66,2,completed
ORD-002649,C01611,2024-10-21,86.65,5,completed
ORD-002650,C02055,2024-10-21,46.95,2,completed
ORD-002651,C02129,2024-10-21,43.26,1,completed
ORD-002652,C02205,2024-10-21,39.31,2,completed
ORD-002653,C03263,2024-10-21,51.6,1,completed
ORD-002654,C03279,2024-10-21,45.06,3,completed
ORD-002655,C03994,2024-10-21,100.23,12,completed
ORD-002656,C04096,2024-10-21,97.28,4,completed
ORD-002657,C04615,2024-10-21,80.88,7,completed
ORD-002658,C05494,2024-10-21,36.01,2,completed
ORD-002659,C05947,2024-10-21,41.93,3,completed
ORD-002660,C01189,2024-10-22,48.74,4,completed
ORD-002661,C02306,2024-10-22,54.1,2,completed
ORD-002662,C02947,2024-10-22,79.22,5,completed
ORD-002663,C03792,2024-10-22,90.56,5,completed
ORD-002664,C03866,2024-10-22,61.45,5,completed
ORD-002665,C04915,2024-10-22,40.82,3,completed
ORD-002666,C05157,2024-10-22,57.94,4,completed
ORD-002667,C05474,2024-10-22,59.07,1,completed
ORD-002668,C05583,2024-10-22,49.34,2,completed
ORD-002669,C05964,2024-10-22,39.32,4,completed
ORD-002670,C00033,2024-10-23,68.25,2,cancelled
ORD-002671,C00694,2024-10-23,96.15,7,completed
ORD-002672,C01847,2024-10-23,47.04,2,completed
ORD-002673,C03019,2024-10-23,74.63,2,completed
ORD-002674,C04633,2024-10-23,69.72,5,completed
ORD-002675,C05398,2024-10-23,37.48,3,completed
ORD-002676,C05575,2024-10-23,58.97,3,completed
ORD-002677,C00316,2024-10-24,97.79,2,completed
ORD-002678,C01046,2024-10-24,39.07,3,completed
ORD-002679,C02372,2024-10-24,42.67,1,completed
ORD-002680,C03019,2024-10-24,60.4,2,completed
ORD-002681,C03612,2024-10-24,45.63,5,completed
ORD-002682,C03749,2024-10-24,61.58,3,completed
ORD-002683,C03762,2024-10-24,49.06,6,completed
ORD-002684,C04463,2024-10-24,45.55,2,completed
ORD-002685,C05514,2024-10-24,48.54,5,completed
ORD-002686,C00074,2024-10-25,98.72,6,completed
ORD-002687,C00323,2024-10-25,81.69,3,completed
ORD-002688,C00791,2024-10-25,36.34,2,completed
ORD-002689,C01598,2024-10-25,55.19,1,completed
ORD-002690,C02128,2024-10-25,74.33,4,completed
ORD-002691,C02169,2024-10-25,91.55,5,completed
ORD-002692,C02807,2024-10-25,58.18,4,completed
ORD-002693,C03437,2024-10-25,100.64,6,cancelled
ORD-002694,C03449,2024-10-25,62.94,4,completed
ORD-002695,C03592,2024-10-25,36.91,1,completed
ORD-002696,C03828,2024-10-25,79.74,4,completed
ORD-002697,C05267,2024-10-25,39.85,2,completed
ORD-002698,C05320,2024-10-25,41.57,3,completed
ORD-002699,C00127,2024-10-26,35.05,3,completed
ORD-002700,C01091,2024-10-26,47.6,1,completed
ORD-002701,C01288,2024-10-26,65.71,4,completed
ORD-002702,C01651,2024-10-26,83.47,2,completed
ORD-002703,C02158,2024-10-26,71.39,5,completed
ORD-002704,C02409,2024-10-26,24.6,1,completed
ORD-002705,C02884,2024-10-26,128.9,8,completed
ORD-002706,C03354,2024-10-26,73.27,4,completed
ORD-002707,C03545,2024-10-26,59.25,7,completed
ORD-002708,C03835,2024-10-26,77.05,4,completed
ORD-002709,C04428,2024-10-26,27.38,2,completed
ORD-002710,C04673,2024-10-26,32.85,5,completed
ORD-002711,C00364,2024-10-27,90.17,8,completed
ORD-002712,C00757,2024-10-27,86.87,10,completed
ORD-002713,C01325,2024-10-27,114.67,5,completed
ORD-002714,C01787,2024-10-27,53.41,3,completed
ORD-002715,C01886,2024-10-27,59.53,5,completed
ORD-002716,C02390,2024-10-27,68.93,4,completed
ORD-002717,C03059,2024-10-27,118.24,6,completed
ORD-002718,C03059,2024-10-27,93.99,7,completed
ORD-002719,C03123,2024-10-27,81.67,2,completed
ORD-002720,C03220,2024-10-27,65.77,2,completed
ORD-002721,C03366,2024-10-27,47.83,3,completed
ORD-002722,C03459,2024-10-27,37.13,1,completed
ORD-002723,C04628,2024-10-27,49.1,3,completed
ORD-002724,C05145,2024-10-27,99.58,3,completed
ORD-002725,C05413,2024-10-27,93.1,8,completed
ORD-002726,C00147,2024-10-28,57.66,4,completed
ORD-002727,C00593,2024-10-28,70.14,4,completed
ORD-002728,C01055,2024-10-28,89.99,5,cancelled
ORD-002729,C01715,2024-10-28,87.49,5,cancelled
ORD-002730,C01761,2024-10-28,45.66,1,completed
ORD-002731,C03107,2024-10-28,42.72,3,completed
ORD-002732,C03122,2024-10-28,52.68,1,completed
ORD-002733,C03156,2024-10-28,138.46,6,completed
ORD-002734,C03707,2024-10-28,52.9,2,cancelled
ORD-002735,C03749,2024-10-28,69.5,3,refunded
ORD-002736,C04599,2024-10-28,74.35,4,completed
ORD-002737,C04835,2024-10-28,82.55,5,completed
ORD-002738,C05170,2024-10-28,49.74,4,completed
ORD-002739,C05291,2024-10-28,48.2,4,completed
ORD-002740,C05866,2024-10-28,32.82,2,completed
ORD-002741,C00369,2024-10-29,75.84,2,completed
ORD-002742,C00747,2024-10-29,72.63,6,completed
ORD-002743,C00903,2024-10-29,68.31,2,completed
ORD-002744,C01598,2024-10-29,57.26,3,completed
ORD-002745,C01885,2024-10-29,148.9,10,completed
ORD-002746,C02521,2024-10-29,69.11,4,completed
ORD-002747,C02803,2024-10-29,58.6,4,completed
ORD-002748,C03435,2024-10-29,135.54,6,completed
ORD-002749,C03745,2024-10-29,83.81,5,completed
ORD-002750,C04986,2024-10-29,41.23,1,completed
ORD-002751,C05558,2024-10-29,35.73,1,completed
ORD-002752,C05833,2024-10-29,98.66,3,completed
ORD-002753,C05842,2024-10-29,64.1,5,completed
ORD-002754,C05873,2024-10-29,58.35,5,completed
ORD-002755,C00515,2024-10-30,57.97,5,completed
ORD-002756,C01080,2024-10-30,45.8,6,completed
ORD-002757,C01964,2024-10-30,47.7,3,completed
ORD-002758,C02521,2024-10-30,53.79,3,completed
ORD-002759,C02587,2024-10-30,36.4,1,completed
ORD-002760,C02734,2024-10-30,83.82,6,completed
ORD-002761,C03528,2024-10-30,92.8,3,completed
ORD-002762,C04223,2024-10-30,25.61,3,completed
ORD-002763,C04456,2024-10-30,55.13,2,cancelled
ORD-002764,C04843,2024-10-30,78.03,5,completed
ORD-002765,C05128,2024-10-30,49.14,3,completed
ORD-002766,C05228,2024-10-30,71.53,5,completed
ORD-002767,C00243,2024-10-31,39.9,3,completed
ORD-002768,C00694,2024-10-31,48.98,2,completed
ORD-002769,C01998,2024-10-31,38.54,2,completed
ORD-002770,C03133,2024-10-31,80.51,3,completed
ORD-002771,C03877,2024-10-31,37.34,4,completed
ORD-002772,C04116,2024-10-31,61.2,3,completed
ORD-002773,C04843,2024-10-31,73.96,3,completed
ORD-002774,C05304,2024-10-31,72.74,2,completed
ORD-002775,C00694,2024-11-01,80.83,7,completed
ORD-002776,C01102,2024-11-01,65.97,4,completed
ORD-002777,C01199,2024-11-01,75.27,2,completed
ORD-002778,C01484,2024-11-01,53.07,3,completed
ORD-002779,C01717,2024-11-01,45.39,4,completed
ORD-002780,C02050,2024-11-01,33.68,3,completed
ORD-002781,C02741,2024-11-01,84.62,4,completed
ORD-002782,C02956,2024-11-01,64.74,4,completed
ORD-002783,C03077,2024-11-01,112.0,7,completed
ORD-002784,C03446,2024-11-01,41.24,2,completed
ORD-002785,C03768,2024-11-01,83.8,4,completed
ORD-002786,C04706,2024-11-01,52.9,3,completed
ORD-002787,C04726,2024-11-01,29.31,1,completed
ORD-002788,C05869,2024-11-01,63.45,3,completed
ORD-002789,C05984,2024-11-01,77.14,5,completed
ORD-002790,C00074,2024-11-02,72.18,3,completed
ORD-002791,C00571,2024-11-02,98.44,3,completed
ORD-002792,C00588,2024-11-02,71.5,3,completed
ORD-002793,C00891,2024-11-02,45.58,3,completed
ORD-002794,C00950,2024-11-02,31.99,2,completed
ORD-002795,C01993,2024-11-02,53.78,3,completed
ORD-002796,C02127,2024-11-02,25.71,3,completed
ORD-002797,C02162,2024-11-02,54.6,2,completed
ORD-002798,C02231,2024-11-02,59.44,2,completed
ORD-002799,C02278,2024-11-02,67.79,4,cancelled
ORD-002800,C02283,2024-11-02,79.4,3,completed
ORD-002801,C02470,2024-11-02,40.29,2,completed
ORD-002802,C02484,2024-11-02,31.96,1,completed
ORD-002803,C02543,2024-11-02,33.75,4,completed
ORD-002804,C02963,2024-11-02,80.17,7,completed
ORD-002805,C03265,2024-11-02,57.65,4,completed
ORD-002806,C03999,2024-11-02,71.0,4,completed
ORD-002807,C04197,2024-11-02,85.11,7,completed
ORD-002808,C04366,2024-11-02,63.48,1,completed
ORD-002809,C05341,2024-11-02,56.86,2,completed
ORD-002810,C00580,2024-11-03,48.38,3,completed
ORD-002811,C00987,2024-11-03,21.68,2,completed
ORD-002812,C02109,2024-11-03,62.87,5,completed
ORD-002813,C02328,2024-11-03,50.46,2,completed
ORD-002814,C02680,2024-11-03,81.46,6,completed
ORD-002815,C02875,2024-11-03,82.28,3,completed
ORD-002816,C03341,2024-11-03,53.68,4,completed
ORD-002817,C04251,2024-11-03,133.89,6,completed
ORD-002818,C04637,2024-11-03,96.36,6,completed
ORD-002819,C04668,2024-11-03,43.68,2,completed
ORD-002820,C04709,2024-11-03,39.17,4,completed
ORD-002821,C04884,2024-11-03,29.77,1,completed
ORD-002822,C04926,2024-11-03,98.78,7,completed
ORD-002823,C00264,2024-11-04,63.2,5,completed
ORD-002824,C00665,2024-11-04,43.77,4,completed
ORD-002825,C00686,2024-11-04,43.79,2,completed
ORD-002826,C00899,2024-11-04,106.25,8,completed
ORD-002827,C00989,2024-11-04,46.65,3,completed
ORD-002828,C01015,2024-11-04,32.24,1,completed
ORD-002829,C01037,2024-11-04,42.29,4,completed
ORD-002830,C01350,2024-11-04,94.1,8,completed
ORD-002831,C01486,2024-11-04,63.07,5,completed
ORD-002832,C02096,2024-11-04,55.98,3,completed
ORD-002833,C02628,2024-11-04,38.55,1,completed
ORD-002834,C03422,2024-11-04,80.05,1,completed
ORD-002835,C03937,2024-11-04,50.65,6,completed
ORD-002836,C04703,2024-11-04,140.83,7,cancelled
ORD-002837,C04733,2024-11-04,89.05,7,completed
ORD-002838,C05531,2024-11-04,86.47,3,completed
ORD-002839,C05869,2024-11-04,45.67,4,completed
ORD-002840,C05886,2024-11-04,55.95,4,completed
ORD-002841,C00146,2024-11-05,54.7,4,completed
ORD-002842,C00469,2024-11-05,38.93,4,cancelled
ORD-002843,C01185,2024-11-05,51.14,2,completed
ORD-002844,C01370,2024-11-05,40.33,3,completed
ORD-002845,C01587,2024-11-05,49.05,2,completed
ORD-002846,C02033,2024-11-05,41.37,2,completed
ORD-002847,C02250,2024-11-05,44.76,3,completed
ORD-002848,C02278,2024-11-05,64.45,4,completed
ORD-002849,C02278,2024-11-05,103.92,8,completed
ORD-002850,C02957,2024-11-05,40.89,1,completed
ORD-002851,C03553,2024-11-05,55.37,4,completed
ORD-002852,C03756,2024-11-05,46.69,3,completed
ORD-002853,C03864,2024-11-05,38.55,2,completed
ORD-002854,C03965,2024-11-05,78.0,5,cancelled
ORD-002855,C04308,2024-11-05,64.73,2,completed
ORD-002856,C04706,2024-11-05,54.3,3,completed
ORD-002857,C04717,2024-11-05,54.03,3,completed
ORD-002858,C04881,2024-11-05,47.65,8,completed
ORD-002859,C05072,2024-11-05,40.67,1,completed
ORD-002860,C05093,2024-11-05,70.43,3,completed
ORD-002861,C05198,2024-11-05,70.84,3,completed
ORD-002862,C05315,2024-11-05,93.11,4,completed
ORD-002863,C05330,2024-11-05,48.62,4,completed
ORD-002864,C05978,2024-11-05,131.12,3,completed
ORD-002865,C00134,2024-11-06,58.72,1,completed
ORD-002866,C00462,2024-11-06,53.51,2,completed
ORD-002867,C00548,2024-11-06,88.27,8,completed
ORD-002868,C00618,2024-11-06,41.0,1,completed
ORD-002869,C00796,2024-11-06,71.88,4,completed
ORD-002870,C00953,2024-11-06,104.13,5,completed
ORD-002871,C01295,2024-11-06,50.49,6,completed
ORD-002872,C01304,2024-11-06,41.47,3,completed
ORD-002873,C01779,2024-11-06,50.34,4,completed
ORD-002874,C02276,2024-11-06,67.37,3,completed
ORD-002875,C03247,2024-11-06,55.18,3,completed
ORD-002876,C03362,2024-11-06,85.42,8,completed
ORD-002877,C03674,2024-11-06,34.79,1,completed
ORD-002878,C03923,2024-11-06,40.65,2,completed
ORD-002879,C04004,2024-11-06,101.76,6,completed
ORD-002880,C04249,2024-11-06,32.59,2,completed
ORD-002881,C04710,2024-11-06,69.68,7,completed
ORD-002882,C05313,2024-11-06,38.59,2,completed
ORD-002883,C05534,2024-11-06,63.63,5,completed
ORD-002884,C05951,2024-11-06,87.67,4,completed
ORD-002885,C00656,2024-11-07,54.71,2,completed
ORD-002886,C01217,2024-11-07,51.07,5,completed
ORD-002887,C01455,2024-11-07,52.95,2,completed
ORD-002888,C01499,2024-11-07,41.06,2,completed
ORD-002889,C01727,2024-11-07,41.25,3,completed
ORD-002890,C02088,2024-11-07,88.83,3,completed
ORD-002891,C02174,2024-11-07,123.33,10,completed
ORD-002892,C02558,2024-11-07,57.27,3,completed
ORD-002893,C03687,2024-11-07,70.86,6,completed
ORD-002894,C03789,2024-11-07,71.88,5,completed
ORD-002895,C04686,2024-11-07,67.24,1,refunded
ORD-002896,C05667,2024-11-07,76.57,5,completed
ORD-002897,C05696,2024-11-07,33.83,3,completed
ORD-002898,C01755,2024-11-08,67.32,3,completed
ORD-002899,C02845,2024-11-08,78.39,4,completed
ORD-002900,C02875,2024-11-08,51.89,3,completed
ORD-002901,C03647,2024-11-08,64.33,5,completed
ORD-002902,C04182,2024-11-08,62.84,4,completed
ORD-002903,C04304,2024-11-08,60.35,6,completed
ORD-002904,C04664,2024-11-08,52.53,2,completed
ORD-002905,C05079,2024-11-08,59.73,4,completed
ORD-002906,C05345,2024-11-08,61.19,4,completed
ORD-002907,C05483,2024-11-08,66.33,5,completed
ORD-002908,C05483,2024-11-08,71.53,3,completed
ORD-002909,C05553,2024-11-08,39.43,4,completed
ORD-002910,C05819,2024-11-08,75.5,4,completed
ORD-002911,C00797,2024-11-09,47.32,3,completed
ORD-002912,C01584,2024-11-09,54.78,5,completed
ORD-002913,C01703,2024-11-09,39.76,2,completed
ORD-002914,C01784,2024-11-09,54.07,3,completed
ORD-002915,C01927,2024-11-09,43.41,1,completed
ORD-002916,C02175,2024-11-09,37.88,1,completed
ORD-002917,C02315,2024-11-09,26.72,1,completed
ORD-002918,C02390,2024-11-09,118.7,3,completed
ORD-002919,C02610,2024-11-09,58.66,4,completed
ORD-002920,C02784,2024-11-09,78.65,5,completed
ORD-002921,C03059,2024-11-09,110.87,3,completed
ORD-002922,C03109,2024-11-09,59.2,2,completed
ORD-002923,C03211,2024-11-09,42.21,1,completed
ORD-002924,C03291,2024-11-09,30.67,3,completed
ORD-002925,C03336,2024-11-09,88.0,5,completed
ORD-002926,C04327,2024-11-09,32.33,2,refunded
ORD-002927,C04953,2024-11-09,44.72,1,completed
ORD-002928,C05448,2024-11-09,35.05,2,completed
ORD-002929,C05667,2024-11-09,42.82,2,completed
ORD-002930,C05769,2024-11-09,58.92,1,completed
ORD-002931,C00022,2024-11-10,63.74,5,completed
ORD-002932,C00147,2024-11-10,129.89,4,completed
ORD-002933,C01141,2024-11-10,44.57,2,completed
ORD-002934,C02322,2024-11-10,55.76,7,completed
ORD-002935,C02798,2024-11-10,97.74,3,completed
ORD-002936,C03153,2024-11-10,39.6,1,completed
ORD-002937,C04961,2024-11-10,56.7,5,completed
ORD-002938,C04999,2024-11-10,64.2,4,completed
ORD-002939,C05407,2024-11-10,32.75,2,completed
ORD-002940,C05420,2024-11-10,73.5,8,completed
ORD-002941,C00323,2024-11-11,66.59,6,completed
ORD-002942,C00919,2024-11-11,84.87,4,completed
ORD-002943,C01248,2024-11-11,91.52,2,completed
ORD-002944,C02087,2024-11-11,51.27,3,completed
ORD-002945,C02221,2024-11-11,52.52,3,refunded
ORD-002946,C02723,2024-11-11,100.16,5,completed
ORD-002947,C02743,2024-11-11,40.33,4,completed
ORD-002948,C02776,2024-11-11,94.75,4,completed
ORD-002949,C03217,2024-11-11,95.45,3,completed
ORD-002950,C03239,2024-11-11,47.77,6,completed
ORD-002951,C03356,2024-11-11,54.84,4,completed
ORD-002952,C04032,2024-11-11,48.02,1,completed
ORD-002953,C04282,2024-11-11,51.3,3,completed
ORD-002954,C04545,2024-11-11,44.25,2,completed
ORD-002955,C04555,2024-11-11,86.96,4,completed
ORD-002956,C04994,2024-11-11,41.88,1,completed
ORD-002957,C00738,2024-11-12,126.4,8,completed
ORD-002958,C00927,2024-11-12,32.6,1,completed
ORD-002959,C01245,2024-11-12,49.12,5,completed
ORD-002960,C01527,2024-11-12,77.57,6,completed
ORD-002961,C01763,2024-11-12,139.68,8,completed
ORD-002962,C01971,2024-11-12,58.92,7,completed
ORD-002963,C02709,2024-11-12,98.3,4,cancelled
ORD-002964,C03544,2024-11-12,80.1,5,completed
ORD-002965,C03686,2024-11-12,70.41,4,completed
ORD-002966,C04002,2024-11-12,55.67,9,completed
ORD-002967,C04212,2024-11-12,70.96,3,completed
ORD-002968,C04496,2024-11-12,36.85,2,completed
ORD-002969,C04649,2024-11-12,73.44,3,completed
ORD-002970,C05068,2024-11-12,73.89,6,completed
ORD-002971,C05209,2024-11-12,57.56,1,completed
ORD-002972,C05330,2024-11-12,65.19,5,completed
ORD-002973,C05335,2024-11-12,65.34,2,completed
ORD-002974,C05431,2024-11-12,86.56,7,completed
ORD-002975,C05895,2024-11-12,57.32,4,completed
ORD-002976,C00113,2024-11-13,31.75,1,completed
ORD-002977,C01281,2024-11-13,65.29,4,completed
ORD-002978,C01470,2024-11-13,36.43,3,completed
ORD-002979,C01924,2024-11-13,126.74,5,completed
ORD-002980,C02393,2024-11-13,42.4,2,completed
ORD-002981,C02709,2024-11-13,82.1,6,completed
ORD-002982,C03671,2024-11-13,82.85,6,completed
ORD-002983,C04395,2024-11-13,51.39,3,completed
ORD-002984,C04516,2024-11-13,72.96,4,completed
ORD-002985,C05156,2024-11-13,48.73,2,completed
ORD-002986,C05241,2024-11-13,40.53,2,completed
ORD-002987,C05342,2024-11-13,41.3,4,completed
ORD-002988,C05767,2024-11-13,61.44,3,completed
ORD-002989,C00097,2024-11-14,52.12,5,completed
ORD-002990,C00127,2024-11-14,41.24,2,completed
ORD-002991,C00499,2024-11-14,33.27,2,completed
ORD-002992,C00738,2024-11-14,117.48,3,completed
ORD-002993,C00786,2024-11-14,61.48,2,completed
ORD-002994,C01217,2024-11-14,50.21,2,completed
ORD-002995,C01243,2024-11-14,65.42,4,completed
ORD-002996,C01425,2024-11-14,59.02,2,completed
ORD-002997,C01543,2024-11-14,25.47,1,completed
ORD-002998,C02091,2024-11-14,42.42,4,completed
ORD-002999,C02158,2024-11-14,57.61,5,completed
ORD-003000,C02687,2024-11-14,53.1,2,completed
ORD-003001,C02745,2024-11-14,51.77,1,completed
ORD-003001,C02745,2024-11-14,51.77,1,completed
ORD-003002,C03266,2024-11-14,75.08,4,completed
ORD-003003,C03803,2024-11-14,43.25,5,completed
ORD-003004,C04959,2024-11-14,45.03,2,completed
ORD-003005,C05654,2024-11-14,53.27,2,cancelled
ORD-003006,C05673,2024-11-14,57.99,5,completed
ORD-003007,C05709,2024-11-14,88.08,6,completed
ORD-003008,C00033,2024-11-15,63.19,4,completed
ORD-003009,C01295,2024-11-15,57.57,4,completed
ORD-003010,C02579,2024-11-15,68.73,3,completed
ORD-003011,C03994,2024-11-15,111.99,2,cancelled
ORD-003012,C04327,2024-11-15,24.84,4,completed
ORD-003013,C04376,2024-11-15,57.22,2,completed
ORD-003014,C04849,2024-11-15,32.92,1,completed
ORD-003015,C04880,2024-11-15,40.56,4,completed
ORD-003016,C04937,2024-11-15,46.99,2,completed
ORD-003017,C05359,2024-11-15,43.11,4,completed
ORD-003018,C05371,2024-11-15,56.03,4,completed
ORD-003019,C05373,2024-11-15,59.0,2,completed
ORD-003020,C05506,2024-11-15,92.37,3,completed
ORD-003021,C05546,2024-11-15,46.65,3,completed
ORD-003022,C05562,2024-11-15,37.69,5,completed
ORD-003023,C05703,2024-11-15,52.06,2,completed
ORD-003024,C05979,2024-11-15,76.9,2,completed
ORD-003025,C00373,2024-11-16,41.59,3,completed
ORD-003026,C00526,2024-11-16,51.14,2,completed
ORD-003027,C00680,2024-11-16,70.83,6,completed
ORD-003028,C02322,2024-11-16,71.24,3,cancelled
ORD-003029,C02375,2024-11-16,51.82,4,completed
ORD-003030,C02659,2024-11-16,56.39,4,completed
ORD-003031,C02929,2024-11-16,53.1,5,cancelled
ORD-003032,C03178,2024-11-16,50.99,4,completed
ORD-003033,C03444,2024-11-16,48.22,1,completed
ORD-003034,C03617,2024-11-16,44.05,1,completed
ORD-003035,C04574,2024-11-16,42.4,4,completed
ORD-003036,C04753,2024-11-16,49.49,6,completed
ORD-003037,C05094,2024-11-16,69.45,2,completed
ORD-003038,C00314,2024-11-17,108.47,4,completed
ORD-003039,C00315,2024-11-17,23.68,1,cancelled
ORD-003039,C00315,2024-11-17,23.68,1,cancelled
ORD-003040,C00569,2024-11-17,60.13,3,completed
ORD-003041,C00656,2024-11-17,89.35,5,completed
ORD-003042,C01028,2024-11-17,66.05,4,completed
ORD-003043,C01244,2024-11-17,75.88,4,completed
ORD-003044,C01922,2024-11-17,89.69,5,completed
ORD-003045,C02369,2024-11-17,64.16,5,completed
ORD-003046,C03335,2024-11-17,47.4,3,completed
ORD-003047,C03853,2024-11-17,96.05,4,completed
ORD-003048,C04049,2024-11-17,74.67,9,completed
ORD-003049,C04540,2024-11-17,24.97,1,completed
ORD-003050,C04753,2024-11-17,36.05,4,completed
ORD-003051,C05167,2024-11-17,42.0,4,completed
ORD-003052,C05484,2024-11-17,44.27,4,completed
ORD-003053,C05825,2024-11-17,55.59,6,completed
ORD-003054,C05986,2024-11-17,44.39,3,completed
ORD-003055,C00455,2024-11-18,78.56,7,completed
ORD-003056,C01178,2024-11-18,82.16,5,completed
ORD-003057,C01554,2024-11-18,66.18,4,completed
ORD-003058,C01927,2024-11-18,80.42,10,completed
ORD-003059,C01974,2024-11-18,55.37,1,completed
ORD-003060,C02239,2024-11-18,57.33,6,completed
ORD-003061,C02243,2024-11-18,34.76,2,completed
ORD-003062,C02475,2024-11-18,64.71,3,completed
ORD-003063,C02523,2024-11-18,37.15,3,completed
ORD-003064,C03749,2024-11-18,80.07,3,completed
ORD-003065,C04081,2024-11-18,50.88,1,completed
ORD-003066,C04327,2024-11-18,29.6,2,completed
ORD-003067,C04486,2024-11-18,28.35,2,completed
ORD-003068,C05265,2024-11-18,47.34,1,completed
ORD-003069,C05539,2024-11-18,95.67,4,completed
ORD-003070,C05949,2024-11-18,43.28,4,completed
ORD-003071,C00011,2024-11-19,86.05,6,completed
ORD-003072,C00034,2024-11-19,44.6,3,completed
ORD-003073,C00166,2024-11-19,28.13,2,completed
ORD-003074,C00568,2024-11-19,69.81,2,completed
ORD-003075,C00932,2024-11-19,115.7,2,completed
ORD-003076,C00970,2024-11-19,32.29,2,cancelled
ORD-003077,C01348,2024-11-19,33.91,1,completed
ORD-003078,C01503,2024-11-19,78.99,4,completed
ORD-003079,C02338,2024-11-19,99.49,4,completed
ORD-003080,C03871,2024-11-19,42.62,4,completed
ORD-003081,C04411,2024-11-19,38.17,2,completed
ORD-003082,C04967,2024-11-19,33.09,1,completed
ORD-003083,C05546,2024-11-19,50.24,2,completed
ORD-003084,C05630,2024-11-19,59.5,1,completed
ORD-003085,C05680,2024-11-19,98.7,9,completed
ORD-003086,C05873,2024-11-19,52.56,2,completed
ORD-003087,C00522,2024-11-20,37.67,2,completed
ORD-003088,C00608,2024-11-20,46.6,3,completed
ORD-003089,C00634,2024-11-20,67.63,4,completed
ORD-003090,C01093,2024-11-20,34.01,3,completed
ORD-003091,C01327,2024-11-20,92.21,5,completed
ORD-003092,C01620,2024-11-20,77.01,4,completed
ORD-003093,C01627,2024-11-20,26.95,2,completed
ORD-003094,C02839,2024-11-20,78.22,6,completed
ORD-003095,C03985,2024-11-20,72.61,4,completed
ORD-003096,C04019,2024-11-20,73.07,4,completed
ORD-003097,C04366,2024-11-20,89.94,3,completed
ORD-003098,C04434,2024-11-20,71.03,5,completed
ORD-003099,C05682,2024-11-20,38.41,1,completed
ORD-003100,C00187,2024-11-21,63.33,6,completed
ORD-003101,C00188,2024-11-21,86.93,3,completed
ORD-003102,C00249,2024-11-21,64.7,6,completed
ORD-003103,C00288,2024-11-21,51.3,3,completed
ORD-003104,C00424,2024-11-21,56.17,1,completed
ORD-003105,C00910,2024-11-21,65.51,1,completed
ORD-003106,C01340,2024-11-21,37.77,5,completed
ORD-003107,C02020,2024-11-21,51.89,2,completed
ORD-003108,C02479,2024-11-21,59.3,5,completed
ORD-003109,C03065,2024-11-21,67.36,5,completed
ORD-003110,C03905,2024-11-21,58.33,1,completed
ORD-003111,C04704,2024-11-21,62.92,5,completed
ORD-003112,C04725,2024-11-21,27.36,2,completed
ORD-003113,C05696,2024-11-21,35.32,2,completed
ORD-003114,C00084,2024-11-22,31.85,1,completed
ORD-003115,C00385,2024-11-22,58.17,5,completed
ORD-003116,C00738,2024-11-22,109.34,3,completed
ORD-003117,C01362,2024-11-22,45.66,4,completed
ORD-003118,C01783,2024-11-22,37.36,6,completed
ORD-003119,C02096,2024-11-22,36.94,2,completed
ORD-003120,C02332,2024-11-22,84.78,1,cancelled
ORD-003121,C02546,2024-11-22,45.25,4,completed
ORD-003122,C02776,2024-11-22,76.14,5,completed
ORD-003123,C02850,2024-11-22,83.43,7,completed
ORD-003124,C02947,2024-11-22,43.15,1,completed
ORD-003125,C03140,2024-11-22,37.19,1,completed
ORD-003126,C04408,2024-11-22,69.07,4,completed
ORD-003127,C04664,2024-11-22,67.53,4,completed
ORD-003128,C04769,2024-11-22,84.09,6,completed
ORD-003129,C05217,2024-11-22,54.57,3,completed
ORD-003130,C05644,2024-11-22,76.57,4,completed
ORD-003131,C05996,2024-11-22,157.47,7,completed
ORD-003132,C05996,2024-11-22,125.42,7,completed
ORD-003133,C00874,2024-11-23,27.58,2,completed
ORD-003134,C00886,2024-11-23,53.41,5,completed
ORD-003135,C01185,2024-11-23,51.12,3,completed
ORD-003136,C01296,2024-11-23,29.09,1,completed
ORD-003137,C01442,2024-11-23,91.19,5,completed
ORD-003138,C01460,2024-11-23,40.43,1,refunded
ORD-003139,C01584,2024-11-23,38.41,2,completed
ORD-003140,C01614,2024-11-23,83.78,3,completed
ORD-003141,C01826,2024-11-23,49.29,3,completed
ORD-003142,C01982,2024-11-23,127.72,7,completed
ORD-003143,C02028,2024-11-23,90.05,8,completed
ORD-003144,C02125,2024-11-23,23.59,2,completed
ORD-003145,C02538,2024-11-23,47.79,3,completed
ORD-003146,C02823,2024-11-23,75.13,5,completed
ORD-003147,C03030,2024-11-23,71.09,3,completed
ORD-003148,C03220,2024-11-23,77.32,1,completed
ORD-003149,C03619,2024-11-23,15.98,3,completed
ORD-003150,C03802,2024-11-23,98.45,2,completed
ORD-003151,C05072,2024-11-23,56.04,3,completed
ORD-003152,C05284,2024-11-23,63.79,4,completed
ORD-003153,C05841,2024-11-23,49.15,3,completed
ORD-003154,C05988,2024-11-23,65.6,5,completed
ORD-003155,C00317,2024-11-24,49.37,2,completed
ORD-003156,C00786,2024-11-24,74.76,4,completed
ORD-003157,C00859,2024-11-24,66.26,3,completed
ORD-003158,C02253,2024-11-24,70.33,5,completed
ORD-003159,C02851,2024-11-24,62.08,2,completed
ORD-003160,C02875,2024-11-24,55.77,4,completed
ORD-003161,C02905,2024-11-24,49.34,3,completed
ORD-003162,C02942,2024-11-24,51.82,4,completed
ORD-003163,C03041,2024-11-24,79.16,4,completed
ORD-003164,C03669,2024-11-24,34.99,3,completed
ORD-003165,C04039,2024-11-24,62.32,5,completed
ORD-003166,C04197,2024-11-24,58.71,4,completed
ORD-003167,C04426,2024-11-24,59.95,2,completed
ORD-003168,C04574,2024-11-24,91.48,2,completed
ORD-003169,C04594,2024-11-24,38.73,1,completed
ORD-003170,C05241,2024-11-24,33.82,4,completed
ORD-003171,C05697,2024-11-24,33.82,3,completed
ORD-003172,C00094,2024-11-25,105.98,4,completed
ORD-003173,C00919,2024-11-25,58.69,4,completed
ORD-003174,C01272,2024-11-25,22.23,2,completed
ORD-003175,C02172,2024-11-25,79.84,4,completed
ORD-003176,C02629,2024-11-25,67.81,3,completed
ORD-003177,C02692,2024-11-25,42.65,2,completed
ORD-003178,C03524,2024-11-25,85.41,3,completed
ORD-003179,C03690,2024-11-25,76.18,6,completed
ORD-003180,C04019,2024-11-25,97.03,10,completed
ORD-003181,C04447,2024-11-25,89.47,3,completed
ORD-003182,C05275,2024-11-25,106.44,4,completed
ORD-003183,C05740,2024-11-25,100.98,4,completed
ORD-003184,C05752,2024-11-25,42.73,3,completed
ORD-003185,C00379,2024-11-26,78.59,8,completed
ORD-003186,C00910,2024-11-26,37.99,2,completed
ORD-003187,C00919,2024-11-26,87.65,1,completed
ORD-003188,C01050,2024-11-26,59.27,2,cancelled
ORD-003189,C01712,2024-11-26,66.13,2,completed
ORD-003190,C02486,2024-11-26,49.19,1,completed
ORD-003191,C02845,2024-11-26,81.56,6,completed
ORD-003192,C02901,2024-11-26,118.81,4,completed
ORD-003193,C03343,2024-11-26,76.08,3,completed
ORD-003194,C04144,2024-11-26,60.81,4,completed
ORD-003195,C04237,2024-11-26,30.6,3,completed
ORD-003196,C05403,2024-11-26,71.62,2,completed
ORD-003197,C00307,2024-11-27,38.98,4,completed
ORD-003198,C00734,2024-11-27,58.57,5,completed
ORD-003199,C01214,2024-11-27,119.11,3,completed
ORD-003200,C02126,2024-11-27,57.54,3,completed
ORD-003201,C02162,2024-11-27,64.78,2,completed
ORD-003202,C02245,2024-11-27,38.95,4,completed
ORD-003203,C02247,2024-11-27,48.3,4,completed
ORD-003204,C02313,2024-11-27,92.72,4,completed
ORD-003205,C02790,2024-11-27,63.96,1,completed
ORD-003206,C02792,2024-11-27,38.02,4,completed
ORD-003207,C04124,2024-11-27,64.07,2,completed
ORD-003208,C04903,2024-11-27,38.75,1,completed
ORD-003209,C05182,2024-11-27,49.47,1,completed
ORD-003210,C05421,2024-11-27,63.16,4,completed
ORD-003211,C05582,2024-11-27,49.59,2,completed
ORD-003212,C05971,2024-11-27,60.01,3,completed
ORD-003213,C00047,2024-11-28,31.89,2,completed
ORD-003214,C00533,2024-11-28,49.93,2,completed
ORD-003215,C01325,2024-11-28,76.04,2,completed
ORD-003216,C01424,2024-11-28,40.2,2,completed
ORD-003217,C01826,2024-11-28,70.92,5,completed
ORD-003218,C01877,2024-11-28,72.66,7,refunded
ORD-003219,C01964,2024-11-28,45.55,1,completed
ORD-003220,C02286,2024-11-28,103.09,4,completed
ORD-003221,C02558,2024-11-28,105.32,9,cancelled
ORD-003222,C02703,2024-11-28,111.13,4,completed
ORD-003223,C03196,2024-11-28,37.99,4,completed
ORD-003224,C03238,2024-11-28,62.23,5,completed
ORD-003225,C03518,2024-11-28,90.33,2,completed
ORD-003226,C03576,2024-11-28,106.83,5,completed
ORD-003227,C03914,2024-11-28,64.68,2,completed
ORD-003228,C04237,2024-11-28,44.91,5,cancelled
ORD-003229,C04739,2024-11-28,36.32,2,cancelled
ORD-003230,C04879,2024-11-28,104.41,6,completed
ORD-003231,C04913,2024-11-28,34.04,2,completed
ORD-003232,C05392,2024-11-28,56.59,2,completed
ORD-003233,C00147,2024-11-29,67.24,2,completed
ORD-003234,C00150,2024-11-29,32.63,1,completed
ORD-003235,C00385,2024-11-29,67.21,3,completed
ORD-003236,C01300,2024-11-29,36.91,2,completed
ORD-003237,C02075,2024-11-29,40.86,2,completed
ORD-003238,C02249,2024-11-29,39.36,3,completed
ORD-003239,C02754,2024-11-29,37.96,5,completed
ORD-003240,C03610,2024-11-29,32.8,1,completed
ORD-003241,C03648,2024-11-29,52.17,1,completed
ORD-003242,C03937,2024-11-29,85.05,8,completed
ORD-003243,C04921,2024-11-29,49.83,7,completed
ORD-003244,C05440,2024-11-29,44.89,3,completed
ORD-003245,C05696,2024-11-29,37.13,4,completed
ORD-003246,C01108,2024-11-30,49.0,5,completed
ORD-003247,C01233,2024-11-30,66.46,3,completed
ORD-003248,C01287,2024-11-30,145.03,7,completed
ORD-003249,C01426,2024-11-30,54.07,2,completed
ORD-003250,C02344,2024-11-30,26.12,1,completed
ORD-003251,C03098,2024-11-30,47.4,4,completed
ORD-003252,C03587,2024-11-30,40.83,2,completed
ORD-003253,C03816,2024-11-30,102.92,6,completed
ORD-003254,C03854,2024-11-30,85.47,4,completed
ORD-003255,C03874,2024-11-30,39.8,3,completed
ORD-003256,C04141,2024-11-30,67.34,4,completed
ORD-003257,C05470,2024-11-30,38.16,4,completed
ORD-003258,C05641,2024-11-30,60.42,2,completed
ORD-003259,C00547,2024-12-01,77.58,5,completed
ORD-003260,C00676,2024-12-01,62.05,2,completed
ORD-003261,C01006,2024-12-01,94.34,4,completed
ORD-003262,C01192,2024-12-01,98.6,7,completed
ORD-003263,C01311,2024-12-01,51.29,2,completed
ORD-003264,C01546,2024-12-01,40.99,1,completed
ORD-003265,C02081,2024-12-01,69.13,4,completed
ORD-003266,C02163,2024-12-01,34.8,2,completed
ORD-003267,C02367,2024-12-01,37.53,4,completed
ORD-003268,C02699,2024-12-01,121.28,7,completed
ORD-003269,C02709,2024-12-01,44.62,4,cancelled
ORD-003270,C03021,2024-12-01,36.99,5,completed
ORD-003271,C03350,2024-12-01,90.08,4,completed
ORD-003272,C03499,2024-12-01,71.22,2,completed
ORD-003273,C04036,2024-12-01,44.58,7,completed
ORD-003274,C04071,2024-12-01,55.32,5,completed
ORD-003275,C00276,2024-12-02,74.55,4,completed
ORD-003276,C00424,2024-12-02,86.55,2,completed
ORD-003277,C00738,2024-12-02,89.42,6,completed
ORD-003278,C00739,2024-12-02,32.38,2,completed
ORD-003279,C00847,2024-12-02,30.9,1,completed
ORD-003280,C00877,2024-12-02,40.78,4,completed
ORD-003281,C00887,2024-12-02,135.74,8,completed
ORD-003282,C01171,2024-12-02,35.55,5,completed
ORD-003283,C01337,2024-12-02,66.71,4,completed
ORD-003284,C02026,2024-12-02,106.87,12,completed
ORD-003285,C02332,2024-12-02,62.05,3,completed
ORD-003286,C02417,2024-12-02,43.66,2,completed
ORD-003287,C02657,2024-12-02,64.21,5,completed
ORD-003288,C02663,2024-12-02,46.92,5,completed
ORD-003289,C02729,2024-12-02,61.69,2,completed
ORD-003290,C02807,2024-12-02,43.17,1,completed
ORD-003291,C03341,2024-12-02,49.72,1,completed
ORD-003292,C03976,2024-12-02,64.2,3,completed
ORD-003293,C04704,2024-12-02,58.59,4,completed
ORD-003294,C04845,2024-12-02,36.96,2,refunded
ORD-003295,C04889,2024-12-02,48.48,1,completed
ORD-003296,C05528,2024-12-02,141.16,8,completed
ORD-003297,C05611,2024-12-02,36.85,2,completed
ORD-003298,C05938,2024-12-02,48.57,2,completed
ORD-003299,C00098,2024-12-03,106.69,4,completed
ORD-003300,C00833,2024-12-03,42.6,1,completed
ORD-003301,C01625,2024-12-03,65.35,7,completed
ORD-003302,C01690,2024-12-03,57.34,6,completed
ORD-003303,C01730,2024-12-03,67.47,5,completed
ORD-003304,C02102,2024-12-03,81.79,5,completed
ORD-003305,C02316,2024-12-03,170.15,5,completed
ORD-003306,C02566,2024-12-03,38.53,3,completed
ORD-003307,C02657,2024-12-03,57.59,2,completed
ORD-003308,C02662,2024-12-03,117.97,3,completed
ORD-003309,C02886,2024-12-03,54.74,4,completed
ORD-003310,C03408,2024-12-03,39.52,2,completed
ORD-003311,C03416,2024-12-03,48.22,5,completed
ORD-003312,C03915,2024-12-03,50.94,1,completed
ORD-003313,C03960,2024-12-03,43.83,5,completed
ORD-003314,C04059,2024-12-03,63.65,4,completed
ORD-003315,C04164,2024-12-03,41.19,3,completed
ORD-003316,C04546,2024-12-03,68.88,6,completed
ORD-003317,C04704,2024-12-03,79.96,7,completed
ORD-003318,C04706,2024-12-03,42.99,2,completed
ORD-003319,C05316,2024-12-03,81.36,4,completed
ORD-003320,C05800,2024-12-03,71.69,3,completed
ORD-003321,C00220,2024-12-04,84.51,5,completed
ORD-003322,C00553,2024-12-04,38.93,3,completed
ORD-003323,C00660,2024-12-04,53.57,1,completed
ORD-003324,C00899,2024-12-04,103.88,2,completed
ORD-003325,C01185,2024-12-04,54.0,3,completed
ORD-003326,C01273,2024-12-04,58.85,3,completed
ORD-003327,C01400,2024-12-04,78.02,2,completed
ORD-003328,C01549,2024-12-04,37.15,4,refunded
ORD-003329,C01941,2024-12-04,54.48,1,completed
ORD-003330,C02486,2024-12-04,60.01,4,completed
ORD-003331,C02571,2024-12-04,76.77,3,completed
ORD-003332,C02937,2024-12-04,49.23,3,completed
ORD-003333,C03976,2024-12-04,43.06,2,completed
ORD-003334,C04320,2024-12-04,42.98,2,completed
ORD-003335,C04506,2024-12-04,122.04,9,completed
ORD-003336,C04600,2024-12-04,43.22,1,completed
ORD-003337,C04772,2024-12-04,50.23,3,completed
ORD-003338,C05044,2024-12-04,31.52,3,completed
ORD-003339,C05407,2024-12-04,42.53,2,completed
ORD-003340,C05484,2024-12-04,61.67,3,completed
ORD-003341,C00108,2024-12-05,77.55,3,completed
ORD-003342,C00538,2024-12-05,79.56,2,completed
ORD-003343,C00584,2024-12-05,79.77,5,completed
ORD-003344,C01067,2024-12-05,36.47,3,completed
ORD-003345,C01187,2024-12-05,81.91,3,completed
ORD-003346,C01215,2024-12-05,91.03,7,completed
ORD-003347,C01659,2024-12-05,39.8,4,completed
ORD-003348,C02394,2024-12-05,38.93,1,completed
ORD-003349,C02673,2024-12-05,42.74,2,completed
ORD-003350,C04630,2024-12-05,72.63,8,completed
ORD-003351,C04695,2024-12-05,84.66,7,completed
ORD-003352,C05170,2024-12-05,64.37,4,completed
ORD-003353,C00651,2024-12-06,62.63,2,completed
ORD-003354,C00978,2024-12-06,35.76,2,completed
ORD-003355,C01070,2024-12-06,60.02,2,completed
ORD-003356,C01262,2024-12-06,63.99,3,completed
ORD-003357,C02709,2024-12-06,51.64,3,completed
ORD-003358,C02878,2024-12-06,89.53,5,completed
ORD-003359,C03898,2024-12-06,44.72,2,completed
ORD-003360,C04397,2024-12-06,50.8,3,cancelled
ORD-003361,C04697,2024-12-06,56.61,8,completed
ORD-003362,C05508,2024-12-06,141.8,5,completed
ORD-003363,C00488,2024-12-07,77.62,3,completed
ORD-003364,C00588,2024-12-07,79.94,2,completed
ORD-003365,C00739,2024-12-07,36.16,2,completed
ORD-003366,C00870,2024-12-07,73.17,3,completed
ORD-003367,C01030,2024-12-07,41.36,5,completed
ORD-003368,C01217,2024-12-07,34.01,4,completed
ORD-003369,C01583,2024-12-07,53.08,3,completed
ORD-003370,C01594,2024-12-07,29.11,2,completed
ORD-003371,C01656,2024-12-07,30.59,4,completed
ORD-003372,C01763,2024-12-07,108.82,6,completed
ORD-003373,C02147,2024-12-07,70.69,3,completed
ORD-003374,C02323,2024-12-07,67.29,4,completed
ORD-003375,C02492,2024-12-07,53.43,3,completed
ORD-003376,C02590,2024-12-07,43.96,3,completed
ORD-003377,C03424,2024-12-07,22.36,1,completed
ORD-003378,C03583,2024-12-07,39.1,2,completed
ORD-003379,C03750,2024-12-07,57.38,2,completed
ORD-003380,C03802,2024-12-07,81.49,6,completed
ORD-003381,C04079,2024-12-07,68.59,5,completed
ORD-003382,C04263,2024-12-07,66.26,5,completed
ORD-003383,C04296,2024-12-07,46.44,2,completed
ORD-003384,C04826,2024-12-07,73.2,7,completed
ORD-003385,C04868,2024-12-07,46.74,4,completed
ORD-003386,C05010,2024-12-07,68.0,2,completed
ORD-003387,C05602,2024-12-07,135.33,9,completed
ORD-003388,C00471,2024-12-08,26.31,1,completed
ORD-003389,C00636,2024-12-08,66.63,1,completed
ORD-003390,C00933,2024-12-08,57.87,5,completed
ORD-003391,C01015,2024-12-08,85.05,3,completed
ORD-003392,C01067,2024-12-08,31.22,1,completed
ORD-003393,C01337,2024-12-08,84.31,1,completed
ORD-003394,C01460,2024-12-08,43.91,1,refunded
ORD-003395,C01637,2024-12-08,76.16,2,completed
ORD-003396,C02448,2024-12-08,113.27,4,completed
ORD-003397,C03648,2024-12-08,50.94,6,completed
ORD-003398,C04168,2024-12-08,101.58,4,completed
ORD-003399,C04277,2024-12-08,50.8,4,completed
ORD-003400,C04631,2024-12-08,49.07,2,completed
ORD-003401,C04649,2024-12-08,101.23,3,completed
ORD-003402,C04664,2024-12-08,75.75,7,completed
ORD-003403,C04994,2024-12-08,36.75,2,completed
ORD-003404,C05215,2024-12-08,115.43,7,completed
ORD-003405,C00082,2024-12-09,70.02,4,completed
ORD-003406,C00812,2024-12-09,63.13,6,completed
ORD-003407,C01015,2024-12-09,70.93,4,completed
ORD-003408,C01337,2024-12-09,49.57,4,completed
ORD-003409,C01373,2024-12-09,58.86,3,completed
ORD-003410,C01584,2024-12-09,51.98,4,completed
ORD-003411,C01826,2024-12-09,79.86,2,completed
ORD-003412,C02367,2024-12-09,106.9,7,completed
ORD-003413,C03207,2024-12-09,75.16,2,completed
ORD-003414,C03300,2024-12-09,47.28,3,completed
ORD-003415,C03327,2024-12-09,51.06,3,completed
ORD-003416,C05233,2024-12-09,49.29,2,completed
ORD-003417,C05234,2024-12-09,82.96,3,completed
ORD-003418,C05696,2024-12-09,19.91,1,completed
ORD-003419,C00161,2024-12-10,48.14,5,completed
ORD-003420,C00670,2024-12-10,58.63,2,completed
ORD-003421,C00844,2024-12-10,50.26,5,completed
ORD-003422,C00870,2024-12-10,81.43,2,completed
ORD-003423,C01038,2024-12-10,104.9,10,completed
ORD-003424,C01571,2024-12-10,103.84,5,refunded
ORD-003425,C02166,2024-12-10,64.8,1,completed
ORD-003426,C02598,2024-12-10,90.76,3,completed
ORD-003427,C04076,2024-12-10,51.15,1,cancelled
ORD-003428,C04889,2024-12-10,40.89,4,completed
ORD-003429,C04920,2024-12-10,28.89,2,completed
ORD-003430,C04994,2024-12-10,42.36,4,completed
ORD-003431,C05102,2024-12-10,33.54,2,completed
ORD-003432,C05160,2024-12-10,60.96,3,completed
ORD-003433,C05319,2024-12-10,92.22,9,completed
ORD-003434,C05508,2024-12-10,152.29,5,completed
ORD-003435,C00072,2024-12-11,136.18,4,completed
ORD-003436,C00481,2024-12-11,80.9,6,completed
ORD-003437,C00833,2024-12-11,71.18,3,completed
ORD-003438,C00881,2024-12-11,39.73,2,completed
ORD-003439,C01046,2024-12-11,38.35,2,completed
ORD-003440,C01282,2024-12-11,35.3,4,completed
ORD-003441,C01809,2024-12-11,51.83,3,cancelled
ORD-003442,C01837,2024-12-11,86.01,5,completed
ORD-003443,C01883,2024-12-11,45.38,3,completed
ORD-003444,C02295,2024-12-11,26.44,1,completed
ORD-003445,C02463,2024-12-11,107.87,8,completed
ORD-003446,C03067,2024-12-11,79.55,4,completed
ORD-003447,C03474,2024-12-11,33.14,3,completed
ORD-003448,C03886,2024-12-11,76.94,5,completed
ORD-003449,C04094,2024-12-11,65.94,4,completed
ORD-003450,C04666,2024-12-11,43.36,1,completed
ORD-003451,C04807,2024-12-11,113.36,8,completed
ORD-003452,C04994,2024-12-11,47.68,2,completed
ORD-003453,C05477,2024-12-11,50.39,3,completed
ORD-003454,C05613,2024-12-11,68.34,8,completed
ORD-003455,C05946,2024-12-11,62.01,3,completed
ORD-003456,C00733,2024-12-12,67.01,3,completed
ORD-003457,C01096,2024-12-12,77.38,3,completed
ORD-003458,C01304,2024-12-12,42.45,4,completed
ORD-003459,C01630,2024-12-12,77.23,3,completed
ORD-003460,C02175,2024-12-12,52.1,2,completed
ORD-003461,C02601,2024-12-12,62.45,3,completed
ORD-003462,C02724,2024-12-12,41.71,2,completed
ORD-003463,C02724,2024-12-12,49.58,2,completed
ORD-003464,C02854,2024-12-12,123.94,6,completed
ORD-003465,C02867,2024-12-12,71.61,1,completed
ORD-003466,C03937,2024-12-12,52.49,3,completed
ORD-003467,C04081,2024-12-12,47.38,4,completed
ORD-003468,C04116,2024-12-12,50.22,4,completed
ORD-003469,C04730,2024-12-12,38.08,2,completed
ORD-003470,C04825,2024-12-12,35.94,2,completed
ORD-003471,C05563,2024-12-12,22.61,2,completed
ORD-003472,C05820,2024-12-12,75.94,3,completed
ORD-003473,C05886,2024-12-12,65.84,4,completed
ORD-003474,C00248,2024-12-13,104.96,5,completed
ORD-003475,C00480,2024-12-13,86.62,7,completed
ORD-003476,C00626,2024-12-13,26.35,2,completed
ORD-003477,C00786,2024-12-13,50.25,4,completed
ORD-003478,C01444,2024-12-13,51.08,4,completed
ORD-003479,C01617,2024-12-13,37.13,3,completed
ORD-003480,C01636,2024-12-13,38.84,3,completed
ORD-003481,C01708,2024-12-13,39.06,1,completed
ORD-003482,C01849,2024-12-13,28.0,1,completed
ORD-003483,C03876,2024-12-13,30.47,2,completed
ORD-003484,C04019,2024-12-13,105.63,4,completed
ORD-003485,C04507,2024-12-13,107.17,8,completed
ORD-003486,C04849,2024-12-13,37.48,3,completed
ORD-003487,C04976,2024-12-13,38.05,2,completed
ORD-003488,C05091,2024-12-13,54.87,3,cancelled
ORD-003489,C05396,2024-12-13,104.58,6,completed
ORD-003490,C05489,2024-12-13,84.93,4,completed
ORD-003491,C00538,2024-12-14,75.81,2,completed
ORD-003492,C00792,2024-12-14,130.65,6,completed
ORD-003493,C00944,2024-12-14,48.07,4,completed
ORD-003494,C01847,2024-12-14,51.23,5,completed
ORD-003495,C01943,2024-12-14,40.47,2,completed
ORD-003496,C02015,2024-12-14,53.56,1,completed
ORD-003497,C02159,2024-12-14,81.9,10,completed
ORD-003498,C02177,2024-12-14,45.42,2,completed
ORD-003499,C02861,2024-12-14,43.41,2,completed
ORD-003500,C02944,2024-12-14,55.46,2,completed
ORD-003501,C03021,2024-12-14,43.49,3,completed
ORD-003502,C03501,2024-12-14,54.64,2,refunded
ORD-003503,C03833,2024-12-14,65.79,3,completed
ORD-003504,C03853,2024-12-14,87.72,4,refunded
ORD-003505,C04462,2024-12-14,46.56,2,completed
ORD-003506,C04522,2024-12-14,70.14,4,completed
ORD-003507,C04828,2024-12-14,43.83,4,completed
ORD-003508,C04969,2024-12-14,63.33,3,completed
ORD-003509,C05086,2024-12-14,57.02,3,completed
ORD-003510,C05598,2024-12-14,63.97,3,completed
ORD-003511,C05673,2024-12-14,88.44,2,completed
ORD-003512,C05706,2024-12-14,54.36,4,completed
ORD-003513,C05731,2024-12-14,43.33,2,completed
ORD-003514,C05766,2024-12-14,87.7,3,completed
ORD-003515,C05801,2024-12-14,80.66,7,completed
ORD-003516,C05971,2024-12-14,29.38,4,completed
ORD-003517,C00124,2024-12-15,61.85,5,completed
ORD-003518,C00286,2024-12-15,83.64,4,completed
ORD-003519,C02223,2024-12-15,39.26,5,completed
ORD-003520,C02854,2024-12-15,106.74,2,completed
ORD-003521,C02865,2024-12-15,96.55,5,completed
ORD-003522,C03235,2024-12-15,73.13,5,completed
ORD-003523,C03634,2024-12-15,64.78,8,completed
ORD-003524,C03691,2024-12-15,81.67,2,completed
ORD-003525,C03799,2024-12-15,111.62,8,completed
ORD-003526,C04150,2024-12-15,60.18,6,completed
ORD-003527,C04633,2024-12-15,84.41,6,completed
ORD-003528,C04757,2024-12-15,83.78,5,completed
ORD-003529,C05088,2024-12-15,65.52,4,completed
ORD-003530,C05164,2024-12-15,39.54,3,cancelled
ORD-003531,C00084,2024-12-16,29.06,3,completed
ORD-003532,C00312,2024-12-16,75.53,7,completed
ORD-003533,C00350,2024-12-16,68.24,4,completed
ORD-003534,C00513,2024-12-16,104.9,6,completed
ORD-003535,C00701,2024-12-16,67.88,2,completed
ORD-003536,C00740,2024-12-16,34.11,2,completed
ORD-003537,C01145,2024-12-16,30.06,2,completed
ORD-003538,C01171,2024-12-16,52.18,2,completed
ORD-003539,C01214,2024-12-16,71.82,2,completed
ORD-003540,C01349,2024-12-16,102.8,8,completed
ORD-003541,C01886,2024-12-16,45.07,5,completed
ORD-003542,C01962,2024-12-16,73.56,6,completed
ORD-003543,C02158,2024-12-16,78.17,6,completed
ORD-003544,C02171,2024-12-16,47.4,3,completed
ORD-003545,C02413,2024-12-16,54.2,2,completed
ORD-003546,C02731,2024-12-16,47.23,5,completed
ORD-003547,C03206,2024-12-16,93.19,7,completed
ORD-003548,C03658,2024-12-16,81.78,3,completed
ORD-003549,C04655,2024-12-16,69.6,5,completed
ORD-003550,C05083,2024-12-16,71.28,6,completed
ORD-003551,C05358,2024-12-16,68.87,3,completed
ORD-003552,C00232,2024-12-17,128.47,5,completed
ORD-003553,C00366,2024-12-17,37.48,2,completed
ORD-003554,C00486,2024-12-17,67.32,2,completed
ORD-003555,C00839,2024-12-17,42.36,1,completed
ORD-003556,C00971,2024-12-17,40.81,5,completed
ORD-003557,C01035,2024-12-17,109.83,4,completed
ORD-003558,C01210,2024-12-17,33.83,2,completed
ORD-003559,C01444,2024-12-17,31.49,2,completed
ORD-003560,C02166,2024-12-17,88.0,5,completed
ORD-003561,C02368,2024-12-17,50.86,3,completed
ORD-003562,C02854,2024-12-17,111.92,7,completed
ORD-003563,C02946,2024-12-17,78.89,4,completed
ORD-003564,C02947,2024-12-17,71.33,7,completed
ORD-003565,C03835,2024-12-17,46.98,5,completed
ORD-003566,C03880,2024-12-17,55.3,5,completed
ORD-003567,C03929,2024-12-17,62.77,3,completed
ORD-003568,C04073,2024-12-17,89.13,4,completed
ORD-003569,C05661,2024-12-17,58.22,5,completed
ORD-003570,C05677,2024-12-17,51.72,3,cancelled
ORD-003571,C00687,2024-12-18,77.19,3,completed
ORD-003572,C00970,2024-12-18,45.92,2,completed
ORD-003573,C01206,2024-12-18,39.76,3,completed
ORD-003574,C02034,2024-12-18,86.89,8,completed
ORD-003574,C02034,2024-12-18,86.89,8,completed
ORD-003575,C02281,2024-12-18,57.48,5,completed
ORD-003576,C02512,2024-12-18,41.02,4,completed
ORD-003577,C02652,2024-12-18,41.2,1,completed
ORD-003578,C02900,2024-12-18,112.15,3,completed
ORD-003579,C03185,2024-12-18,50.77,5,completed
ORD-003580,C03288,2024-12-18,28.11,2,completed
ORD-003581,C03666,2024-12-18,71.28,3,completed
ORD-003582,C04461,2024-12-18,58.65,3,completed
ORD-003583,C04731,2024-12-18,35.78,1,completed
ORD-003584,C05212,2024-12-18,94.38,4,cancelled
ORD-003585,C05631,2024-12-18,25.54,4,completed
ORD-003586,C05633,2024-12-18,62.17,3,completed
ORD-003587,C05685,2024-12-18,45.15,3,completed
ORD-003588,C00161,2024-12-19,59.1,2,completed
ORD-003589,C01112,2024-12-19,54.08,3,completed
ORD-003590,C01238,2024-12-19,36.72,4,completed
ORD-003591,C01481,2024-12-19,60.44,2,completed
ORD-003592,C02122,2024-12-19,29.04,1,completed
ORD-003593,C02626,2024-12-19,89.0,5,completed
ORD-003594,C03576,2024-12-19,64.63,4,completed
ORD-003595,C03636,2024-12-19,57.34,4,completed
ORD-003596,C04216,2024-12-19,123.95,5,completed
ORD-003597,C04267,2024-12-19,60.32,3,completed
ORD-003598,C04366,2024-12-19,66.24,5,completed
ORD-003599,C04997,2024-12-19,62.62,3,completed
ORD-003600,C05052,2024-12-19,113.42,9,completed
ORD-003601,C05258,2024-12-19,90.42,3,completed
ORD-003602,C05402,2024-12-19,60.58,3,completed
ORD-003603,C00919,2024-12-20,158.66,8,completed
ORD-003604,C01094,2024-12-20,94.91,5,completed
ORD-003605,C01125,2024-12-20,59.54,5,completed
ORD-003606,C01468,2024-12-20,64.46,2,completed
ORD-003607,C02065,2024-12-20,39.94,2,completed
ORD-003608,C02332,2024-12-20,58.13,1,completed
ORD-003609,C03376,2024-12-20,69.79,3,completed
ORD-003610,C03696,2024-12-20,40.02,3,completed
ORD-003611,C03851,2024-12-20,88.45,5,completed
ORD-003612,C03992,2024-12-20,68.83,6,completed
ORD-003613,C04704,2024-12-20,109.81,4,refunded
ORD-003614,C05233,2024-12-20,33.47,7,completed
ORD-003615,C00250,2024-12-21,50.37,5,completed
ORD-003616,C00488,2024-12-21,68.46,1,completed
ORD-003617,C00660,2024-12-21,39.26,1,completed
ORD-003618,C01138,2024-12-21,95.01,5,completed
ORD-003619,C01347,2024-12-21,39.42,1,completed
ORD-003620,C01504,2024-12-21,33.95,1,completed
ORD-003621,C01630,2024-12-21,54.91,4,completed
ORD-003622,C02164,2024-12-21,117.88,4,completed
ORD-003623,C02168,2024-12-21,41.32,2,completed
ORD-003624,C02172,2024-12-21,83.44,3,completed
ORD-003625,C02355,2024-12-21,30.08,2,completed
ORD-003626,C03683,2024-12-21,43.27,4,completed
ORD-003627,C03951,2024-12-21,80.43,3,completed
ORD-003628,C04640,2024-12-21,34.62,3,completed
ORD-003629,C04842,2024-12-21,38.07,1,completed
ORD-003630,C05311,2024-12-21,41.83,3,completed
ORD-003631,C00477,2024-12-22,57.76,1,completed
ORD-003632,C00665,2024-12-22,73.84,4,completed
ORD-003633,C02571,2024-12-22,56.87,4,refunded
ORD-003634,C03131,2024-12-22,54.83,4,completed
ORD-003635,C03817,2024-12-22,75.66,5,completed
ORD-003636,C04133,2024-12-22,38.56,1,completed
ORD-003637,C04708,2024-12-22,55.56,5,completed
ORD-003638,C05259,2024-12-22,60.67,1,completed
ORD-003639,C05367,2024-12-22,78.59,6,completed
ORD-003640,C05434,2024-12-22,42.16,2,completed
ORD-003641,C05591,2024-12-22,59.71,4,completed
ORD-003642,C00039,2024-12-23,38.61,2,completed
ORD-003643,C01380,2024-12-23,31.41,2,completed
ORD-003644,C01495,2024-12-23,31.37,5,completed
ORD-003645,C02260,2024-12-23,61.07,4,completed
ORD-003646,C02335,2024-12-23,64.45,3,completed
ORD-003647,C02636,2024-12-23,83.06,6,completed
ORD-003648,C03976,2024-12-23,63.51,4,completed
ORD-003649,C04327,2024-12-23,48.65,2,completed
ORD-003650,C04327,2024-12-23,23.36,5,completed
ORD-003651,C04815,2024-12-23,64.7,6,completed
ORD-003652,C04822,2024-12-23,59.78,1,completed
ORD-003653,C04844,2024-12-23,50.3,4,completed
ORD-003654,C05260,2024-12-23,67.94,2,completed
ORD-003655,C05523,2024-12-23,41.48,3,completed
ORD-003656,C05609,2024-12-23,59.25,3,completed
ORD-003657,C01381,2024-12-24,50.1,4,completed
ORD-003658,C01609,2024-12-24,43.79,1,completed
ORD-003659,C02308,2024-12-24,53.75,6,completed
ORD-003660,C02866,2024-12-24,108.01,4,completed
ORD-003661,C03700,2024-12-24,28.81,2,completed
ORD-003662,C03815,2024-12-24,51.06,3,completed
ORD-003663,C03920,2024-12-24,12.46,2,completed
ORD-003664,C04510,2024-12-24,74.68,1,completed
ORD-003665,C04777,2024-12-24,42.93,3,completed
ORD-003666,C05955,2024-12-24,65.53,3,completed
ORD-003667,C00119,2024-12-25,31.93,3,completed
ORD-003668,C00127,2024-12-25,51.57,3,completed
ORD-003669,C00497,2024-12-25,61.48,2,completed
ORD-003670,C00514,2024-12-25,38.0,3,completed
ORD-003671,C00716,2024-12-25,27.21,5,completed
ORD-003672,C00748,2024-12-25,81.64,3,cancelled
ORD-003673,C01205,2024-12-25,43.01,3,completed
ORD-003674,C01283,2024-12-25,59.15,4,completed
ORD-003675,C01555,2024-12-25,48.68,5,completed
ORD-003676,C01610,2024-12-25,40.89,4,completed
ORD-003677,C01620,2024-12-25,50.49,4,completed
ORD-003678,C01838,2024-12-25,89.41,4,completed
ORD-003679,C02197,2024-12-25,73.73,6,completed
ORD-003680,C02852,2024-12-25,121.21,5,completed
ORD-003681,C02858,2024-12-25,36.51,3,completed
ORD-003682,C02947,2024-12-25,92.69,3,completed
ORD-003683,C03185,2024-12-25,67.23,6,completed
ORD-003684,C03476,2024-12-25,90.97,4,completed
ORD-003685,C03526,2024-12-25,42.47,2,completed
ORD-003686,C03724,2024-12-25,34.96,2,completed
ORD-003687,C03969,2024-12-25,66.74,4,completed
ORD-003688,C04370,2024-12-25,50.22,3,completed
ORD-003689,C04517,2024-12-25,47.1,1,completed
ORD-003690,C05123,2024-12-25,44.38,1,completed
ORD-003691,C05667,2024-12-25,73.89,3,completed
ORD-003692,C00550,2024-12-26,58.06,4,completed
ORD-003693,C00722,2024-12-26,41.19,2,completed
ORD-003694,C02142,2024-12-26,51.26,3,completed
ORD-003695,C02814,2024-12-26,87.92,3,completed
ORD-003696,C02842,2024-12-26,92.12,5,completed
ORD-003697,C03290,2024-12-26,70.21,4,refunded
ORD-003698,C03322,2024-12-26,60.56,6,completed
ORD-003699,C04871,2024-12-26,56.29,2,completed
ORD-003700,C05395,2024-12-26,48.59,7,completed
ORD-003701,C00113,2024-12-27,44.44,2,refunded
ORD-003702,C00147,2024-12-27,86.31,5,completed
ORD-003703,C00177,2024-12-27,37.67,1,completed
ORD-003704,C00481,2024-12-27,73.82,3,completed
ORD-003705,C00568,2024-12-27,36.54,2,completed
ORD-003706,C00962,2024-12-27,57.43,3,completed
ORD-003707,C01467,2024-12-27,49.68,4,completed
ORD-003708,C01630,2024-12-27,97.88,5,completed
ORD-003709,C02294,2024-12-27,38.37,1,completed
ORD-003709,C02294,2024-12-27,38.37,1,completed
ORD-003710,C02819,2024-12-27,66.99,4,completed
ORD-003711,C03060,2024-12-27,54.0,3,completed
ORD-003712,C03354,2024-12-27,64.69,5,completed
ORD-003713,C03728,2024-12-27,48.22,5,completed
ORD-003714,C04149,2024-12-27,48.29,5,completed
ORD-003715,C04597,2024-12-27,41.52,2,completed
ORD-003716,C05027,2024-12-27,62.38,3,completed
ORD-003717,C05527,2024-12-27,49.97,1,completed
ORD-003718,C05649,2024-12-27,56.03,4,completed
ORD-003719,C00041,2024-12-28,62.15,3,completed
ORD-003720,C00070,2024-12-28,113.9,3,completed
ORD-003721,C00072,2024-12-28,77.46,4,completed
ORD-003722,C00315,2024-12-28,33.39,3,completed
ORD-003723,C00670,2024-12-28,47.5,3,completed
ORD-003724,C01159,2024-12-28,63.48,2,completed
ORD-003725,C01238,2024-12-28,42.68,2,completed
ORD-003726,C01477,2024-12-28,29.19,2,completed
ORD-003727,C01686,2024-12-28,43.71,3,completed
ORD-003728,C02305,2024-12-28,76.44,3,completed
ORD-003729,C02439,2024-12-28,80.23,3,completed
ORD-003730,C02542,2024-12-28,114.34,5,completed
ORD-003731,C02657,2024-12-28,66.31,6,completed
ORD-003732,C03858,2024-12-28,34.67,1,completed
ORD-003733,C04801,2024-12-28,77.01,4,completed
ORD-003734,C04809,2024-12-28,80.71,6,completed
ORD-003735,C05020,2024-12-28,68.11,3,completed
ORD-003736,C05239,2024-12-28,81.53,6,completed
ORD-003737,C00002,2024-12-29,91.45,3,completed
ORD-003738,C00149,2024-12-29,66.18,4,completed
ORD-003739,C00378,2024-12-29,53.24,3,completed
ORD-003740,C00709,2024-12-29,65.33,4,completed
ORD-003741,C00996,2024-12-29,48.79,4,completed
ORD-003742,C01458,2024-12-29,35.87,2,completed
ORD-003743,C01552,2024-12-29,62.88,4,completed
ORD-003744,C01930,2024-12-29,26.74,4,completed
ORD-003745,C02131,2024-12-29,50.4,3,completed
ORD-003746,C02843,2024-12-29,22.77,2,completed
ORD-003747,C02875,2024-12-29,42.71,2,completed
ORD-003748,C03231,2024-12-29,55.0,3,completed
ORD-003749,C03389,2024-12-29,131.54,5,completed
ORD-003750,C03459,2024-12-29,46.13,2,completed
ORD-003751,C03471,2024-12-29,39.79,2,completed
ORD-003752,C03600,2024-12-29,44.43,1,completed
ORD-003753,C03709,2024-12-29,77.33,5,completed
ORD-003754,C04063,2024-12-29,44.81,2,completed
ORD-003755,C04153,2024-12-29,44.86,3,completed
ORD-003756,C04396,2024-12-29,42.95,4,completed
ORD-003757,C04654,2024-12-29,81.15,7,completed
ORD-003758,C04765,2024-12-29,50.01,2,completed
ORD-003759,C05329,2024-12-29,53.0,2,completed
ORD-003760,C05373,2024-12-29,41.82,3,completed
ORD-003761,C00610,2024-12-30,60.32,3,completed
ORD-003762,C01039,2024-12-30,59.15,3,completed
ORD-003763,C01094,2024-12-30,51.43,3,completed
ORD-003764,C01217,2024-12-30,39.78,4,completed
ORD-003765,C01325,2024-12-30,81.75,5,completed
ORD-003766,C01460,2024-12-30,40.22,3,completed
ORD-003767,C01590,2024-12-30,63.91,2,completed
ORD-003768,C01812,2024-12-30,113.83,2,completed
ORD-003769,C01872,2024-12-30,107.46,4,completed
ORD-003770,C03370,2024-12-30,39.9,3,completed
ORD-003771,C03836,2024-12-30,104.78,5,completed
ORD-003772,C03982,2024-12-30,65.78,3,completed
ORD-003773,C05006,2024-12-30,56.82,2,completed
ORD-003774,C05127,2024-12-30,92.59,3,completed
ORD-003775,C05209,2024-12-30,68.18,2,completed
ORD-003776,C05557,2024-12-30,65.58,5,completed
ORD-003777,C05602,2024-12-30,105.21,2,completed
ORD-003778,C05617,2024-12-30,91.88,4,completed
ORD-003779,C05703,2024-12-30,57.38,5,completed
ORD-003780,C00400,2024-12-31,68.41,3,completed
ORD-003781,C01678,2024-12-31,47.42,2,completed
ORD-003782,C02014,2024-12-31,54.66,3,completed
ORD-003783,C02208,2024-12-31,70.87,3,completed
ORD-003784,C02807,2024-12-31,79.91,4,completed
ORD-003785,C02957,2024-12-31,35.92,2,completed
ORD-003786,C03062,2024-12-31,63.86,2,completed
ORD-003787,C03096,2024-12-31,36.21,5,completed
ORD-003788,C03240,2024-12-31,26.73,2,completed
ORD-003789,C03381,2024-12-31,71.21,7,completed
ORD-003790,C03481,2024-12-31,23.72,1,completed
ORD-003791,C03740,2024-12-31,41.59,1,completed
ORD-003792,C04041,2024-12-31,55.36,2,completed
ORD-003793,C04869,2024-12-31,46.49,1,completed
ORD-003794,C04893,2024-12-31,23.2,1,completed
ORD-003795,C05226,2024-12-31,65.64,7,completed
ORD-003796,C05924,2024-12-31,77.56,5,completed
ORD-003797,C00015,2025-01-01,70.82,2,cancelled
ORD-003798,C00587,2025-01-01,31.89,1,completed
ORD-003799,C01073,2025-01-01,64.02,4,completed
ORD-003800,C01907,2025-01-01,53.6,5,completed
ORD-003801,C03027,2025-01-01,127.06,8,completed
ORD-003802,C04747,2025-01-01,54.47,4,completed
ORD-003803,C05197,2025-01-01,105.01,5,completed
ORD-003804,C05432,2025-01-01,79.09,6,completed
ORD-003805,C05521,2025-01-01,35.21,2,completed
ORD-003806,C05621,2025-01-01,51.94,8,completed
ORD-003807,C00670,2025-01-02,68.63,1,completed
ORD-003808,C01401,2025-01-02,52.89,1,completed
ORD-003809,C01906,2025-01-02,122.31,5,completed
ORD-003810,C02047,2025-01-02,42.58,4,completed
ORD-003811,C02586,2025-01-02,45.41,5,completed
ORD-003812,C04297,2025-01-02,70.88,3,completed
ORD-003813,C04702,2025-01-02,52.36,1,completed
ORD-003814,C05044,2025-01-02,48.38,6,completed
ORD-003815,C05652,2025-01-02,148.79,3,completed
ORD-003816,C00093,2025-01-03,64.74,2,completed
ORD-003817,C00514,2025-01-03,54.87,6,completed
ORD-003818,C00970,2025-01-03,75.65,4,completed
ORD-003819,C01430,2025-01-03,64.42,2,completed
ORD-003820,C01609,2025-01-03,61.85,6,completed
ORD-003821,C01890,2025-01-03,73.7,4,completed
ORD-003822,C02002,2025-01-03,64.28,4,completed
ORD-003823,C02471,2025-01-03,50.37,1,completed
ORD-003824,C02767,2025-01-03,85.71,2,completed
ORD-003825,C03066,2025-01-03,90.71,5,completed
ORD-003826,C03574,2025-01-03,52.51,2,completed
ORD-003827,C03905,2025-01-03,94.58,6,refunded
ORD-003828,C05450,2025-01-03,83.89,8,completed
ORD-003829,C05760,2025-01-03,50.18,4,completed
ORD-003830,C01778,2025-01-04,34.53,1,completed
ORD-003831,C01808,2025-01-04,60.34,1,completed
ORD-003832,C02159,2025-01-04,115.6,2,cancelled
ORD-003833,C02672,2025-01-04,41.63,4,completed
ORD-003834,C03044,2025-01-04,38.17,6,completed
ORD-003835,C03472,2025-01-04,62.96,3,completed
ORD-003836,C04619,2025-01-04,50.83,4,completed
ORD-003837,C04632,2025-01-04,77.31,6,completed
ORD-003838,C04721,2025-01-04,59.53,1,completed
ORD-003839,C04774,2025-01-04,68.9,4,completed
ORD-003840,C04779,2025-01-04,46.91,2,completed
ORD-003841,C00546,2025-01-05,39.27,1,completed
ORD-003842,C00592,2025-01-05,89.98,4,completed
ORD-003843,C01191,2025-01-05,91.18,5,cancelled
ORD-003844,C01540,2025-01-05,46.3,3,completed
ORD-003845,C02072,2025-01-05,49.64,5,completed
ORD-003846,C02161,2025-01-05,32.56,1,completed
ORD-003847,C02946,2025-01-05,93.49,3,completed
ORD-003848,C03070,2025-01-05,70.52,2,completed
ORD-003849,C04054,2025-01-05,64.91,3,completed
ORD-003850,C04209,2025-01-05,69.62,4,completed
ORD-003851,C04376,2025-01-05,70.95,4,completed
ORD-003852,C05216,2025-01-05,66.05,3,completed
ORD-003853,C05292,2025-01-05,31.0,2,completed
ORD-003854,C05407,2025-01-05,52.13,1,completed
ORD-003855,C00010,2025-01-06,67.49,3,completed
ORD-003856,C00107,2025-01-06,30.66,2,completed
ORD-003857,C00113,2025-01-06,37.22,3,completed
ORD-003858,C00480,2025-01-06,158.81,12,completed
ORD-003859,C00636,2025-01-06,40.09,1,completed
ORD-003860,C00798,2025-01-06,55.7,4,completed
ORD-003861,C00945,2025-01-06,56.93,3,completed
ORD-003862,C01020,2025-01-06,38.06,4,completed
ORD-003863,C01750,2025-01-06,68.75,5,completed
ORD-003864,C01826,2025-01-06,78.44,5,completed
ORD-003865,C02807,2025-01-06,63.59,3,completed
ORD-003866,C04213,2025-01-06,43.62,3,completed
ORD-003867,C04320,2025-01-06,39.52,3,completed
ORD-003868,C04731,2025-01-06,24.32,1,completed
ORD-003869,C00722,2025-01-07,54.02,2,completed
ORD-003870,C01215,2025-01-07,154.68,9,completed
ORD-003871,C01289,2025-01-07,52.03,7,cancelled
ORD-003872,C01833,2025-01-07,57.97,5,completed
ORD-003873,C02175,2025-01-07,55.3,5,completed
ORD-003874,C02589,2025-01-07,53.1,4,completed
ORD-003875,C02832,2025-01-07,56.75,2,completed
ORD-003876,C03115,2025-01-07,81.73,4,completed
ORD-003877,C03461,2025-01-07,38.22,3,completed
ORD-003878,C03623,2025-01-07,26.15,1,completed
ORD-003879,C03753,2025-01-07,30.19,2,completed
ORD-003880,C04080,2025-01-07,29.84,1,completed
ORD-003881,C04159,2025-01-07,39.83,3,completed
ORD-003882,C05106,2025-01-07,49.32,2,completed
ORD-003883,C05211,2025-01-07,90.19,8,completed
ORD-003884,C05478,2025-01-07,34.17,3,refunded
ORD-003885,C05886,2025-01-07,64.25,3,completed
ORD-003886,C00970,2025-01-08,80.08,3,completed
ORD-003887,C01199,2025-01-08,72.55,5,completed
ORD-003888,C02053,2025-01-08,29.68,2,completed
ORD-003889,C02222,2025-01-08,86.64,4,completed
ORD-003890,C02655,2025-01-08,24.4,1,completed
ORD-003891,C02747,2025-01-08,44.37,1,completed
ORD-003892,C03265,2025-01-08,108.03,7,completed
ORD-003893,C03459,2025-01-08,42.71,3,completed
ORD-003894,C04018,2025-01-08,54.03,5,completed
ORD-003895,C05073,2025-01-08,32.89,3,completed
ORD-003896,C05611,2025-01-08,75.19,2,completed
ORD-003897,C05833,2025-01-08,142.66,4,completed
ORD-003898,C00253,2025-01-09,55.47,3,completed
ORD-003899,C00684,2025-01-09,41.72,4,completed
ORD-003900,C00889,2025-01-09,46.68,2,completed
ORD-003901,C03088,2025-01-09,52.44,3,completed
ORD-003902,C03119,2025-01-09,73.66,4,completed
ORD-003903,C03124,2025-01-09,39.84,4,completed
ORD-003904,C03998,2025-01-09,76.54,3,completed
ORD-003905,C04081,2025-01-09,54.79,3,completed
ORD-003906,C04324,2025-01-09,55.48,6,completed
ORD-003907,C04688,2025-01-09,50.31,2,completed
ORD-003908,C00385,2025-01-10,74.23,3,completed
ORD-003909,C00396,2025-01-10,69.86,7,completed
ORD-003910,C00729,2025-01-10,35.37,2,completed
ORD-003911,C00783,2025-01-10,58.42,3,completed
ORD-003912,C01217,2025-01-10,51.12,3,completed
ORD-003913,C01942,2025-01-10,80.47,2,completed
ORD-003914,C02212,2025-01-10,52.25,4,completed
ORD-003915,C03379,2025-01-10,53.72,2,completed
ORD-003916,C03446,2025-01-10,59.53,2,completed
ORD-003917,C04502,2025-01-10,54.98,2,completed
ORD-003918,C04663,2025-01-10,56.32,2,completed
ORD-003919,C04986,2025-01-10,64.47,4,refunded
ORD-003920,C05159,2025-01-10,43.17,1,completed
ORD-003921,C05389,2025-01-10,45.8,2,completed
ORD-003922,C05550,2025-01-10,95.68,6,completed
ORD-003923,C00111,2025-01-11,78.14,7,completed
ORD-003924,C00161,2025-01-11,48.86,1,completed
ORD-003925,C01090,2025-01-11,39.61,1,completed
ORD-003926,C01423,2025-01-11,44.08,4,completed
ORD-003927,C01707,2025-01-11,63.88,1,completed
ORD-003928,C02025,2025-01-11,66.45,5,completed
ORD-003929,C02603,2025-01-11,50.7,2,completed
ORD-003930,C02610,2025-01-11,91.56,1,completed
ORD-003931,C02915,2025-01-11,34.62,1,completed
ORD-003932,C02937,2025-01-11,61.4,4,completed
ORD-003933,C04920,2025-01-11,40.46,3,completed
ORD-003934,C05128,2025-01-11,41.11,3,refunded
ORD-003935,C05588,2025-01-11,57.73,6,completed
ORD-003936,C05952,2025-01-11,38.4,2,cancelled
ORD-003937,C01376,2025-01-12,87.45,6,completed
ORD-003938,C01738,2025-01-12,103.38,5,completed
ORD-003939,C02558,2025-01-12,76.64,4,completed
ORD-003940,C02860,2025-01-12,92.97,5,completed
ORD-003941,C02872,2025-01-12,42.18,3,completed
ORD-003942,C03422,2025-01-12,89.74,5,completed
ORD-003943,C04446,2025-01-12,95.81,4,completed
ORD-003944,C04913,2025-01-12,34.23,1,completed
ORD-003945,C05571,2025-01-12,162.05,11,completed
ORD-003946,C05697,2025-01-12,38.24,4,completed
ORD-003947,C05953,2025-01-12,61.89,1,completed
ORD-003948,C00057,2025-01-13,45.74,3,completed
ORD-003949,C00399,2025-01-13,58.0,4,completed
ORD-003950,C00458,2025-01-13,83.18,9,completed
ORD-003951,C01002,2025-01-13,44.41,3,completed
ORD-003952,C01282,2025-01-13,30.67,2,completed
ORD-003953,C02263,2025-01-13,53.16,3,completed
ORD-003954,C02767,2025-01-13,46.49,2,completed
ORD-003955,C04387,2025-01-13,58.72,4,completed
ORD-003956,C04481,2025-01-13,45.85,3,completed
ORD-003957,C05204,2025-01-13,104.17,5,completed
ORD-003958,C01508,2025-01-14,49.67,2,completed
ORD-003959,C02736,2025-01-14,33.23,1,completed
ORD-003960,C02854,2025-01-14,100.88,5,completed
ORD-003961,C04170,2025-01-14,42.93,2,completed
ORD-003962,C04504,2025-01-14,36.23,3,completed
ORD-003963,C00088,2025-01-15,26.0,3,completed
ORD-003964,C00643,2025-01-15,95.96,3,completed
ORD-003965,C00760,2025-01-15,57.33,2,completed
ORD-003966,C00908,2025-01-15,39.04,2,completed
ORD-003967,C01010,2025-01-15,60.72,5,completed
ORD-003968,C01137,2025-01-15,51.72,1,completed
ORD-003969,C01291,2025-01-15,28.58,5,completed
ORD-003970,C01350,2025-01-15,58.24,3,completed
ORD-003971,C01365,2025-01-15,48.47,4,completed
ORD-003972,C01566,2025-01-15,69.43,4,completed
ORD-003973,C01686,2025-01-15,67.06,3,completed
ORD-003974,C02603,2025-01-15,83.44,3,completed
ORD-003975,C02754,2025-01-15,61.66,2,completed
ORD-003976,C03047,2025-01-15,41.97,1,completed
ORD-003977,C04397,2025-01-15,68.79,6,completed
ORD-003978,C05245,2025-01-15,29.92,3,completed
ORD-003979,C00306,2025-01-16,67.04,2,completed
ORD-003980,C02371,2025-01-16,54.16,4,refunded
ORD-003981,C02511,2025-01-16,69.08,6,completed
ORD-003982,C02645,2025-01-16,25.85,2,completed
ORD-003983,C02833,2025-01-16,86.68,2,completed
ORD-003984,C04119,2025-01-16,54.38,4,completed
ORD-003985,C04804,2025-01-16,79.16,4,completed
ORD-003986,C04857,2025-01-16,122.85,7,completed
ORD-003986,C04857,2025-01-16,122.85,7,completed
ORD-003987,C05790,2025-01-16,43.66,3,completed
ORD-003988,C05845,2025-01-16,77.05,6,completed
ORD-003989,C00488,2025-01-17,96.57,3,completed
ORD-003990,C00729,2025-01-17,48.62,6,completed
ORD-003991,C01289,2025-01-17,37.38,2,cancelled
ORD-003992,C01358,2025-01-17,67.36,1,completed
ORD-003993,C01646,2025-01-17,118.34,9,completed
ORD-003994,C01977,2025-01-17,88.61,3,completed
ORD-003995,C02559,2025-01-17,74.27,5,completed
ORD-003996,C02637,2025-01-17,96.98,4,completed
ORD-003997,C03884,2025-01-17,45.46,2,completed
ORD-003998,C04650,2025-01-17,137.4,3,completed
ORD-003999,C05394,2025-01-17,70.1,6,completed
ORD-004000,C00624,2025-01-18,53.04,5,completed
ORD-004001,C00941,2025-01-18,69.95,6,completed
ORD-004002,C00977,2025-01-18,68.96,4,completed
ORD-004003,C01177,2025-01-18,42.36,2,completed
ORD-004004,C01322,2025-01-18,48.84,4,completed
ORD-004005,C02222,2025-01-18,63.78,5,completed
ORD-004006,C02379,2025-01-18,57.76,3,completed
ORD-004007,C02827,2025-01-18,42.22,1,completed
ORD-004008,C03095,2025-01-18,82.35,2,completed
ORD-004009,C03755,2025-01-18,106.97,9,completed
ORD-004010,C04258,2025-01-18,83.74,3,completed
ORD-004011,C04912,2025-01-18,74.38,3,cancelled
ORD-004012,C04977,2025-01-18,24.74,1,completed
ORD-004013,C05783,2025-01-18,81.8,4,cancelled
ORD-004014,C05845,2025-01-18,84.73,7,completed
ORD-004015,C05905,2025-01-18,51.86,3,completed
ORD-004016,C05921,2025-01-18,54.55,2,cancelled
ORD-004017,C00027,2025-01-19,29.69,3,completed
ORD-004018,C00355,2025-01-19,51.25,4,completed
ORD-004019,C00978,2025-01-19,71.87,4,completed
ORD-004020,C01508,2025-01-19,52.55,2,completed
ORD-004021,C02090,2025-01-19,38.13,2,completed
ORD-004022,C03622,2025-01-19,65.2,8,completed
ORD-004023,C03870,2025-01-19,41.23,3,cancelled
ORD-004024,C03988,2025-01-19,57.44,2,completed
ORD-004025,C04614,2025-01-19,72.78,3,completed
ORD-004026,C00237,2025-01-20,44.13,3,completed
ORD-004027,C00884,2025-01-20,71.39,3,completed
ORD-004028,C00901,2025-01-20,39.2,3,completed
ORD-004029,C01545,2025-01-20,48.77,3,refunded
ORD-004030,C01643,2025-01-20,31.06,4,completed
ORD-004031,C01780,2025-01-20,42.95,3,completed
ORD-004032,C01831,2025-01-20,76.69,3,completed
ORD-004033,C02670,2025-01-20,30.5,2,completed
ORD-004034,C02706,2025-01-20,61.99,5,completed
ORD-004035,C02767,2025-01-20,65.9,2,completed
ORD-004036,C03370,2025-01-20,47.43,4,completed
ORD-004037,C03469,2025-01-20,37.9,2,completed
ORD-004038,C04405,2025-01-20,45.6,2,completed
ORD-004039,C04706,2025-01-20,82.82,5,completed
ORD-004040,C05513,2025-01-20,43.07,4,completed
ORD-004041,C05696,2025-01-20,23.75,3,completed
ORD-004042,C00035,2025-01-21,55.88,5,completed
ORD-004043,C00551,2025-01-21,45.29,3,completed
ORD-004044,C00984,2025-01-21,82.61,4,completed
ORD-004045,C01488,2025-01-21,72.77,3,completed
ORD-004046,C02147,2025-01-21,91.43,9,completed
ORD-004047,C02971,2025-01-21,59.04,4,completed
ORD-004048,C05416,2025-01-21,27.89,6,completed
ORD-004049,C00856,2025-01-22,62.83,6,completed
ORD-004050,C01227,2025-01-22,54.69,5,completed
ORD-004051,C03546,2025-01-22,21.65,1,completed
ORD-004052,C03834,2025-01-22,76.68,5,completed
ORD-004053,C03861,2025-01-22,40.26,5,completed
ORD-004054,C04961,2025-01-22,76.48,5,completed
ORD-004055,C05765,2025-01-22,33.33,4,completed
ORD-004056,C00057,2025-01-23,49.0,2,completed
ORD-004057,C00062,2025-01-23,42.81,3,completed
ORD-004058,C00374,2025-01-23,66.81,4,completed
ORD-004059,C02303,2025-01-23,36.12,1,completed
ORD-004060,C02674,2025-01-23,33.53,2,completed
ORD-004061,C02677,2025-01-23,33.45,1,completed
ORD-004062,C02886,2025-01-23,33.37,3,completed
ORD-004063,C02936,2025-01-23,65.18,2,completed
ORD-004064,C03854,2025-01-23,57.99,4,completed
ORD-004065,C03981,2025-01-23,85.05,7,completed
ORD-004066,C04080,2025-01-23,32.31,1,completed
ORD-004067,C04301,2025-01-23,39.95,1,completed
ORD-004068,C04384,2025-01-23,38.42,2,completed
ORD-004069,C04632,2025-01-23,70.21,2,completed
ORD-004070,C04691,2025-01-23,30.14,1,completed
ORD-004071,C04998,2025-01-23,52.03,2,completed
ORD-004072,C00145,2025-01-24,49.04,4,completed
ORD-004073,C00477,2025-01-24,60.0,3,completed
ORD-004074,C01013,2025-01-24,77.21,8,completed
ORD-004075,C01240,2025-01-24,104.93,5,completed
ORD-004076,C01818,2025-01-24,63.53,3,completed
ORD-004077,C01826,2025-01-24,70.13,2,completed
ORD-004078,C01969,2025-01-24,62.95,5,completed
ORD-004079,C02186,2025-01-24,66.71,2,completed
ORD-004080,C02996,2025-01-24,67.12,2,completed
ORD-004081,C03250,2025-01-24,58.49,3,completed
ORD-004082,C03533,2025-01-24,67.43,6,completed
ORD-004083,C05216,2025-01-24,72.95,3,completed
ORD-004084,C05839,2025-01-24,46.34,4,completed
ORD-004085,C00472,2025-01-25,78.39,2,completed
ORD-004086,C00487,2025-01-25,72.7,5,completed
ORD-004087,C01238,2025-01-25,42.47,4,completed
ORD-004088,C01705,2025-01-25,113.4,5,completed
ORD-004089,C02891,2025-01-25,39.08,3,completed
ORD-004090,C03023,2025-01-25,37.84,1,completed
ORD-004091,C03912,2025-01-25,24.95,2,completed
ORD-004092,C04145,2025-01-25,19.29,3,completed
ORD-004093,C04154,2025-01-25,55.91,4,completed
ORD-004094,C04334,2025-01-25,33.1,1,completed
ORD-004095,C04643,2025-01-25,66.0,5,completed
ORD-004096,C04925,2025-01-25,54.03,4,completed
ORD-004097,C05153,2025-01-25,41.35,2,completed
ORD-004098,C05933,2025-01-25,46.11,1,completed
ORD-004099,C00038,2025-01-26,111.84,5,completed
ORD-004100,C00261,2025-01-26,44.04,3,completed
ORD-004101,C01054,2025-01-26,56.27,4,completed
ORD-004102,C01228,2025-01-26,42.12,4,completed
ORD-004103,C01490,2025-01-26,55.03,4,cancelled
ORD-004104,C01749,2025-01-26,50.23,4,completed
ORD-004105,C01937,2025-01-26,29.52,2,completed
ORD-004106,C01995,2025-01-26,41.84,1,completed
ORD-004107,C02058,2025-01-26,40.92,4,completed
ORD-004108,C03020,2025-01-26,34.13,2,completed
ORD-004109,C03527,2025-01-26,48.64,2,completed
ORD-004110,C03720,2025-01-26,53.57,4,completed
ORD-004111,C03831,2025-01-26,100.3,2,completed
ORD-004112,C04367,2025-01-26,62.18,2,completed
ORD-004113,C05600,2025-01-26,57.4,4,completed
ORD-004114,C05987,2025-01-26,72.67,2,completed
ORD-004115,C00514,2025-01-27,43.33,2,completed
ORD-004116,C00710,2025-01-27,45.81,4,completed
ORD-004117,C01189,2025-01-27,51.33,1,completed
ORD-004118,C01442,2025-01-27,81.29,4,completed
ORD-004119,C01445,2025-01-27,31.97,4,completed
ORD-004120,C01569,2025-01-27,38.54,1,completed
ORD-004121,C01923,2025-01-27,46.8,5,completed
ORD-004122,C02628,2025-01-27,46.07,3,completed
ORD-004123,C03264,2025-01-27,25.92,3,completed
ORD-004124,C04243,2025-01-27,73.6,5,completed
ORD-004125,C04597,2025-01-27,58.6,3,completed
ORD-004126,C04774,2025-01-27,74.66,3,completed
ORD-004127,C00311,2025-01-28,42.44,2,completed
ORD-004128,C00601,2025-01-28,76.25,4,completed
ORD-004129,C01480,2025-01-28,107.95,6,completed
ORD-004130,C01528,2025-01-28,44.77,5,completed
ORD-004131,C01614,2025-01-28,67.87,7,completed
ORD-004132,C02172,2025-01-28,67.25,3,completed
ORD-004133,C02363,2025-01-28,40.76,3,completed
ORD-004134,C04272,2025-01-28,48.15,3,completed
ORD-004135,C04698,2025-01-28,60.45,1,completed
ORD-004136,C05134,2025-01-28,68.96,2,completed
ORD-004137,C05876,2025-01-28,47.75,1,completed
ORD-004138,C00384,2025-01-29,67.35,6,completed
ORD-004139,C00754,2025-01-29,28.88,1,completed
ORD-004140,C01631,2025-01-29,92.03,3,completed
ORD-004141,C02056,2025-01-29,91.09,4,completed
ORD-004142,C02724,2025-01-29,51.52,5,completed
ORD-004143,C03299,2025-01-29,59.08,4,completed
ORD-004144,C04116,2025-01-29,40.8,4,completed
ORD-004145,C04128,2025-01-29,46.14,2,completed
ORD-004146,C04497,2025-01-29,90.47,5,completed
ORD-004147,C04798,2025-01-29,40.29,2,cancelled
ORD-004148,C05251,2025-01-29,50.91,2,completed
ORD-004149,C00322,2025-01-30,59.64,4,completed
ORD-004150,C01089,2025-01-30,52.73,3,cancelled
ORD-004151,C01536,2025-01-30,46.34,3,completed
ORD-004152,C02483,2025-01-30,81.28,5,completed
ORD-004153,C03358,2025-01-30,56.81,3,completed
ORD-004154,C03547,2025-01-30,71.49,4,completed
ORD-004155,C04029,2025-01-30,37.56,1,completed
ORD-004156,C04045,2025-01-30,54.72,2,completed
ORD-004157,C04896,2025-01-30,61.62,4,completed
ORD-004158,C05044,2025-01-30,62.4,5,completed
ORD-004159,C05225,2025-01-30,60.81,3,completed
ORD-004160,C00098,2025-01-31,60.55,4,completed
ORD-004161,C00138,2025-01-31,63.95,3,completed
ORD-004162,C00573,2025-01-31,72.19,1,completed
ORD-004163,C00904,2025-01-31,34.59,1,completed
ORD-004164,C00966,2025-01-31,115.59,7,completed
ORD-004165,C01343,2025-01-31,47.98,3,completed
ORD-004166,C01828,2025-01-31,81.02,3,completed
ORD-004167,C02214,2025-01-31,75.97,4,completed
ORD-004168,C02445,2025-01-31,25.06,2,completed
ORD-004169,C02915,2025-01-31,56.3,5,completed
ORD-004170,C03370,2025-01-31,28.95,2,completed
ORD-004171,C04534,2025-01-31,42.6,5,completed
ORD-004172,C04754,2025-01-31,42.98,2,completed
ORD-004173,C04977,2025-01-31,34.94,3,completed
ORD-004174,C05860,2025-01-31,107.05,5,completed
ORD-004175,C01422,2025-02-01,77.11,5,completed
ORD-004176,C03230,2025-02-01,87.14,6,completed
ORD-004177,C03277,2025-02-01,29.6,2,completed
ORD-004178,C03568,2025-02-01,55.73,3,completed
ORD-004179,C04120,2025-02-01,69.47,3,completed
ORD-004180,C04456,2025-02-01,45.16,3,completed
ORD-004181,C04706,2025-02-01,57.82,4,completed
ORD-004182,C05148,2025-02-01,45.63,3,completed
ORD-004183,C05990,2025-02-01,88.69,8,completed
ORD-004184,C00113,2025-02-02,32.24,2,completed
ORD-004185,C00556,2025-02-02,44.69,3,completed
ORD-004186,C03530,2025-02-02,42.07,2,completed
ORD-004187,C03588,2025-02-02,39.63,2,completed
ORD-004188,C04158,2025-02-02,75.01,3,completed
ORD-004189,C04184,2025-02-02,57.38,2,completed
ORD-004190,C04428,2025-02-02,26.95,3,completed
ORD-004191,C04928,2025-02-02,50.66,3,completed
ORD-004192,C01105,2025-02-03,80.15,3,completed
ORD-004193,C01208,2025-02-03,37.92,1,completed
ORD-004194,C01479,2025-02-03,47.77,2,completed
ORD-004195,C01620,2025-02-03,40.1,3,completed
ORD-004196,C02304,2025-02-03,57.42,4,completed
ORD-004197,C04359,2025-02-03,62.71,5,completed
ORD-004198,C04963,2025-02-03,52.22,2,completed
ORD-004199,C05011,2025-02-03,70.11,4,completed
ORD-004200,C05345,2025-02-03,57.9,5,completed
ORD-004201,C00141,2025-02-04,66.79,2,completed
ORD-004202,C01778,2025-02-04,36.17,1,completed
ORD-004203,C02415,2025-02-04,33.4,3,completed
ORD-004204,C03140,2025-02-04,63.64,2,completed
ORD-004205,C03295,2025-02-04,63.62,9,completed
ORD-004206,C03684,2025-02-04,51.58,5,completed
ORD-004207,C04327,2025-02-04,34.91,4,completed
ORD-004208,C05018,2025-02-04,31.78,3,completed
ORD-004209,C00150,2025-02-05,37.53,3,completed
ORD-004210,C00222,2025-02-05,109.2,5,completed
ORD-004211,C00350,2025-02-05,84.04,7,completed
ORD-004212,C01620,2025-02-05,51.89,4,completed
ORD-004213,C02357,2025-02-05,70.99,4,completed
ORD-004214,C03254,2025-02-05,25.47,1,completed
ORD-004215,C05077,2025-02-05,87.07,7,completed
ORD-004216,C05990,2025-02-05,35.67,4,completed
ORD-004217,C00462,2025-02-06,68.47,1,completed
ORD-004218,C00558,2025-02-06,97.88,8,completed
ORD-004219,C00622,2025-02-06,90.21,5,completed
ORD-004220,C00746,2025-02-06,42.81,1,completed
ORD-004221,C01078,2025-02-06,49.14,4,completed
ORD-004222,C01589,2025-02-06,56.52,4,completed
ORD-004223,C02007,2025-02-06,34.94,1,completed
ORD-004224,C02896,2025-02-06,55.69,3,completed
ORD-004225,C04448,2025-02-06,86.45,1,completed
ORD-004226,C04579,2025-02-06,45.44,4,completed
ORD-004227,C05270,2025-02-06,94.2,4,completed
ORD-004228,C05422,2025-02-06,49.3,4,completed
ORD-004229,C05589,2025-02-06,76.79,1,completed
ORD-004230,C00142,2025-02-07,81.87,6,completed
ORD-004231,C00514,2025-02-07,59.65,3,completed
ORD-004232,C00959,2025-02-07,92.21,7,completed
ORD-004233,C01149,2025-02-07,74.29,4,completed
ORD-004234,C02131,2025-02-07,35.85,1,completed
ORD-004235,C02665,2025-02-07,38.43,3,completed
ORD-004236,C03183,2025-02-07,62.51,5,completed
ORD-004237,C03294,2025-02-07,38.04,2,completed
ORD-004238,C03776,2025-02-07,65.68,6,completed
ORD-004239,C04791,2025-02-07,23.42,2,completed
ORD-004240,C05238,2025-02-07,60.04,3,completed
ORD-004241,C00359,2025-02-08,67.18,2,completed
ORD-004242,C01822,2025-02-08,118.27,5,completed
ORD-004243,C01907,2025-02-08,69.48,6,completed
ORD-004244,C02350,2025-02-08,35.36,2,completed
ORD-004245,C02588,2025-02-08,36.73,2,completed
ORD-004246,C02613,2025-02-08,31.9,2,completed
ORD-004247,C02737,2025-02-08,66.54,1,completed
ORD-004248,C02802,2025-02-08,42.22,3,completed
ORD-004249,C03332,2025-02-08,46.42,1,completed
ORD-004250,C03750,2025-02-08,57.59,4,completed
ORD-004251,C04501,2025-02-08,17.36,1,completed
ORD-004252,C04792,2025-02-08,81.12,4,completed
ORD-004253,C05885,2025-02-08,39.29,3,completed
ORD-004254,C00126,2025-02-09,87.89,7,completed
ORD-004255,C00509,2025-02-09,51.02,5,completed
ORD-004256,C00560,2025-02-09,46.35,1,completed
ORD-004257,C01013,2025-02-09,50.26,6,completed
ORD-004258,C01270,2025-02-09,47.94,4,completed
ORD-004259,C01570,2025-02-09,20.75,2,cancelled
ORD-004260,C01830,2025-02-09,110.39,6,completed
ORD-004261,C01921,2025-02-09,54.78,2,completed
ORD-004262,C02616,2025-02-09,55.77,4,completed
ORD-004263,C02665,2025-02-09,88.91,6,completed
ORD-004264,C02875,2025-02-09,48.01,2,completed
ORD-004265,C03021,2025-02-09,37.99,1,completed
ORD-004266,C03912,2025-02-09,22.67,3,completed
ORD-004267,C03979,2025-02-09,36.39,1,completed
ORD-004268,C04190,2025-02-09,69.59,3,completed
ORD-004269,C04498,2025-02-09,46.54,5,completed
ORD-004270,C04544,2025-02-09,49.12,1,completed
ORD-004271,C04705,2025-02-09,96.2,5,completed
ORD-004272,C05758,2025-02-09,102.97,5,completed
ORD-004273,C00481,2025-02-10,61.04,2,completed
ORD-004274,C00907,2025-02-10,65.98,4,cancelled
ORD-004275,C01725,2025-02-10,132.79,8,completed
ORD-004276,C02098,2025-02-10,66.95,2,completed
ORD-004277,C03056,2025-02-10,54.55,3,completed
ORD-004278,C03355,2025-02-10,43.8,2,completed
ORD-004279,C04007,2025-02-10,42.26,2,completed
ORD-004280,C04475,2025-02-10,64.44,4,completed
ORD-004281,C05696,2025-02-10,31.33,2,completed
ORD-004282,C05760,2025-02-10,68.64,4,completed
ORD-004283,C00678,2025-02-11,44.59,2,completed
ORD-004284,C01321,2025-02-11,79.84,5,completed
ORD-004285,C01332,2025-02-11,33.0,2,completed
ORD-004286,C02319,2025-02-11,47.13,1,completed
ORD-004287,C02571,2025-02-11,80.85,2,completed
ORD-004288,C02632,2025-02-11,57.09,4,completed
ORD-004289,C03232,2025-02-11,52.96,2,completed
ORD-004290,C03298,2025-02-11,22.66,1,completed
ORD-004291,C03507,2025-02-11,79.06,8,completed
ORD-004292,C03940,2025-02-11,80.09,7,completed
ORD-004293,C04094,2025-02-11,106.47,6,completed
ORD-004294,C04592,2025-02-11,44.0,3,completed
ORD-004295,C01474,2025-02-12,41.85,2,completed
ORD-004296,C01558,2025-02-12,54.23,2,completed
ORD-004297,C02208,2025-02-12,71.17,6,completed
ORD-004298,C02330,2025-02-12,44.63,2,completed
ORD-004299,C02749,2025-02-12,65.6,4,completed
ORD-004300,C03557,2025-02-12,57.24,6,completed
ORD-004301,C03935,2025-02-12,68.19,4,completed
ORD-004302,C03939,2025-02-12,35.89,2,completed
ORD-004303,C03967,2025-02-12,70.35,4,completed
ORD-004304,C04534,2025-02-12,54.14,3,completed
ORD-004305,C05646,2025-02-12,53.52,4,completed
ORD-004306,C05963,2025-02-12,44.79,1,completed
ORD-004307,C00581,2025-02-13,72.46,4,completed
ORD-004308,C01217,2025-02-13,30.05,1,completed
ORD-004309,C01269,2025-02-13,34.88,3,completed
ORD-004310,C01819,2025-02-13,78.65,5,completed
ORD-004311,C02500,2025-02-13,57.49,1,completed
ORD-004312,C02552,2025-02-13,34.61,2,completed
ORD-004313,C03474,2025-02-13,26.51,1,completed
ORD-004314,C03490,2025-02-13,43.2,2,completed
ORD-004315,C04597,2025-02-13,78.95,5,completed
ORD-004316,C04901,2025-02-13,52.27,8,completed
ORD-004317,C00203,2025-02-14,101.97,4,completed
ORD-004318,C01127,2025-02-14,65.45,5,completed
ORD-004319,C01215,2025-02-14,105.46,2,completed
ORD-004320,C01609,2025-02-14,61.91,3,completed
ORD-004321,C01620,2025-02-14,75.62,4,completed
ORD-004322,C01853,2025-02-14,84.34,5,completed
ORD-004323,C02358,2025-02-14,77.4,2,completed
ORD-004324,C03459,2025-02-14,36.76,2,completed
ORD-004325,C04114,2025-02-14,45.19,4,completed
ORD-004326,C04275,2025-02-14,66.73,3,cancelled
ORD-004327,C04792,2025-02-14,76.15,7,completed
ORD-004328,C04818,2025-02-14,65.06,1,completed
ORD-004329,C05136,2025-02-14,42.92,2,completed
ORD-004330,C05212,2025-02-14,61.28,3,completed
ORD-004331,C05981,2025-02-14,30.44,6,completed
ORD-004332,C00015,2025-02-15,65.43,2,completed
ORD-004333,C00090,2025-02-15,87.97,5,completed
ORD-004334,C02676,2025-02-15,73.21,2,completed
ORD-004335,C03416,2025-02-15,37.52,3,completed
ORD-004336,C03603,2025-02-15,79.85,4,completed
ORD-004337,C04761,2025-02-15,68.81,5,completed
ORD-004338,C05573,2025-02-15,40.08,4,completed
ORD-004339,C00085,2025-02-16,66.17,2,cancelled
ORD-004340,C01687,2025-02-16,74.24,3,completed
ORD-004341,C02067,2025-02-16,72.64,2,completed
ORD-004342,C02170,2025-02-16,76.65,2,completed
ORD-004343,C02173,2025-02-16,30.89,4,completed
ORD-004344,C02645,2025-02-16,41.03,1,completed
ORD-004345,C02717,2025-02-16,70.05,2,completed
ORD-004346,C03345,2025-02-16,33.91,2,completed
ORD-004347,C04137,2025-02-16,74.47,3,completed
ORD-004348,C04535,2025-02-16,28.56,3,completed
ORD-004349,C05070,2025-02-16,35.81,2,completed
ORD-004350,C05193,2025-02-16,55.9,3,completed
ORD-004351,C05843,2025-02-16,71.52,4,completed
ORD-004352,C00278,2025-02-17,73.78,4,completed
ORD-004353,C00438,2025-02-17,94.67,7,completed
ORD-004354,C00504,2025-02-17,63.89,2,completed
ORD-004355,C00576,2025-02-17,144.49,4,completed
ORD-004356,C01175,2025-02-17,29.58,1,completed
ORD-004357,C02063,2025-02-17,52.78,8,completed
ORD-004358,C02070,2025-02-17,41.19,2,completed
ORD-004359,C02135,2025-02-17,41.1,1,completed
ORD-004360,C03562,2025-02-17,55.09,2,completed
ORD-004361,C04218,2025-02-17,48.1,4,completed
ORD-004362,C04762,2025-02-17,150.58,5,completed
ORD-004363,C05179,2025-02-17,69.16,2,refunded
ORD-004364,C01506,2025-02-18,53.15,4,completed
ORD-004365,C01688,2025-02-18,52.74,4,completed
ORD-004366,C01881,2025-02-18,60.18,6,completed
ORD-004367,C02481,2025-02-18,58.04,4,completed
ORD-004368,C02975,2025-02-18,27.92,1,cancelled
ORD-004369,C03332,2025-02-18,59.16,2,cancelled
ORD-004370,C03409,2025-02-18,74.29,4,completed
ORD-004371,C03525,2025-02-18,84.83,3,completed
ORD-004372,C04587,2025-02-18,63.29,4,completed
ORD-004373,C04815,2025-02-18,53.8,1,completed
ORD-004374,C04861,2025-02-18,41.59,2,completed
ORD-004375,C05074,2025-02-18,43.52,3,completed
ORD-004376,C05120,2025-02-18,100.77,4,completed
ORD-004377,C00210,2025-02-19,58.61,6,completed
ORD-004378,C00809,2025-02-19,36.35,4,completed
ORD-004379,C01894,2025-02-19,74.34,4,completed
ORD-004380,C02197,2025-02-19,62.26,4,completed
ORD-004381,C02276,2025-02-19,105.99,6,completed
ORD-004382,C02541,2025-02-19,61.38,3,refunded
ORD-004383,C03180,2025-02-19,53.43,4,completed
ORD-004384,C03329,2025-02-19,125.33,3,completed
ORD-004385,C03375,2025-02-19,100.46,5,completed
ORD-004386,C04719,2025-02-19,60.58,4,completed
ORD-004387,C04764,2025-02-19,96.3,6,completed
ORD-004388,C04898,2025-02-19,45.51,2,completed
ORD-004389,C05017,2025-02-19,80.38,6,completed
ORD-004390,C05502,2025-02-19,46.29,2,completed
ORD-004391,C05620,2025-02-19,86.01,5,completed
ORD-004392,C00470,2025-02-20,29.49,1,completed
ORD-004393,C00745,2025-02-20,52.12,4,cancelled
ORD-004394,C01476,2025-02-20,40.05,4,completed
ORD-004395,C01545,2025-02-20,33.22,2,completed
ORD-004396,C02268,2025-02-20,68.9,7,completed
ORD-004397,C03846,2025-02-20,48.06,4,completed
ORD-004398,C04244,2025-02-20,43.99,4,completed
ORD-004399,C04792,2025-02-20,70.24,3,completed
ORD-004400,C04813,2025-02-20,67.27,3,completed
ORD-004401,C05805,2025-02-20,50.35,2,completed
ORD-004402,C01033,2025-02-21,51.03,4,completed
ORD-004403,C01970,2025-02-21,70.1,3,completed
ORD-004404,C01995,2025-02-21,48.2,4,completed
ORD-004405,C02540,2025-02-21,45.95,2,completed
ORD-004406,C03343,2025-02-21,33.17,2,completed
ORD-004407,C04135,2025-02-21,148.17,6,completed
ORD-004408,C04920,2025-02-21,35.61,2,completed
ORD-004409,C05031,2025-02-21,77.61,4,completed
ORD-004410,C05109,2025-02-21,24.54,2,completed
ORD-004411,C05247,2025-02-21,36.95,2,completed
ORD-004412,C05845,2025-02-21,65.27,3,completed
ORD-004413,C02690,2025-02-22,33.16,3,completed
ORD-004414,C03167,2025-02-22,111.47,7,completed
ORD-004415,C03413,2025-02-22,62.9,3,cancelled
ORD-004416,C03576,2025-02-22,83.57,5,completed
ORD-004417,C03744,2025-02-22,70.94,1,completed
ORD-004418,C03911,2025-02-22,42.6,3,completed
ORD-004419,C03933,2025-02-22,69.23,4,completed
ORD-004420,C04031,2025-02-22,81.21,4,completed
ORD-004421,C04036,2025-02-22,49.25,3,completed
ORD-004422,C04134,2025-02-22,50.32,1,completed
ORD-004423,C04339,2025-02-22,90.69,4,refunded
ORD-004424,C04420,2025-02-22,52.07,3,completed
ORD-004425,C05785,2025-02-22,45.04,4,completed
ORD-004426,C05886,2025-02-22,80.14,2,completed
ORD-004427,C00195,2025-02-23,34.72,2,completed
ORD-004428,C00500,2025-02-23,70.16,7,completed
ORD-004429,C00721,2025-02-23,61.13,3,completed
ORD-004430,C02056,2025-02-23,73.35,1,completed
ORD-004431,C02198,2025-02-23,61.13,1,completed
ORD-004432,C02721,2025-02-23,40.13,2,completed
ORD-004433,C03254,2025-02-23,43.24,2,completed
ORD-004434,C03752,2025-02-23,61.86,4,completed
ORD-004435,C03767,2025-02-23,26.98,1,completed
ORD-004436,C04266,2025-02-23,31.29,3,completed
ORD-004437,C04373,2025-02-23,66.88,3,completed
ORD-004438,C04620,2025-02-23,72.48,5,completed
ORD-004439,C05132,2025-02-23,54.08,3,completed
ORD-004440,C05838,2025-02-23,43.77,4,completed
ORD-004441,C00558,2025-02-24,84.63,4,completed
ORD-004442,C01749,2025-02-24,41.52,2,completed
ORD-004443,C02778,2025-02-24,68.63,5,completed
ORD-004444,C03140,2025-02-24,65.32,4,completed
ORD-004445,C04197,2025-02-24,80.0,4,completed
ORD-004446,C05066,2025-02-24,47.9,6,completed
ORD-004447,C05811,2025-02-24,47.8,3,completed
ORD-004448,C05845,2025-02-24,56.05,5,completed
ORD-004449,C05858,2025-02-24,38.76,2,completed
ORD-004450,C00150,2025-02-25,51.06,2,completed
ORD-004451,C00172,2025-02-25,54.77,5,completed
ORD-004452,C00304,2025-02-25,59.01,2,completed
ORD-004453,C00648,2025-02-25,108.63,1,completed
ORD-004454,C00840,2025-02-25,83.05,8,completed
ORD-004455,C02032,2025-02-25,38.34,3,cancelled
ORD-004456,C02328,2025-02-25,36.87,1,completed
ORD-004457,C03525,2025-02-25,43.33,3,completed
ORD-004458,C03560,2025-02-25,41.68,4,completed
ORD-004459,C03722,2025-02-25,31.72,1,completed
ORD-004460,C00161,2025-02-26,77.01,4,completed
ORD-004461,C00730,2025-02-26,72.6,3,completed
ORD-004462,C00745,2025-02-26,53.33,2,completed
ORD-004463,C00859,2025-02-26,66.28,3,completed
ORD-004464,C01132,2025-02-26,48.99,3,completed
ORD-004465,C01438,2025-02-26,35.35,1,completed
ORD-004466,C01827,2025-02-26,28.91,2,completed
ORD-004467,C01969,2025-02-26,95.8,3,completed
ORD-004468,C02564,2025-02-26,122.57,3,completed
ORD-004469,C03277,2025-02-26,28.03,1,completed
ORD-004470,C03407,2025-02-26,26.23,1,completed
ORD-004471,C03893,2025-02-26,63.81,5,completed
ORD-004472,C04501,2025-02-26,28.26,4,completed
ORD-004473,C04512,2025-02-26,61.73,3,completed
ORD-004474,C05675,2025-02-26,77.66,8,completed
ORD-004475,C00860,2025-02-27,33.77,1,completed
ORD-004476,C00958,2025-02-27,47.73,5,completed
ORD-004477,C02955,2025-02-27,18.71,2,completed
ORD-004478,C04376,2025-02-27,78.55,4,completed
ORD-004479,C04811,2025-02-27,64.44,2,completed
ORD-004480,C04815,2025-02-27,79.22,4,completed
ORD-004481,C05893,2025-02-27,53.34,5,completed
ORD-004482,C00146,2025-02-28,86.38,3,completed
ORD-004483,C00183,2025-02-28,80.53,4,completed
ORD-004484,C01283,2025-02-28,94.48,3,completed
ORD-004485,C01347,2025-02-28,53.28,2,completed
ORD-004486,C01508,2025-02-28,53.92,4,cancelled
ORD-004487,C01622,2025-02-28,87.72,4,completed
ORD-004488,C01921,2025-02-28,57.96,3,completed
ORD-004489,C01921,2025-02-28,53.12,5,cancelled
ORD-004490,C02111,2025-02-28,44.38,2,completed
ORD-004491,C02677,2025-02-28,45.36,1,completed
ORD-004492,C03233,2025-02-28,80.27,2,completed
ORD-004493,C03554,2025-02-28,35.13,2,completed
ORD-004494,C03917,2025-02-28,53.36,4,completed
ORD-004495,C04110,2025-02-28,53.32,2,completed
ORD-004496,C04127,2025-02-28,48.01,4,completed
ORD-004497,C04196,2025-02-28,68.82,6,completed
ORD-004498,C04393,2025-02-28,106.51,5,completed
ORD-004499,C04704,2025-02-28,80.23,3,completed
ORD-004500,C04777,2025-02-28,48.15,5,completed
ORD-004501,C04875,2025-02-28,44.76,8,refunded
ORD-004502,C05469,2025-02-28,37.39,4,completed
ORD-004503,C05533,2025-02-28,88.7,2,completed
ORD-004504,C00505,2025-03-01,40.63,2,completed
ORD-004505,C00843,2025-03-01,74.34,4,completed
ORD-004506,C01357,2025-03-01,111.01,5,refunded
ORD-004507,C01475,2025-03-01,46.38,4,completed
ORD-004508,C01630,2025-03-01,54.42,3,refunded
ORD-004509,C02000,2025-03-01,19.59,1,completed
ORD-004510,C02474,2025-03-01,131.89,9,completed
ORD-004511,C03059,2025-03-01,105.09,7,completed
ORD-004512,C04311,2025-03-01,55.77,3,completed
ORD-004513,C04349,2025-03-01,27.74,3,completed
ORD-004514,C04840,2025-03-01,88.31,5,completed
ORD-004515,C05031,2025-03-01,53.86,1,completed
ORD-004516,C05797,2025-03-01,122.56,7,completed
ORD-004517,C05987,2025-03-01,32.66,3,completed
ORD-004518,C00147,2025-03-02,61.3,2,completed
ORD-004519,C00148,2025-03-02,36.81,1,completed
ORD-004520,C01216,2025-03-02,97.03,7,completed
ORD-004521,C02016,2025-03-02,68.15,6,completed
ORD-004522,C02256,2025-03-02,81.23,6,completed
ORD-004523,C02307,2025-03-02,37.67,3,completed
ORD-004524,C02370,2025-03-02,43.63,4,completed
ORD-004525,C02635,2025-03-02,67.37,1,completed
ORD-004526,C03340,2025-03-02,21.68,4,completed
ORD-004527,C03521,2025-03-02,47.65,4,completed
ORD-004528,C03973,2025-03-02,33.85,2,completed
ORD-004529,C04381,2025-03-02,38.86,1,completed
ORD-004530,C05860,2025-03-02,92.92,8,completed
ORD-004531,C00356,2025-03-03,40.25,3,cancelled
ORD-004532,C00900,2025-03-03,29.81,2,completed
ORD-004533,C01366,2025-03-03,45.38,3,completed
ORD-004534,C01696,2025-03-03,65.8,1,completed
ORD-004535,C01776,2025-03-03,87.61,3,completed
ORD-004536,C02294,2025-03-03,61.75,4,completed
ORD-004537,C02496,2025-03-03,52.14,3,completed
ORD-004538,C02559,2025-03-03,99.57,4,completed
ORD-004539,C03802,2025-03-03,149.99,4,completed
ORD-004540,C03894,2025-03-03,62.93,2,completed
ORD-004541,C00113,2025-03-04,38.53,2,completed
ORD-004542,C00289,2025-03-04,51.48,2,refunded
ORD-004543,C03337,2025-03-04,70.99,2,completed
ORD-004544,C03403,2025-03-04,49.84,3,completed
ORD-004545,C03459,2025-03-04,39.04,1,completed
ORD-004546,C03891,2025-03-04,86.67,4,completed
ORD-004547,C04161,2025-03-04,76.3,3,completed
ORD-004548,C04428,2025-03-04,34.86,3,completed
ORD-004549,C05815,2025-03-04,31.15,3,completed
ORD-004550,C00537,2025-03-05,60.35,1,completed
ORD-004551,C01450,2025-03-05,39.11,1,completed
ORD-004552,C02760,2025-03-05,75.42,4,completed
ORD-004553,C02861,2025-03-05,70.96,3,completed
ORD-004554,C02862,2025-03-05,90.92,5,completed
ORD-004555,C03785,2025-03-05,45.81,1,completed
ORD-004556,C04378,2025-03-05,38.63,4,completed
ORD-004557,C04491,2025-03-05,90.85,3,completed
ORD-004558,C04699,2025-03-05,37.4,4,completed
ORD-004559,C05034,2025-03-05,93.88,2,completed
ORD-004560,C05044,2025-03-05,64.63,4,completed
ORD-004561,C05568,2025-03-05,33.78,4,completed
ORD-004561,C05568,2025-03-05,33.78,4,completed
ORD-004562,C05805,2025-03-05,96.75,6,completed
ORD-004563,C05829,2025-03-05,68.1,5,completed
ORD-004564,C00953,2025-03-06,122.51,4,completed
ORD-004565,C01033,2025-03-06,74.09,4,completed
ORD-004566,C01240,2025-03-06,80.06,7,completed
ORD-004567,C01259,2025-03-06,58.23,4,completed
ORD-004568,C01408,2025-03-06,106.66,4,completed
ORD-004569,C01423,2025-03-06,54.73,2,completed
ORD-004570,C01864,2025-03-06,30.43,3,completed
ORD-004571,C02185,2025-03-06,51.05,3,completed
ORD-004572,C03588,2025-03-06,56.7,5,completed
ORD-004573,C03835,2025-03-06,41.26,1,completed
ORD-004574,C04243,2025-03-06,58.04,3,completed
ORD-004575,C04424,2025-03-06,58.86,6,completed
ORD-004576,C04428,2025-03-06,25.2,3,completed
ORD-004577,C04798,2025-03-06,58.67,3,completed
ORD-004578,C05554,2025-03-06,64.69,4,completed
ORD-004579,C05774,2025-03-06,85.12,3,completed
ORD-004580,C05801,2025-03-06,106.43,10,completed
ORD-004581,C00195,2025-03-07,58.44,4,completed
ORD-004582,C00399,2025-03-07,44.71,2,completed
ORD-004583,C01680,2025-03-07,26.87,1,completed
ORD-004584,C01686,2025-03-07,45.93,2,completed
ORD-004585,C01823,2025-03-07,46.34,5,completed
ORD-004586,C01869,2025-03-07,27.86,3,completed
ORD-004587,C01977,2025-03-07,75.98,5,completed
ORD-004588,C02025,2025-03-07,42.93,4,completed
ORD-004589,C02409,2025-03-07,46.42,1,completed
ORD-004590,C02418,2025-03-07,57.08,5,completed
ORD-004591,C02460,2025-03-07,45.13,4,completed
ORD-004592,C02545,2025-03-07,64.29,6,completed
ORD-004593,C03426,2025-03-07,60.46,3,completed
ORD-004594,C04455,2025-03-07,83.45,3,completed
ORD-004595,C04507,2025-03-07,101.33,4,completed
ORD-004596,C05063,2025-03-07,51.54,1,completed
ORD-004597,C05180,2025-03-07,96.15,8,completed
ORD-004598,C05663,2025-03-07,37.53,2,completed
ORD-004599,C00696,2025-03-08,48.89,6,completed
ORD-004600,C00960,2025-03-08,79.97,4,completed
ORD-004601,C01252,2025-03-08,76.9,5,completed
ORD-004602,C01522,2025-03-08,34.71,2,completed
ORD-004603,C01611,2025-03-08,74.94,3,completed
ORD-004604,C02738,2025-03-08,67.07,5,completed
ORD-004605,C02879,2025-03-08,91.85,6,completed
ORD-004606,C02923,2025-03-08,85.48,9,completed
ORD-004607,C04141,2025-03-08,82.06,5,completed
ORD-004608,C04142,2025-03-08,54.27,1,completed
ORD-004609,C04708,2025-03-08,58.91,3,completed
ORD-004610,C04752,2025-03-08,118.05,3,completed
ORD-004611,C05899,2025-03-08,30.74,3,completed
ORD-004612,C05913,2025-03-08,30.75,3,completed
ORD-004613,C00244,2025-03-09,84.46,5,completed
ORD-004614,C00951,2025-03-09,78.9,5,completed
ORD-004615,C01216,2025-03-09,67.26,6,completed
ORD-004616,C01739,2025-03-09,51.15,3,completed
ORD-004617,C02029,2025-03-09,43.13,2,completed
ORD-004618,C02076,2025-03-09,69.36,6,completed
ORD-004619,C03578,2025-03-09,83.38,4,completed
ORD-004620,C03904,2025-03-09,47.34,1,completed
ORD-004621,C04254,2025-03-09,50.55,5,completed
ORD-004622,C04673,2025-03-09,57.65,1,completed
ORD-004623,C05188,2025-03-09,61.23,3,completed
ORD-004624,C05260,2025-03-09,56.25,5,completed
ORD-004625,C05456,2025-03-09,54.94,4,completed
ORD-004626,C05825,2025-03-09,38.43,4,completed
ORD-004627,C00222,2025-03-10,68.46,4,completed
ORD-004628,C00582,2025-03-10,68.05,3,completed
ORD-004629,C00710,2025-03-10,36.78,1,completed
ORD-004630,C00746,2025-03-10,62.05,7,completed
ORD-004631,C00979,2025-03-10,44.37,3,completed
ORD-004632,C01024,2025-03-10,47.29,1,completed
ORD-004633,C01748,2025-03-10,30.74,4,completed
ORD-004634,C01922,2025-03-10,100.12,4,completed
ORD-004635,C02136,2025-03-10,38.32,1,completed
ORD-004636,C02231,2025-03-10,61.17,4,completed
ORD-004637,C02278,2025-03-10,74.73,4,completed
ORD-004638,C02509,2025-03-10,66.29,5,completed
ORD-004639,C02737,2025-03-10,72.09,6,completed
ORD-004640,C02737,2025-03-10,58.39,1,completed
ORD-004641,C03931,2025-03-10,55.82,2,completed
ORD-004642,C03931,2025-03-10,55.12,5,completed
ORD-004643,C04031,2025-03-10,94.92,2,completed
ORD-004644,C04119,2025-03-10,44.66,2,completed
ORD-004645,C04945,2025-03-10,60.54,4,completed
ORD-004646,C05012,2025-03-10,35.75,5,completed
ORD-004647,C05601,2025-03-10,59.26,4,completed
ORD-004648,C05696,2025-03-10,43.43,3,completed
ORD-004649,C05960,2025-03-10,77.04,6,completed
ORD-004650,C00328,2025-03-11,72.67,1,completed
ORD-004651,C00400,2025-03-11,44.72,2,completed
ORD-004652,C01155,2025-03-11,26.41,2,completed
ORD-004653,C02112,2025-03-11,44.4,3,completed
ORD-004654,C02251,2025-03-11,100.7,9,completed
ORD-004655,C02702,2025-03-11,73.18,5,completed
ORD-004656,C02913,2025-03-11,59.96,6,completed
ORD-004657,C03278,2025-03-11,68.58,4,completed
ORD-004658,C03290,2025-03-11,66.85,5,completed
ORD-004659,C04299,2025-03-11,73.11,5,completed
ORD-004660,C04490,2025-03-11,47.76,4,completed
ORD-004661,C00307,2025-03-12,47.63,1,completed
ORD-004662,C01383,2025-03-12,33.37,3,completed
ORD-004663,C01397,2025-03-12,46.38,5,completed
ORD-004664,C01837,2025-03-12,76.1,7,completed
ORD-004665,C02476,2025-03-12,61.87,3,completed
ORD-004666,C03640,2025-03-12,91.77,5,completed
ORD-004667,C03984,2025-03-12,42.71,1,completed
ORD-004668,C04417,2025-03-12,39.96,3,completed
ORD-004669,C04597,2025-03-12,62.38,3,completed
ORD-004670,C05693,2025-03-12,61.52,1,cancelled
ORD-004671,C00303,2025-03-13,79.71,4,completed
ORD-004672,C00324,2025-03-13,163.53,7,completed
ORD-004673,C00818,2025-03-13,45.82,3,completed
ORD-004674,C00843,2025-03-13,83.56,6,completed
ORD-004675,C00946,2025-03-13,45.97,4,completed
ORD-004676,C00961,2025-03-13,38.78,4,completed
ORD-004677,C01333,2025-03-13,67.37,2,completed
ORD-004678,C01337,2025-03-13,159.89,10,completed
ORD-004679,C01423,2025-03-13,72.91,3,completed
ORD-004680,C01749,2025-03-13,49.56,5,completed
ORD-004681,C02306,2025-03-13,63.51,3,completed
ORD-004682,C03098,2025-03-13,35.48,3,completed
ORD-004683,C03927,2025-03-13,114.51,5,completed
ORD-004684,C04169,2025-03-13,47.31,2,completed
ORD-004685,C04477,2025-03-13,32.23,2,completed
ORD-004686,C04478,2025-03-13,45.63,4,completed
ORD-004687,C05705,2025-03-13,60.81,1,completed
ORD-004688,C05973,2025-03-13,39.09,4,completed
ORD-004689,C00745,2025-03-14,37.77,1,completed
ORD-004690,C01448,2025-03-14,53.58,2,completed
ORD-004691,C02240,2025-03-14,34.61,2,completed
ORD-004692,C02306,2025-03-14,69.21,6,completed
ORD-004693,C02414,2025-03-14,85.98,2,completed
ORD-004694,C02456,2025-03-14,119.75,5,completed
ORD-004695,C04031,2025-03-14,79.97,2,completed
ORD-004696,C04152,2025-03-14,43.23,3,completed
ORD-004697,C04239,2025-03-14,65.57,4,completed
ORD-004698,C05449,2025-03-14,77.83,6,completed
ORD-004699,C05512,2025-03-14,34.85,1,completed
ORD-004700,C00307,2025-03-15,40.71,5,completed
ORD-004701,C00660,2025-03-15,25.79,2,completed
ORD-004702,C01168,2025-03-15,66.27,2,completed
ORD-004703,C01476,2025-03-15,47.43,2,completed
ORD-004704,C02788,2025-03-15,76.75,5,completed
ORD-004705,C03823,2025-03-15,45.59,5,completed
ORD-004706,C04005,2025-03-15,98.85,6,completed
ORD-004707,C04087,2025-03-15,61.97,4,completed
ORD-004708,C05228,2025-03-15,41.78,5,completed
ORD-004709,C05982,2025-03-15,45.05,3,completed
ORD-004710,C00570,2025-03-16,73.03,5,completed
ORD-004711,C01462,2025-03-16,49.2,1,completed
ORD-004712,C01739,2025-03-16,56.01,3,completed
ORD-004713,C01896,2025-03-16,51.91,3,completed
ORD-004714,C01995,2025-03-16,58.8,2,completed
ORD-004715,C02444,2025-03-16,31.84,2,completed
ORD-004716,C04085,2025-03-16,48.02,6,completed
ORD-004717,C04819,2025-03-16,50.82,1,cancelled
ORD-004718,C00690,2025-03-17,70.92,4,completed
ORD-004719,C01155,2025-03-17,24.44,2,completed
ORD-004720,C02481,2025-03-17,55.44,3,completed
ORD-004721,C02709,2025-03-17,53.68,4,completed
ORD-004722,C03059,2025-03-17,97.93,5,completed
ORD-004723,C03127,2025-03-17,37.91,1,completed
ORD-004724,C03677,2025-03-17,37.6,1,completed
ORD-004725,C04362,2025-03-17,63.6,3,completed
ORD-004726,C05947,2025-03-17,34.82,2,completed
ORD-004727,C00210,2025-03-18,46.57,2,completed
ORD-004728,C00753,2025-03-18,57.34,4,completed
ORD-004729,C00924,2025-03-18,92.75,4,completed
ORD-004730,C00941,2025-03-18,62.18,6,completed
ORD-004731,C01059,2025-03-18,36.93,1,completed
ORD-004732,C01598,2025-03-18,58.03,5,completed
ORD-004733,C02158,2025-03-18,58.13,4,completed
ORD-004734,C02515,2025-03-18,93.37,3,completed
ORD-004735,C02551,2025-03-18,38.88,2,completed
ORD-004736,C02581,2025-03-18,47.91,7,completed
ORD-004737,C02942,2025-03-18,36.18,1,completed
ORD-004738,C02966,2025-03-18,50.92,5,completed
ORD-004739,C03519,2025-03-18,47.46,4,completed
ORD-004740,C03658,2025-03-18,89.51,4,completed
ORD-004741,C03694,2025-03-18,48.01,2,completed
ORD-004742,C04722,2025-03-18,51.71,2,refunded
ORD-004743,C05200,2025-03-18,64.14,4,completed
ORD-004744,C05407,2025-03-18,52.47,5,completed
ORD-004745,C05508,2025-03-18,164.68,4,completed
ORD-004746,C00500,2025-03-19,65.11,4,completed
ORD-004747,C00760,2025-03-19,35.07,1,completed
ORD-004748,C01077,2025-03-19,85.27,5,completed
ORD-004749,C01238,2025-03-19,48.97,3,cancelled
ORD-004750,C01418,2025-03-19,58.7,7,completed
ORD-004751,C02590,2025-03-19,95.24,8,completed
ORD-004752,C02788,2025-03-19,43.7,1,completed
ORD-004753,C03409,2025-03-19,44.4,4,completed
ORD-004754,C03542,2025-03-19,93.02,2,completed
ORD-004755,C04754,2025-03-19,68.44,2,completed
ORD-004756,C04838,2025-03-19,36.52,1,completed
ORD-004757,C05132,2025-03-19,58.08,4,completed
ORD-004758,C01252,2025-03-20,78.95,1,completed
ORD-004759,C01417,2025-03-20,55.19,3,completed
ORD-004760,C01816,2025-03-20,49.19,5,completed
ORD-004761,C02575,2025-03-20,59.19,3,completed
ORD-004762,C03313,2025-03-20,77.35,1,completed
ORD-004763,C03826,2025-03-20,102.74,7,completed
ORD-004764,C03918,2025-03-20,27.85,2,completed
ORD-004765,C04756,2025-03-20,41.12,2,completed
ORD-004766,C05691,2025-03-20,31.48,2,completed
ORD-004767,C05957,2025-03-20,57.64,5,completed
ORD-004768,C00324,2025-03-21,195.78,12,completed
ORD-004769,C01598,2025-03-21,31.24,2,completed
ORD-004770,C01830,2025-03-21,80.29,1,completed
ORD-004771,C01877,2025-03-21,58.66,4,completed
ORD-004772,C01879,2025-03-21,41.78,4,completed
ORD-004773,C02048,2025-03-21,85.75,4,completed
ORD-004774,C02657,2025-03-21,77.18,4,completed
ORD-004775,C02728,2025-03-21,32.45,2,completed
ORD-004776,C03089,2025-03-21,59.19,4,completed
ORD-004777,C03909,2025-03-21,51.04,2,completed
ORD-004778,C03927,2025-03-21,100.02,4,completed
ORD-004779,C04034,2025-03-21,75.92,7,completed
ORD-004780,C04053,2025-03-21,46.37,2,completed
ORD-004781,C04620,2025-03-21,83.8,5,completed
ORD-004782,C05265,2025-03-21,60.02,5,completed
ORD-004783,C00128,2025-03-22,79.07,5,completed
ORD-004784,C01830,2025-03-22,62.66,3,completed
ORD-004785,C01851,2025-03-22,100.98,8,completed
ORD-004786,C02354,2025-03-22,63.72,3,cancelled
ORD-004787,C02483,2025-03-22,69.27,1,completed
ORD-004788,C02519,2025-03-22,98.37,3,completed
ORD-004789,C02558,2025-03-22,71.22,3,completed
ORD-004790,C02885,2025-03-22,34.97,3,completed
ORD-004791,C04016,2025-03-22,96.16,3,completed
ORD-004792,C05136,2025-03-22,42.92,3,completed
ORD-004793,C05216,2025-03-22,57.5,3,completed
ORD-004794,C05605,2025-03-22,58.87,4,completed
ORD-004795,C05705,2025-03-22,60.45,2,completed
ORD-004796,C00496,2025-03-23,151.56,7,completed
ORD-004797,C00977,2025-03-23,70.7,3,completed
ORD-004798,C01050,2025-03-23,77.68,4,completed
ORD-004799,C01914,2025-03-23,69.57,4,refunded
ORD-004800,C02253,2025-03-23,60.16,6,completed
ORD-004801,C02883,2025-03-23,55.21,2,completed
ORD-004802,C02988,2025-03-23,44.9,4,completed
ORD-004803,C02994,2025-03-23,34.87,1,completed
ORD-004804,C03387,2025-03-23,50.97,1,completed
ORD-004805,C03831,2025-03-23,69.49,7,completed
ORD-004806,C04618,2025-03-23,121.68,7,completed
ORD-004807,C05057,2025-03-23,61.29,3,completed
ORD-004808,C05058,2025-03-23,91.38,5,completed
ORD-004809,C05456,2025-03-23,45.29,1,completed
ORD-004810,C05542,2025-03-23,63.88,4,completed
ORD-004811,C05634,2025-03-23,33.32,5,completed
ORD-004812,C05674,2025-03-23,84.4,6,completed
ORD-004813,C05778,2025-03-23,40.81,1,completed
ORD-004814,C05835,2025-03-23,53.75,3,completed
ORD-004815,C00416,2025-03-24,64.75,6,completed
ORD-004816,C00471,2025-03-24,38.96,4,completed
ORD-004817,C01108,2025-03-24,56.02,2,completed
ORD-004818,C01202,2025-03-24,78.4,4,completed
ORD-004819,C01283,2025-03-24,68.78,5,completed
ORD-004820,C01533,2025-03-24,68.69,5,completed
ORD-004821,C01584,2025-03-24,30.63,2,completed
ORD-004822,C01957,2025-03-24,21.01,2,completed
ORD-004823,C02032,2025-03-24,29.1,1,completed
ORD-004824,C02610,2025-03-24,112.55,4,completed
ORD-004825,C03088,2025-03-24,43.93,2,completed
ORD-004826,C04322,2025-03-24,22.23,3,completed
ORD-004827,C04326,2025-03-24,30.02,5,completed
ORD-004828,C04530,2025-03-24,37.16,2,completed
ORD-004829,C05313,2025-03-24,50.25,1,completed
ORD-004830,C05545,2025-03-24,64.01,4,completed
ORD-004831,C05633,2025-03-24,92.16,6,completed
ORD-004832,C05712,2025-03-24,49.75,5,cancelled
ORD-004833,C05960,2025-03-24,89.23,1,completed
ORD-004834,C01126,2025-03-25,43.79,4,completed
ORD-004835,C01476,2025-03-25,47.44,3,completed
ORD-004836,C01573,2025-03-25,79.75,3,completed
ORD-004837,C02294,2025-03-25,57.18,3,completed
ORD-004838,C02303,2025-03-25,34.66,2,completed
ORD-004839,C02497,2025-03-25,40.09,4,completed
ORD-004840,C02552,2025-03-25,37.58,2,completed
ORD-004841,C02732,2025-03-25,44.67,4,completed
ORD-004842,C03245,2025-03-25,67.4,5,completed
ORD-004843,C03473,2025-03-25,48.27,3,completed
ORD-004844,C03475,2025-03-25,34.92,1,completed
ORD-004845,C04193,2025-03-25,40.2,5,completed
ORD-004846,C04682,2025-03-25,79.33,6,completed
ORD-004847,C04820,2025-03-25,69.71,4,completed
ORD-004848,C05125,2025-03-25,48.12,1,cancelled
ORD-004849,C05484,2025-03-25,33.66,1,completed
ORD-004850,C05936,2025-03-25,58.98,3,completed
ORD-004851,C00066,2025-03-26,34.68,1,completed
ORD-004852,C00127,2025-03-26,46.55,4,completed
ORD-004853,C00154,2025-03-26,113.68,1,completed
ORD-004854,C00381,2025-03-26,38.97,1,completed
ORD-004855,C00514,2025-03-26,86.39,5,completed
ORD-004856,C00611,2025-03-26,94.97,2,completed
ORD-004857,C00832,2025-03-26,48.9,4,cancelled
ORD-004858,C00920,2025-03-26,91.52,8,refunded
ORD-004859,C01893,2025-03-26,90.51,3,completed
ORD-004860,C03193,2025-03-26,82.11,4,completed
ORD-004861,C03252,2025-03-26,62.7,1,completed
ORD-004862,C03552,2025-03-26,48.92,3,completed
ORD-004863,C04307,2025-03-26,44.31,4,cancelled
ORD-004864,C04569,2025-03-26,43.13,1,completed
ORD-004865,C05301,2025-03-26,52.52,2,completed
ORD-004866,C05405,2025-03-26,64.49,3,completed
ORD-004867,C05825,2025-03-26,67.27,1,completed
ORD-004868,C00017,2025-03-27,54.65,3,cancelled
ORD-004869,C00165,2025-03-27,46.29,1,completed
ORD-004870,C00228,2025-03-27,46.25,2,completed
ORD-004871,C00730,2025-03-27,45.39,2,completed
ORD-004872,C00969,2025-03-27,126.26,5,completed
ORD-004873,C01293,2025-03-27,77.82,5,completed
ORD-004874,C01799,2025-03-27,65.97,2,completed
ORD-004875,C01962,2025-03-27,77.49,5,completed
ORD-004876,C02400,2025-03-27,61.91,2,completed
ORD-004877,C02733,2025-03-27,61.86,4,completed
ORD-004878,C03197,2025-03-27,37.8,1,completed
ORD-004879,C03332,2025-03-27,28.5,4,completed
ORD-004880,C03791,2025-03-27,50.67,2,completed
ORD-004881,C04449,2025-03-27,44.56,1,completed
ORD-004882,C04717,2025-03-27,59.51,6,completed
ORD-004883,C04756,2025-03-27,61.32,6,completed
ORD-004884,C04876,2025-03-27,34.67,2,completed
ORD-004885,C04920,2025-03-27,34.11,2,completed
ORD-004886,C05124,2025-03-27,73.99,4,completed
ORD-004887,C05288,2025-03-27,38.85,3,completed
ORD-004888,C05859,2025-03-27,35.03,4,completed
ORD-004889,C00098,2025-03-28,51.23,5,completed
ORD-004890,C00542,2025-03-28,33.5,2,completed
ORD-004891,C00629,2025-03-28,59.27,3,completed
ORD-004892,C00941,2025-03-28,84.47,4,completed
ORD-004893,C00979,2025-03-28,42.11,1,completed
ORD-004894,C01442,2025-03-28,115.13,6,completed
ORD-004895,C02277,2025-03-28,33.07,2,completed
ORD-004896,C02335,2025-03-28,83.44,4,completed
ORD-004897,C02407,2025-03-28,77.38,6,completed
ORD-004898,C02720,2025-03-28,48.05,3,completed
ORD-004899,C03246,2025-03-28,35.77,2,completed
ORD-004900,C04176,2025-03-28,50.29,4,completed
ORD-004901,C04229,2025-03-28,48.95,3,completed
ORD-004902,C04826,2025-03-28,81.75,4,completed
ORD-004903,C05096,2025-03-28,64.99,2,completed
ORD-004904,C05606,2025-03-28,82.89,7,completed
ORD-004905,C05709,2025-03-28,87.04,4,completed
ORD-004906,C00079,2025-03-29,37.56,1,completed
ORD-004907,C01588,2025-03-29,57.1,3,completed
ORD-004908,C01671,2025-03-29,47.88,1,completed
ORD-004909,C02572,2025-03-29,33.25,2,completed
ORD-004910,C02868,2025-03-29,66.29,5,completed
ORD-004911,C03384,2025-03-29,43.74,5,completed
ORD-004912,C03432,2025-03-29,48.78,2,completed
ORD-004913,C03481,2025-03-29,24.34,1,completed
ORD-004914,C04428,2025-03-29,62.44,2,completed
ORD-004915,C04526,2025-03-29,40.19,3,completed
ORD-004916,C05044,2025-03-29,47.56,1,completed
ORD-004917,C00067,2025-03-30,62.11,4,completed
ORD-004918,C00304,2025-03-30,45.55,2,completed
ORD-004919,C02816,2025-03-30,47.26,5,completed
ORD-004920,C02966,2025-03-30,66.88,4,completed
ORD-004921,C03452,2025-03-30,51.95,1,completed
ORD-004922,C05053,2025-03-30,52.14,3,completed
ORD-004923,C01314,2025-03-31,97.63,7,completed
ORD-004924,C01970,2025-03-31,41.33,2,completed
ORD-004925,C02627,2025-03-31,46.37,2,completed
ORD-004926,C02754,2025-03-31,41.19,2,completed
ORD-004927,C03357,2025-03-31,80.47,2,completed
ORD-004928,C03626,2025-03-31,31.69,4,completed
ORD-004929,C03926,2025-03-31,36.34,4,completed
ORD-004930,C04103,2025-03-31,54.55,4,completed
ORD-004931,C00706,2025-04-01,60.14,2,completed
ORD-004932,C01031,2025-04-01,82.41,4,completed
ORD-004933,C01213,2025-04-01,66.07,1,completed
ORD-004934,C01880,2025-04-01,41.55,3,completed
ORD-004935,C02265,2025-04-01,43.68,2,completed
ORD-004935,C02265,2025-04-01,43.68,2,completed
ORD-004936,C02945,2025-04-01,44.25,3,completed
ORD-004937,C03436,2025-04-01,49.05,2,completed
ORD-004938,C04367,2025-04-01,45.92,2,completed
ORD-004939,C05222,2025-04-01,43.5,2,completed
ORD-004940,C05334,2025-04-01,44.31,2,completed
ORD-004941,C05391,2025-04-01,51.37,5,completed
ORD-004942,C05925,2025-04-01,92.41,6,completed
ORD-004943,C00717,2025-04-02,57.44,3,completed
ORD-004944,C01302,2025-04-02,42.56,3,completed
ORD-004945,C01317,2025-04-02,40.83,2,completed
ORD-004946,C01504,2025-04-02,48.71,5,completed
ORD-004947,C01835,2025-04-02,48.66,3,completed
ORD-004948,C02522,2025-04-02,55.82,3,completed
ORD-004949,C02933,2025-04-02,105.89,8,completed
ORD-004950,C02995,2025-04-02,56.3,2,completed
ORD-004951,C03242,2025-04-02,47.07,3,completed
ORD-004952,C03431,2025-04-02,41.12,3,completed
ORD-004953,C03484,2025-04-02,51.4,2,completed
ORD-004954,C03795,2025-04-02,81.2,4,completed
ORD-004955,C05101,2025-04-02,55.17,4,completed
ORD-004956,C05142,2025-04-02,30.28,1,completed
ORD-004957,C05640,2025-04-02,47.39,2,completed
ORD-004958,C00147,2025-04-03,87.96,4,completed
ORD-004959,C00680,2025-04-03,38.91,3,completed
ORD-004960,C01218,2025-04-03,35.38,1,completed
ORD-004961,C01344,2025-04-03,117.67,6,completed
ORD-004962,C01724,2025-04-03,63.92,2,completed
ORD-004963,C01970,2025-04-03,31.72,2,completed
ORD-004964,C02192,2025-04-03,31.75,2,completed
ORD-004965,C03337,2025-04-03,33.4,4,completed
ORD-004966,C03480,2025-04-03,62.93,3,completed
ORD-004967,C03813,2025-04-03,46.59,1,completed
ORD-004968,C03867,2025-04-03,61.81,6,completed
ORD-004969,C04615,2025-04-03,66.86,5,completed
ORD-004970,C05240,2025-04-03,26.32,2,completed
ORD-004971,C05407,2025-04-03,35.25,1,completed
ORD-004972,C05804,2025-04-03,76.7,5,completed
ORD-004973,C00063,2025-04-04,72.49,3,completed
ORD-004974,C00085,2025-04-04,39.09,2,completed
ORD-004975,C00282,2025-04-04,55.58,1,completed
ORD-004976,C00353,2025-04-04,24.62,3,completed
ORD-004977,C00490,2025-04-04,131.66,9,completed
ORD-004978,C00745,2025-04-04,42.09,1,completed
ORD-004979,C01328,2025-04-04,56.09,4,completed
ORD-004980,C02176,2025-04-04,40.21,2,completed
ORD-004981,C02555,2025-04-04,62.4,3,completed
ORD-004982,C02658,2025-04-04,25.34,4,refunded
ORD-004983,C02854,2025-04-04,65.37,3,completed
ORD-004984,C03259,2025-04-04,59.61,3,completed
ORD-004985,C04015,2025-04-04,60.06,4,completed
ORD-004986,C00836,2025-04-05,24.87,2,completed
ORD-004987,C01201,2025-04-05,68.83,1,completed
ORD-004988,C01399,2025-04-05,63.25,5,completed
ORD-004989,C02903,2025-04-05,64.85,5,completed
ORD-004990,C03329,2025-04-05,126.91,3,completed
ORD-004991,C03506,2025-04-05,55.31,2,completed
ORD-004992,C04032,2025-04-05,64.18,4,completed
ORD-004993,C04215,2025-04-05,44.55,4,completed
ORD-004994,C04436,2025-04-05,60.03,3,completed
ORD-004995,C04715,2025-04-05,41.66,3,completed
ORD-004996,C05179,2025-04-05,53.37,3,completed
ORD-004997,C05589,2025-04-05,55.7,2,completed
ORD-004998,C05844,2025-04-05,125.61,2,completed
ORD-004999,C00058,2025-04-06,52.53,3,completed
ORD-005000,C00129,2025-04-06,36.97,4,completed
ORD-005001,C01290,2025-04-06,56.02,3,completed
ORD-005002,C01446,2025-04-06,68.95,4,completed
ORD-005003,C01572,2025-04-06,69.33,4,completed
ORD-005004,C01686,2025-04-06,85.03,5,completed
ORD-005005,C01797,2025-04-06,76.12,5,completed
ORD-005006,C02339,2025-04-06,52.69,3,completed
ORD-005007,C02657,2025-04-06,50.29,3,completed
ORD-005008,C02910,2025-04-06,82.15,7,cancelled
ORD-005009,C02913,2025-04-06,72.52,2,completed
ORD-005010,C03811,2025-04-06,82.08,8,completed
ORD-005011,C04134,2025-04-06,61.43,3,completed
ORD-005012,C04343,2025-04-06,53.43,3,completed
ORD-005013,C04555,2025-04-06,96.69,7,completed
ORD-005014,C05587,2025-04-06,37.04,1,completed
ORD-005015,C00772,2025-04-07,47.26,5,completed
ORD-005016,C00864,2025-04-07,53.52,1,completed
ORD-005017,C01620,2025-04-07,61.81,5,completed
ORD-005018,C01842,2025-04-07,78.34,4,completed
ORD-005019,C01896,2025-04-07,52.54,4,completed
ORD-005020,C02394,2025-04-07,33.96,3,completed
ORD-005021,C04768,2025-04-07,49.16,4,completed
ORD-005022,C05520,2025-04-07,30.83,1,completed
ORD-005023,C05595,2025-04-07,79.16,4,completed
ORD-005024,C00147,2025-04-08,56.74,4,cancelled
ORD-005025,C00285,2025-04-08,45.38,3,completed
ORD-005026,C01618,2025-04-08,77.48,4,completed
ORD-005027,C01947,2025-04-08,49.46,3,completed
ORD-005028,C02379,2025-04-08,61.41,7,completed
ORD-005029,C02446,2025-04-08,142.93,10,cancelled
ORD-005030,C02625,2025-04-08,42.99,4,completed
ORD-005031,C03024,2025-04-08,67.56,1,completed
ORD-005032,C03502,2025-04-08,33.05,2,completed
ORD-005033,C03678,2025-04-08,75.64,5,completed
ORD-005034,C03831,2025-04-08,63.44,5,completed
ORD-005035,C04087,2025-04-08,43.78,4,completed
ORD-005036,C04246,2025-04-08,61.68,3,completed
ORD-005037,C04594,2025-04-08,47.44,3,completed
ORD-005038,C04618,2025-04-08,106.1,5,completed
ORD-005039,C04664,2025-04-08,60.8,4,completed
ORD-005040,C00144,2025-04-09,59.26,3,completed
ORD-005041,C00354,2025-04-09,35.87,6,refunded
ORD-005042,C00461,2025-04-09,59.06,2,completed
ORD-005043,C00489,2025-04-09,68.08,3,completed
ORD-005044,C01240,2025-04-09,139.12,9,completed
ORD-005045,C01506,2025-04-09,62.61,6,completed
ORD-005046,C01963,2025-04-09,65.06,6,completed
ORD-005047,C02093,2025-04-09,72.44,5,completed
ORD-005048,C02659,2025-04-09,36.54,1,completed
ORD-005049,C04826,2025-04-09,53.64,3,completed
ORD-005050,C04906,2025-04-09,87.83,5,completed
ORD-005051,C05190,2025-04-09,21.28,1,completed
ORD-005052,C05995,2025-04-09,52.85,4,completed
ORD-005053,C00941,2025-04-10,50.04,2,completed
ORD-005054,C01598,2025-04-10,40.1,3,completed
ORD-005055,C02329,2025-04-10,68.33,5,completed
ORD-005056,C02883,2025-04-10,115.14,5,completed
ORD-005057,C02969,2025-04-10,50.33,2,completed
ORD-005058,C03703,2025-04-10,109.87,8,completed
ORD-005059,C03733,2025-04-10,45.45,6,completed
ORD-005060,C04078,2025-04-10,71.94,4,completed
ORD-005061,C04659,2025-04-10,46.87,1,completed
ORD-005062,C05479,2025-04-10,62.11,3,completed
ORD-005063,C00672,2025-04-11,55.53,3,completed
ORD-005064,C02159,2025-04-11,76.19,2,completed
ORD-005065,C02643,2025-04-11,87.86,4,completed
ORD-005066,C02669,2025-04-11,63.31,2,completed
ORD-005067,C02740,2025-04-11,70.66,4,completed
ORD-005068,C04080,2025-04-11,58.62,4,completed
ORD-005069,C04367,2025-04-11,49.49,4,completed
ORD-005070,C04415,2025-04-11,57.38,8,completed
ORD-005071,C05452,2025-04-11,80.93,3,completed
ORD-005072,C05599,2025-04-11,38.39,1,completed
ORD-005073,C01215,2025-04-12,126.95,5,completed
ORD-005074,C01265,2025-04-12,25.07,3,completed
ORD-005075,C02665,2025-04-12,65.67,8,completed
ORD-005076,C03670,2025-04-12,59.69,1,completed
ORD-005077,C04435,2025-04-12,53.78,1,completed
ORD-005078,C04570,2025-04-12,39.78,3,completed
ORD-005079,C00465,2025-04-13,98.68,8,completed
ORD-005080,C02253,2025-04-13,57.49,2,completed
ORD-005081,C02665,2025-04-13,56.28,5,completed
ORD-005082,C04903,2025-04-13,29.32,3,completed
ORD-005083,C05277,2025-04-13,49.81,3,completed
ORD-005084,C05678,2025-04-13,52.46,3,completed
ORD-005085,C00114,2025-04-14,104.33,6,completed
ORD-005086,C00739,2025-04-14,44.65,2,completed
ORD-005087,C01107,2025-04-14,122.16,2,completed
ORD-005088,C01313,2025-04-14,64.63,5,completed
ORD-005089,C01456,2025-04-14,91.81,8,completed
ORD-005090,C01756,2025-04-14,43.86,4,completed
ORD-005091,C02289,2025-04-14,53.01,3,completed
ORD-005092,C02796,2025-04-14,40.34,1,completed
ORD-005093,C02860,2025-04-14,62.26,6,completed
ORD-005094,C03293,2025-04-14,68.62,1,completed
ORD-005095,C03343,2025-04-14,36.06,1,completed
ORD-005096,C03734,2025-04-14,66.34,1,completed
ORD-005097,C04665,2025-04-14,30.68,1,cancelled
ORD-005098,C04810,2025-04-14,40.27,5,completed
ORD-005099,C00133,2025-04-15,59.48,2,completed
ORD-005100,C00212,2025-04-15,77.17,5,completed
ORD-005101,C00760,2025-04-15,56.66,6,completed
ORD-005102,C00880,2025-04-15,71.49,3,completed
ORD-005103,C01771,2025-04-15,65.11,3,completed
ORD-005104,C01837,2025-04-15,77.47,8,completed
ORD-005105,C01838,2025-04-15,75.23,2,completed
ORD-005106,C02331,2025-04-15,55.7,2,completed
ORD-005107,C02852,2025-04-15,136.4,8,completed
ORD-005108,C03750,2025-04-15,46.68,2,completed
ORD-005109,C04155,2025-04-15,48.69,2,completed
ORD-005110,C05209,2025-04-15,52.12,2,completed
ORD-005111,C05647,2025-04-15,38.75,2,completed
ORD-005112,C05997,2025-04-15,26.78,1,completed
ORD-005113,C00538,2025-04-16,65.01,3,completed
ORD-005114,C01137,2025-04-16,53.67,2,completed
ORD-005115,C01861,2025-04-16,44.53,2,completed
ORD-005116,C01901,2025-04-16,34.96,1,completed
ORD-005117,C02675,2025-04-16,111.8,3,completed
ORD-005118,C02805,2025-04-16,62.26,2,completed
ORD-005119,C03983,2025-04-16,34.68,4,completed
ORD-005120,C04390,2025-04-16,73.55,4,completed
ORD-005121,C04616,2025-04-16,53.99,3,completed
ORD-005122,C04673,2025-04-16,73.97,3,completed
ORD-005123,C04975,2025-04-16,44.58,4,completed
ORD-005124,C05082,2025-04-16,44.78,3,completed
ORD-005125,C05344,2025-04-16,67.54,4,cancelled
ORD-005126,C05857,2025-04-16,43.09,4,completed
ORD-005127,C01689,2025-04-17,42.03,2,completed
ORD-005128,C01896,2025-04-17,78.63,5,completed
ORD-005129,C02449,2025-04-17,60.39,3,completed
ORD-005130,C02684,2025-04-17,24.52,2,completed
ORD-005131,C02975,2025-04-17,41.53,2,completed
ORD-005132,C03131,2025-04-17,46.53,3,completed
ORD-005133,C04239,2025-04-17,36.4,1,completed
ORD-005134,C04876,2025-04-17,46.74,3,completed
ORD-005135,C05296,2025-04-17,33.76,1,completed
ORD-005136,C05557,2025-04-17,66.51,1,cancelled
ORD-005137,C05696,2025-04-17,19.93,2,completed
ORD-005138,C00088,2025-04-18,57.42,2,completed
ORD-005139,C00121,2025-04-18,108.45,6,completed
ORD-005140,C00814,2025-04-18,41.65,3,refunded
ORD-005141,C00929,2025-04-18,82.94,2,completed
ORD-005142,C01274,2025-04-18,93.38,5,completed
ORD-005143,C01686,2025-04-18,56.91,3,completed
ORD-005144,C02188,2025-04-18,83.27,4,completed
ORD-005145,C02450,2025-04-18,69.42,6,completed
ORD-005146,C02492,2025-04-18,44.34,3,completed
ORD-005147,C03363,2025-04-18,37.03,2,completed
ORD-005148,C04435,2025-04-18,88.33,2,completed
ORD-005149,C04458,2025-04-18,168.35,12,completed
ORD-005150,C04874,2025-04-18,77.85,2,completed
ORD-005151,C05262,2025-04-18,83.36,4,completed
ORD-005152,C05367,2025-04-18,85.37,5,completed
ORD-005153,C05593,2025-04-18,31.43,3,completed
ORD-005154,C05684,2025-04-18,31.07,2,completed
ORD-005155,C00559,2025-04-19,87.66,4,completed
ORD-005156,C01095,2025-04-19,56.35,2,completed
ORD-005157,C01171,2025-04-19,61.33,4,completed
ORD-005158,C01232,2025-04-19,87.15,8,refunded
ORD-005159,C01686,2025-04-19,77.53,4,completed
ORD-005160,C01749,2025-04-19,36.15,2,completed
ORD-005161,C02433,2025-04-19,48.9,2,completed
ORD-005162,C02536,2025-04-19,76.88,8,completed
ORD-005163,C03831,2025-04-19,38.85,3,cancelled
ORD-005164,C03932,2025-04-19,70.04,1,completed
ORD-005165,C04064,2025-04-19,51.39,4,completed
ORD-005166,C04774,2025-04-19,73.3,3,completed
ORD-005167,C04784,2025-04-19,96.13,3,completed
ORD-005168,C05102,2025-04-19,43.52,2,completed
ORD-005169,C05557,2025-04-19,55.61,4,completed
ORD-005170,C00130,2025-04-20,35.97,2,completed
ORD-005171,C00366,2025-04-20,85.32,5,completed
ORD-005172,C00578,2025-04-20,42.38,3,completed
ORD-005173,C00730,2025-04-20,44.2,2,completed
ORD-005174,C00783,2025-04-20,81.82,2,completed
ORD-005175,C01070,2025-04-20,93.94,3,completed
ORD-005176,C01587,2025-04-20,89.2,3,completed
ORD-005177,C02206,2025-04-20,90.3,10,completed
ORD-005178,C02254,2025-04-20,42.57,1,completed
ORD-005179,C02437,2025-04-20,72.68,4,completed
ORD-005180,C02476,2025-04-20,73.78,2,completed
ORD-005181,C02505,2025-04-20,75.46,6,completed
ORD-005182,C02846,2025-04-20,72.31,6,completed
ORD-005183,C04326,2025-04-20,50.41,2,completed
ORD-005184,C05011,2025-04-20,80.57,2,completed
ORD-005185,C05705,2025-04-20,53.87,2,completed
ORD-005186,C00393,2025-04-21,67.01,3,completed
ORD-005187,C00483,2025-04-21,52.87,1,completed
ORD-005188,C01095,2025-04-21,60.34,4,completed
ORD-005189,C01280,2025-04-21,97.54,7,completed
ORD-005190,C01423,2025-04-21,46.8,3,completed
ORD-005191,C01922,2025-04-21,79.81,3,cancelled
ORD-005192,C02928,2025-04-21,67.96,2,completed
ORD-005193,C03019,2025-04-21,56.41,3,completed
ORD-005194,C03491,2025-04-21,80.41,2,completed
ORD-005195,C03635,2025-04-21,27.06,5,completed
ORD-005196,C04298,2025-04-21,69.7,1,completed
ORD-005197,C04368,2025-04-21,73.92,7,completed
ORD-005198,C04511,2025-04-21,40.09,1,completed
ORD-005199,C05752,2025-04-21,45.48,3,completed
ORD-005200,C05886,2025-04-21,80.9,4,completed
ORD-005201,C05892,2025-04-21,57.87,2,completed
ORD-005202,C00349,2025-04-22,56.83,1,completed
ORD-005203,C00384,2025-04-22,64.25,4,refunded
ORD-005204,C00494,2025-04-22,77.67,3,completed
ORD-005205,C00659,2025-04-22,91.55,5,completed
ORD-005206,C00773,2025-04-22,52.82,5,completed
ORD-005207,C00984,2025-04-22,48.27,3,completed
ORD-005208,C01404,2025-04-22,59.79,7,completed
ORD-005209,C01878,2025-04-22,29.02,1,completed
ORD-005210,C02926,2025-04-22,33.55,4,completed
ORD-005211,C03007,2025-04-22,67.34,5,completed
ORD-005212,C03214,2025-04-22,71.12,5,completed
ORD-005213,C03348,2025-04-22,68.15,4,completed
ORD-005214,C04117,2025-04-22,46.97,2,completed
ORD-005215,C04294,2025-04-22,51.46,2,completed
ORD-005216,C04349,2025-04-22,31.74,5,cancelled
ORD-005217,C04375,2025-04-22,81.13,3,completed
ORD-005218,C04718,2025-04-22,207.78,7,completed
ORD-005219,C05158,2025-04-22,73.52,3,refunded
ORD-005220,C05209,2025-04-22,61.12,3,completed
ORD-005221,C05333,2025-04-22,59.47,5,completed
ORD-005222,C00135,2025-04-23,35.68,2,completed
ORD-005223,C00274,2025-04-23,123.01,2,completed
ORD-005224,C00488,2025-04-23,54.47,3,completed
ORD-005225,C00698,2025-04-23,56.97,2,completed
ORD-005226,C01826,2025-04-23,50.55,2,completed
ORD-005227,C02254,2025-04-23,71.64,6,completed
ORD-005228,C02469,2025-04-23,64.08,6,completed
ORD-005229,C02521,2025-04-23,59.35,3,refunded
ORD-005230,C02665,2025-04-23,85.25,6,completed
ORD-005231,C03365,2025-04-23,54.02,3,completed
ORD-005232,C03927,2025-04-23,74.21,5,completed
ORD-005233,C04097,2025-04-23,39.92,1,completed
ORD-005234,C04828,2025-04-23,29.65,1,completed
ORD-005235,C05029,2025-04-23,60.61,3,completed
ORD-005236,C05044,2025-04-23,57.06,2,refunded
ORD-005237,C05510,2025-04-23,55.79,2,completed
ORD-005238,C05653,2025-04-23,66.04,4,completed
ORD-005239,C01425,2025-04-24,40.64,1,completed
ORD-005240,C01483,2025-04-24,68.84,6,completed
ORD-005241,C02391,2025-04-24,64.78,2,completed
ORD-005242,C02464,2025-04-24,63.79,6,completed
ORD-005243,C02549,2025-04-24,92.9,6,completed
ORD-005244,C02964,2025-04-24,65.2,5,completed
ORD-005245,C03214,2025-04-24,60.72,3,completed
ORD-005246,C03379,2025-04-24,38.62,3,completed
ORD-005247,C03538,2025-04-24,48.84,3,completed
ORD-005248,C03552,2025-04-24,48.84,3,completed
ORD-005249,C03956,2025-04-24,94.77,4,completed
ORD-005250,C04425,2025-04-24,154.18,11,completed
ORD-005251,C04665,2025-04-24,46.85,1,completed
ORD-005252,C05691,2025-04-24,14.9,1,completed
ORD-005253,C05893,2025-04-24,56.32,1,completed
ORD-005254,C00260,2025-04-25,107.62,5,completed
ORD-005255,C00344,2025-04-25,50.31,4,completed
ORD-005256,C00804,2025-04-25,40.53,5,completed
ORD-005257,C00822,2025-04-25,43.16,1,completed
ORD-005258,C01338,2025-04-25,63.53,5,completed
ORD-005259,C02030,2025-04-25,37.7,2,completed
ORD-005260,C02468,2025-04-25,59.9,3,completed
ORD-005261,C02874,2025-04-25,66.07,1,completed
ORD-005262,C02883,2025-04-25,87.63,8,completed
ORD-005263,C02931,2025-04-25,90.02,4,completed
ORD-005264,C02964,2025-04-25,54.57,3,completed
ORD-005265,C03002,2025-04-25,52.2,2,completed
ORD-005266,C03089,2025-04-25,66.67,5,completed
ORD-005267,C03272,2025-04-25,67.5,3,completed
ORD-005268,C03940,2025-04-25,72.17,6,completed
ORD-005269,C04808,2025-04-25,109.5,7,completed
ORD-005270,C04831,2025-04-25,43.45,1,completed
ORD-005271,C04908,2025-04-25,36.52,2,completed
ORD-005272,C05696,2025-04-25,44.85,4,completed
ORD-005273,C05845,2025-04-25,99.0,5,completed
ORD-005274,C05916,2025-04-25,59.09,3,completed
ORD-005275,C05942,2025-04-25,63.84,3,completed
ORD-005276,C00234,2025-04-26,101.47,4,completed
ORD-005277,C00675,2025-04-26,88.54,5,completed
ORD-005278,C00827,2025-04-26,64.58,3,completed
ORD-005279,C02395,2025-04-26,35.04,3,completed
ORD-005280,C02645,2025-04-26,44.28,3,completed
ORD-005281,C02804,2025-04-26,65.8,4,completed
ORD-005282,C03343,2025-04-26,49.85,3,completed
ORD-005283,C03459,2025-04-26,53.64,2,completed
ORD-005284,C03696,2025-04-26,24.39,1,completed
ORD-005285,C04277,2025-04-26,60.22,3,completed
ORD-005286,C04406,2025-04-26,44.49,4,completed
ORD-005287,C04616,2025-04-26,52.15,1,completed
ORD-005288,C04943,2025-04-26,53.01,2,completed
ORD-005289,C04947,2025-04-26,34.73,1,completed
ORD-005290,C04995,2025-04-26,85.23,7,completed
ORD-005291,C05357,2025-04-26,64.9,2,completed
ORD-005292,C00578,2025-04-27,74.11,3,completed
ORD-005293,C01307,2025-04-27,101.9,8,completed
ORD-005294,C02401,2025-04-27,42.4,1,completed
ORD-005295,C02448,2025-04-27,66.7,2,completed
ORD-005296,C02709,2025-04-27,64.34,3,completed
ORD-005297,C02818,2025-04-27,53.42,2,completed
ORD-005298,C03364,2025-04-27,121.61,3,completed
ORD-005299,C03440,2025-04-27,51.83,4,completed
ORD-005300,C04882,2025-04-27,44.31,5,completed
ORD-005301,C05374,2025-04-27,101.6,2,completed
ORD-005302,C00190,2025-04-28,112.25,5,completed
ORD-005303,C00594,2025-04-28,73.38,2,completed
ORD-005304,C02195,2025-04-28,59.21,6,completed
ORD-005305,C02309,2025-04-28,81.59,8,cancelled
ORD-005306,C02587,2025-04-28,25.47,2,completed
ORD-005307,C03061,2025-04-28,51.35,3,completed
ORD-005308,C03152,2025-04-28,57.03,1,completed
ORD-005309,C03633,2025-04-28,50.98,2,completed
ORD-005310,C04606,2025-04-28,38.88,1,completed
ORD-005311,C04769,2025-04-28,54.81,2,completed
ORD-005312,C05543,2025-04-28,40.4,3,completed
ORD-005313,C05608,2025-04-28,36.82,3,completed
ORD-005314,C00147,2025-04-29,100.34,9,completed
ORD-005315,C00197,2025-04-29,41.42,1,completed
ORD-005316,C00360,2025-04-29,93.95,8,completed
ORD-005317,C01012,2025-04-29,34.4,4,completed
ORD-005318,C01919,2025-04-29,41.87,2,completed
ORD-005319,C02098,2025-04-29,119.48,7,completed
ORD-005320,C03089,2025-04-29,46.42,4,completed
ORD-005321,C03095,2025-04-29,60.1,3,completed
ORD-005322,C03309,2025-04-29,113.21,8,completed
ORD-005323,C04516,2025-04-29,110.89,7,completed
ORD-005324,C04995,2025-04-29,74.07,3,completed
ORD-005325,C05544,2025-04-29,47.86,2,completed
ORD-005326,C00524,2025-04-30,35.33,2,completed
ORD-005327,C00730,2025-04-30,60.57,5,completed
ORD-005328,C00790,2025-04-30,66.76,8,completed
ORD-005329,C01107,2025-04-30,93.8,3,completed
ORD-005330,C01207,2025-04-30,93.58,5,completed
ORD-005331,C02025,2025-04-30,33.4,2,completed
ORD-005332,C02039,2025-04-30,74.41,4,completed
ORD-005333,C02804,2025-04-30,105.5,6,completed
ORD-005334,C02827,2025-04-30,44.55,4,completed
ORD-005335,C03165,2025-04-30,57.7,2,completed
ORD-005336,C03480,2025-04-30,23.49,3,completed
ORD-005337,C03692,2025-04-30,35.4,4,completed
ORD-005338,C04324,2025-04-30,35.24,5,completed
ORD-005339,C04769,2025-04-30,73.55,2,completed
ORD-005340,C05019,2025-04-30,50.87,2,completed
ORD-005341,C05117,2025-04-30,58.16,3,completed
ORD-005342,C05340,2025-04-30,51.77,4,completed
ORD-005343,C05345,2025-04-30,68.72,5,completed
ORD-005344,C05430,2025-04-30,54.35,2,completed
ORD-005345,C00882,2025-05-01,82.3,6,completed
ORD-005346,C01609,2025-05-01,59.42,3,completed
ORD-005347,C01824,2025-05-01,64.96,2,completed
ORD-005348,C02155,2025-05-01,86.47,5,completed
ORD-005349,C02378,2025-05-01,34.96,4,completed
ORD-005350,C02931,2025-05-01,112.04,5,completed
ORD-005351,C03029,2025-05-01,63.63,3,completed
ORD-005352,C03235,2025-05-01,83.96,4,completed
ORD-005353,C03615,2025-05-01,46.14,1,completed
ORD-005354,C04498,2025-05-01,64.28,1,completed
ORD-005355,C04883,2025-05-01,101.76,2,completed
ORD-005356,C05059,2025-05-01,33.71,2,cancelled
ORD-005357,C05257,2025-05-01,47.69,5,completed
ORD-005358,C05327,2025-05-01,34.08,2,completed
ORD-005359,C05629,2025-05-01,62.64,6,completed
ORD-005360,C05740,2025-05-01,66.45,5,completed
ORD-005361,C05861,2025-05-01,102.08,7,completed
ORD-005362,C00247,2025-05-02,50.51,2,completed
ORD-005363,C00784,2025-05-02,25.88,3,completed
ORD-005364,C01508,2025-05-02,65.8,4,completed
ORD-005365,C01938,2025-05-02,99.55,2,completed
ORD-005366,C02565,2025-05-02,122.36,5,completed
ORD-005367,C02571,2025-05-02,102.27,6,completed
ORD-005368,C03170,2025-05-02,41.08,4,completed
ORD-005369,C03325,2025-05-02,86.07,3,completed
ORD-005370,C03343,2025-05-02,63.18,7,completed
ORD-005371,C03855,2025-05-02,60.83,3,completed
ORD-005372,C04227,2025-05-02,42.28,1,completed
ORD-005373,C05886,2025-05-02,80.69,1,completed
ORD-005374,C00710,2025-05-03,37.3,2,completed
ORD-005375,C01710,2025-05-03,43.04,4,completed
ORD-005376,C03379,2025-05-03,67.23,3,completed
ORD-005377,C04290,2025-05-03,68.41,6,completed
ORD-005378,C04708,2025-05-03,55.91,5,completed
ORD-005379,C04729,2025-05-03,88.47,6,completed
ORD-005380,C04779,2025-05-03,63.83,5,completed
ORD-005381,C05260,2025-05-03,55.69,2,completed
ORD-005382,C05619,2025-05-03,56.01,4,completed
ORD-005383,C05802,2025-05-03,90.16,5,completed
ORD-005384,C05833,2025-05-03,105.04,3,completed
ORD-005385,C00245,2025-05-04,122.09,6,completed
ORD-005386,C00289,2025-05-04,34.98,1,completed
ORD-005387,C00353,2025-05-04,27.0,1,completed
ORD-005388,C00425,2025-05-04,35.17,2,completed
ORD-005389,C01348,2025-05-04,39.27,2,completed
ORD-005390,C01585,2025-05-04,89.14,5,completed
ORD-005391,C01718,2025-05-04,59.83,2,completed
ORD-005392,C01905,2025-05-04,27.48,3,completed
ORD-005393,C02029,2025-05-04,43.53,5,completed
ORD-005394,C02105,2025-05-04,45.14,2,completed
ORD-005395,C02457,2025-05-04,43.05,1,completed
ORD-005396,C02984,2025-05-04,63.76,6,completed
ORD-005397,C05538,2025-05-04,44.25,2,completed
ORD-005398,C00304,2025-05-05,35.2,1,completed
ORD-005399,C00461,2025-05-05,69.47,5,cancelled
ORD-005400,C00976,2025-05-05,77.08,7,completed
ORD-005401,C01346,2025-05-05,30.39,1,completed
ORD-005402,C03578,2025-05-05,127.32,4,completed
ORD-005403,C03844,2025-05-05,76.09,4,completed
ORD-005404,C03944,2025-05-05,49.11,1,completed
ORD-005404,C03944,2025-05-05,49.11,1,completed
ORD-005405,C04031,2025-05-05,105.05,5,completed
ORD-005406,C05191,2025-05-05,50.71,5,completed
ORD-005407,C05212,2025-05-05,68.64,4,completed
ORD-005408,C05290,2025-05-05,77.5,2,completed
ORD-005409,C05431,2025-05-05,42.61,2,completed
ORD-005410,C05626,2025-05-05,30.5,1,completed
ORD-005411,C05877,2025-05-05,38.76,3,completed
ORD-005412,C00232,2025-05-06,81.58,4,completed
ORD-005413,C00546,2025-05-06,91.46,3,completed
ORD-005414,C00879,2025-05-06,40.29,1,completed
ORD-005415,C02490,2025-05-06,32.23,2,completed
ORD-005416,C03079,2025-05-06,49.04,3,completed
ORD-005417,C03517,2025-05-06,50.24,2,completed
ORD-005418,C05026,2025-05-06,75.52,3,completed
ORD-005419,C05200,2025-05-06,86.73,4,completed
ORD-005420,C05756,2025-05-06,81.45,5,completed
ORD-005421,C00478,2025-05-07,77.54,5,completed
ORD-005422,C00831,2025-05-07,44.82,4,cancelled
ORD-005423,C01062,2025-05-07,40.88,1,completed
ORD-005424,C01072,2025-05-07,65.68,6,completed
ORD-005425,C01199,2025-05-07,91.83,5,completed
ORD-005426,C01247,2025-05-07,35.58,1,completed
ORD-005427,C01611,2025-05-07,70.42,4,completed
ORD-005428,C01801,2025-05-07,36.79,2,completed
ORD-005429,C01932,2025-05-07,85.76,1,completed
ORD-005430,C02293,2025-05-07,90.85,2,completed
ORD-005431,C02894,2025-05-07,70.71,2,completed
ORD-005432,C02990,2025-05-07,37.16,1,completed
ORD-005433,C03078,2025-05-07,67.26,4,completed
ORD-005434,C03494,2025-05-07,69.23,2,completed
ORD-005435,C03672,2025-05-07,46.37,2,completed
ORD-005436,C04246,2025-05-07,51.64,3,completed
ORD-005437,C04546,2025-05-07,68.99,4,completed
ORD-005438,C04708,2025-05-07,67.49,3,completed
ORD-005439,C05044,2025-05-07,45.18,3,completed
ORD-005440,C05825,2025-05-07,51.2,2,completed
ORD-005441,C00448,2025-05-08,86.86,3,completed
ORD-005442,C01432,2025-05-08,77.93,2,completed
ORD-005443,C01504,2025-05-08,39.18,1,completed
ORD-005444,C01668,2025-05-08,56.21,1,completed
ORD-005445,C02272,2025-05-08,102.42,4,cancelled
ORD-005446,C02309,2025-05-08,77.26,7,completed
ORD-005447,C04010,2025-05-08,45.22,1,completed
ORD-005448,C04177,2025-05-08,41.08,3,completed
ORD-005449,C04713,2025-05-08,77.36,4,completed
ORD-005450,C04724,2025-05-08,77.67,1,completed
ORD-005451,C05112,2025-05-08,44.57,4,completed
ORD-005452,C05682,2025-05-08,39.33,2,completed
ORD-005453,C05839,2025-05-08,48.58,2,refunded
ORD-005454,C01486,2025-05-09,55.08,1,completed
ORD-005455,C01562,2025-05-09,64.34,5,completed
ORD-005456,C01960,2025-05-09,29.42,2,completed
ORD-005457,C02114,2025-05-09,89.64,6,completed
ORD-005458,C02597,2025-05-09,34.79,2,completed
ORD-005459,C02981,2025-05-09,35.42,5,completed
ORD-005460,C03310,2025-05-09,42.53,1,completed
ORD-005461,C04423,2025-05-09,31.66,2,completed
ORD-005462,C05212,2025-05-09,120.01,7,completed
ORD-005463,C05302,2025-05-09,33.91,2,completed
ORD-005464,C05590,2025-05-09,93.13,5,cancelled
ORD-005465,C05737,2025-05-09,72.21,3,completed
ORD-005466,C05877,2025-05-09,52.2,4,completed
ORD-005467,C00017,2025-05-10,79.13,4,completed
ORD-005468,C00336,2025-05-10,72.26,2,completed
ORD-005469,C01591,2025-05-10,76.54,5,completed
ORD-005470,C01611,2025-05-10,62.82,3,completed
ORD-005471,C01961,2025-05-10,74.45,6,completed
ORD-005472,C02019,2025-05-10,78.34,4,completed
ORD-005473,C02607,2025-05-10,174.07,10,completed
ORD-005474,C02671,2025-05-10,49.43,2,completed
ORD-005475,C03055,2025-05-10,73.24,4,completed
ORD-005476,C03613,2025-05-10,41.31,3,completed
ORD-005477,C03689,2025-05-10,42.22,4,completed
ORD-005478,C04204,2025-05-10,48.14,4,completed
ORD-005479,C05000,2025-05-10,52.95,3,cancelled
ORD-005480,C05035,2025-05-10,81.15,3,completed
ORD-005481,C05104,2025-05-10,52.35,4,completed
ORD-005482,C05624,2025-05-10,65.79,1,completed
ORD-005483,C05671,2025-05-10,57.94,4,completed
ORD-005484,C05801,2025-05-10,63.09,1,completed
ORD-005485,C00351,2025-05-11,46.69,1,completed
ORD-005486,C00450,2025-05-11,35.72,2,completed
ORD-005487,C00923,2025-05-11,43.44,2,completed
ORD-005488,C01269,2025-05-11,48.64,1,completed
ORD-005489,C02335,2025-05-11,67.94,1,completed
ORD-005490,C03314,2025-05-11,67.94,2,completed
ORD-005491,C04283,2025-05-11,50.68,3,completed
ORD-005492,C04818,2025-05-11,66.67,5,completed
ORD-005493,C05710,2025-05-11,47.57,2,completed
ORD-005494,C05768,2025-05-11,43.61,2,completed
ORD-005495,C05979,2025-05-11,86.9,5,refunded
ORD-005496,C01452,2025-05-12,45.48,1,completed
ORD-005497,C01584,2025-05-12,50.32,4,completed
ORD-005498,C02174,2025-05-12,48.31,1,completed
ORD-005499,C02561,2025-05-12,40.87,3,completed
ORD-005500,C02737,2025-05-12,42.07,2,completed
ORD-005501,C02893,2025-05-12,55.11,1,completed
ORD-005502,C03037,2025-05-12,35.44,3,completed
ORD-005503,C03057,2025-05-12,108.79,8,completed
ORD-005504,C04088,2025-05-12,37.19,8,completed
ORD-005505,C04503,2025-05-12,101.63,3,completed
ORD-005506,C04748,2025-05-12,67.61,6,completed
ORD-005507,C00048,2025-05-13,32.64,1,completed
ORD-005508,C00777,2025-05-13,52.02,5,completed
ORD-005509,C00831,2025-05-13,33.25,5,completed
ORD-005510,C01254,2025-05-13,65.85,3,completed
ORD-005511,C01363,2025-05-13,66.76,4,completed
ORD-005512,C01611,2025-05-13,58.61,4,completed
ORD-005513,C01672,2025-05-13,80.05,7,completed
ORD-005514,C01985,2025-05-13,36.71,1,completed
ORD-005515,C02484,2025-05-13,40.08,2,completed
ORD-005516,C04323,2025-05-13,121.32,4,completed
ORD-005517,C05691,2025-05-13,24.1,1,completed
ORD-005518,C00127,2025-05-14,45.34,2,completed
ORD-005519,C00600,2025-05-14,64.0,4,completed
ORD-005520,C00770,2025-05-14,48.86,5,refunded
ORD-005521,C00976,2025-05-14,80.75,6,completed
ORD-005522,C01113,2025-05-14,41.89,2,completed
ORD-005523,C01631,2025-05-14,83.77,3,completed
ORD-005524,C01784,2025-05-14,53.58,4,completed
ORD-005525,C01820,2025-05-14,29.48,1,completed
ORD-005526,C02093,2025-05-14,99.42,6,completed
ORD-005527,C02331,2025-05-14,53.71,2,completed
ORD-005528,C02531,2025-05-14,54.42,4,completed
ORD-005529,C02576,2025-05-14,50.98,6,completed
ORD-005530,C03417,2025-05-14,67.06,3,completed
ORD-005531,C03467,2025-05-14,50.86,2,completed
ORD-005532,C03832,2025-05-14,29.59,2,completed
ORD-005533,C03869,2025-05-14,28.57,2,completed
ORD-005534,C03896,2025-05-14,97.0,3,completed
ORD-005535,C04316,2025-05-14,128.85,6,completed
ORD-005536,C04843,2025-05-14,79.89,2,cancelled
ORD-005537,C05760,2025-05-14,61.08,3,completed
ORD-005538,C05953,2025-05-14,67.43,4,completed
ORD-005539,C05969,2025-05-14,52.81,4,completed
ORD-005540,C00645,2025-05-15,74.34,7,refunded
ORD-005541,C00819,2025-05-15,114.3,5,completed
ORD-005542,C01800,2025-05-15,34.84,3,completed
ORD-005543,C02687,2025-05-15,37.32,6,completed
ORD-005544,C02871,2025-05-15,161.76,9,completed
ORD-005545,C03621,2025-05-15,66.42,4,completed
ORD-005546,C04053,2025-05-15,37.14,2,completed
ORD-005547,C04098,2025-05-15,39.33,4,completed
ORD-005548,C04170,2025-05-15,60.76,2,completed
ORD-005549,C04258,2025-05-15,71.24,6,completed
ORD-005550,C04970,2025-05-15,128.03,10,completed
ORD-005551,C05141,2025-05-15,45.76,3,completed
ORD-005552,C05548,2025-05-15,51.57,2,completed
ORD-005553,C00144,2025-05-16,46.87,3,completed
ORD-005554,C00155,2025-05-16,65.36,3,completed
ORD-005555,C00739,2025-05-16,43.77,5,completed
ORD-005556,C00991,2025-05-16,125.87,9,refunded
ORD-005557,C01620,2025-05-16,37.4,4,completed
ORD-005558,C01802,2025-05-16,37.08,1,completed
ORD-005559,C02899,2025-05-16,36.43,4,completed
ORD-005560,C03559,2025-05-16,49.02,3,completed
ORD-005561,C04397,2025-05-16,45.96,1,completed
ORD-005562,C04601,2025-05-16,108.88,5,completed
ORD-005563,C04626,2025-05-16,54.34,1,completed
ORD-005564,C04898,2025-05-16,45.65,2,completed
ORD-005565,C05067,2025-05-16,74.15,2,completed
ORD-005566,C05121,2025-05-16,55.06,4,completed
ORD-005567,C05645,2025-05-16,76.51,5,completed
ORD-005568,C05908,2025-05-16,59.36,3,completed
ORD-005569,C00195,2025-05-17,40.19,3,completed
ORD-005570,C00515,2025-05-17,29.78,2,completed
ORD-005571,C00546,2025-05-17,57.47,1,completed
ORD-005572,C01504,2025-05-17,39.66,1,completed
ORD-005573,C01598,2025-05-17,58.91,3,completed
ORD-005574,C02020,2025-05-17,75.12,1,completed
ORD-005575,C02455,2025-05-17,29.63,2,completed
ORD-005576,C02555,2025-05-17,66.24,3,completed
ORD-005577,C02709,2025-05-17,41.65,2,completed
ORD-005578,C02993,2025-05-17,124.48,7,completed
ORD-005579,C03830,2025-05-17,83.98,6,completed
ORD-005580,C04670,2025-05-17,70.84,3,completed
ORD-005581,C00498,2025-05-18,78.49,7,completed
ORD-005582,C01064,2025-05-18,84.57,3,completed
ORD-005583,C01449,2025-05-18,36.21,2,completed
ORD-005584,C01750,2025-05-18,78.39,3,completed
ORD-005585,C01970,2025-05-18,63.72,1,completed
ORD-005586,C02524,2025-05-18,143.75,8,completed
ORD-005587,C02923,2025-05-18,97.14,3,completed
ORD-005588,C04243,2025-05-18,48.99,5,completed
ORD-005589,C04704,2025-05-18,67.19,4,completed
ORD-005590,C04756,2025-05-18,55.09,4,completed
ORD-005591,C05172,2025-05-18,57.49,2,completed
ORD-005592,C05504,2025-05-18,69.0,2,completed
ORD-005593,C05796,2025-05-18,107.35,6,completed
ORD-005594,C00120,2025-05-19,54.73,3,completed
ORD-005595,C00784,2025-05-19,25.78,2,completed
ORD-005596,C01513,2025-05-19,33.83,3,completed
ORD-005597,C01846,2025-05-19,103.63,4,completed
ORD-005598,C02248,2025-05-19,58.73,2,completed
ORD-005599,C02797,2025-05-19,53.51,2,completed
ORD-005600,C02956,2025-05-19,73.23,2,completed
ORD-005601,C03776,2025-05-19,95.24,6,completed
ORD-005602,C03822,2025-05-19,46.94,3,completed
ORD-005603,C04132,2025-05-19,46.78,1,completed
ORD-005604,C04310,2025-05-19,69.56,5,completed
ORD-005605,C04971,2025-05-19,113.41,5,refunded
ORD-005606,C05236,2025-05-19,42.73,1,completed
ORD-005607,C05615,2025-05-19,121.88,7,completed
ORD-005608,C05877,2025-05-19,43.85,4,completed
ORD-005609,C05886,2025-05-19,45.9,5,completed
ORD-005610,C01686,2025-05-20,61.48,4,completed
ORD-005611,C01877,2025-05-20,53.97,3,completed
ORD-005612,C02271,2025-05-20,104.72,4,completed
ORD-005613,C02455,2025-05-20,59.1,5,completed
ORD-005614,C02627,2025-05-20,33.07,2,completed
ORD-005615,C03287,2025-05-20,48.42,2,cancelled
ORD-005616,C04838,2025-05-20,42.51,3,completed
ORD-005617,C00096,2025-05-21,45.42,1,completed
ORD-005618,C00440,2025-05-21,61.24,2,completed
ORD-005619,C00958,2025-05-21,54.53,5,completed
ORD-005620,C02634,2025-05-21,73.2,3,completed
ORD-005621,C03770,2025-05-21,41.4,1,completed
ORD-005622,C03808,2025-05-21,86.55,2,completed
ORD-005623,C04858,2025-05-21,38.37,6,completed
ORD-005624,C04932,2025-05-21,44.76,3,completed
ORD-005625,C05024,2025-05-21,20.69,3,completed
ORD-005626,C05566,2025-05-21,54.57,3,completed
ORD-005627,C00020,2025-05-22,34.07,2,completed
ORD-005628,C00586,2025-05-22,24.06,2,completed
ORD-005629,C01155,2025-05-22,33.64,2,completed
ORD-005630,C01498,2025-05-22,29.34,2,completed
ORD-005631,C01506,2025-05-22,52.72,3,cancelled
ORD-005632,C01773,2025-05-22,30.93,1,completed
ORD-005633,C01894,2025-05-22,54.93,3,completed
ORD-005634,C02429,2025-05-22,64.33,4,completed
ORD-005635,C02530,2025-05-22,81.63,5,completed
ORD-005636,C04144,2025-05-22,56.38,1,completed
ORD-005637,C04522,2025-05-22,68.42,3,completed
ORD-005638,C04935,2025-05-22,35.6,4,completed
ORD-005639,C04939,2025-05-22,57.06,4,completed
ORD-005640,C05170,2025-05-22,40.96,4,completed
ORD-005641,C00329,2025-05-23,48.16,4,completed
ORD-005642,C01005,2025-05-23,47.4,1,completed
ORD-005643,C01070,2025-05-23,61.47,4,completed
ORD-005644,C01079,2025-05-23,36.07,4,completed
ORD-005645,C01284,2025-05-23,47.62,4,completed
ORD-005646,C01406,2025-05-23,36.09,2,completed
ORD-005647,C02043,2025-05-23,72.33,9,completed
ORD-005648,C03116,2025-05-23,59.24,5,completed
ORD-005649,C03694,2025-05-23,82.77,4,completed
ORD-005650,C04032,2025-05-23,59.39,3,completed
ORD-005651,C04664,2025-05-23,62.73,2,completed
ORD-005652,C04987,2025-05-23,51.83,2,completed
ORD-005653,C05306,2025-05-23,44.03,3,completed
ORD-005654,C05471,2025-05-23,36.24,3,completed
ORD-005655,C00065,2025-05-24,54.02,2,completed
ORD-005656,C00229,2025-05-24,62.24,1,completed
ORD-005657,C00479,2025-05-24,81.67,8,completed
ORD-005658,C00598,2025-05-24,41.29,2,completed
ORD-005659,C00685,2025-05-24,80.86,2,completed
ORD-005660,C01050,2025-05-24,49.87,3,completed
ORD-005661,C01290,2025-05-24,51.11,4,completed
ORD-005662,C01379,2025-05-24,125.91,7,cancelled
ORD-005663,C02460,2025-05-24,53.44,4,completed
ORD-005664,C04170,2025-05-24,68.19,5,completed
ORD-005665,C04926,2025-05-24,73.19,7,completed
ORD-005666,C05322,2025-05-24,41.97,2,completed
ORD-005667,C05596,2025-05-24,66.22,2,refunded
ORD-005668,C05602,2025-05-24,138.59,10,completed
ORD-005669,C05624,2025-05-24,53.76,1,completed
ORD-005670,C00908,2025-05-25,71.11,2,completed
ORD-005671,C01746,2025-05-25,70.39,4,completed
ORD-005672,C01957,2025-05-25,23.95,2,completed
ORD-005673,C02501,2025-05-25,53.59,1,completed
ORD-005674,C02966,2025-05-25,65.77,4,completed
ORD-005675,C03040,2025-05-25,64.69,3,completed
ORD-005675,C03040,2025-05-25,64.69,3,completed
ORD-005676,C03088,2025-05-25,34.72,3,completed
ORD-005677,C03864,2025-05-25,47.62,2,completed
ORD-005678,C04482,2025-05-25,50.12,3,completed
ORD-005679,C04870,2025-05-25,85.01,5,completed
ORD-005680,C04920,2025-05-25,22.25,1,completed
ORD-005681,C05025,2025-05-25,31.42,2,completed
ORD-005682,C05719,2025-05-25,23.91,2,completed
ORD-005683,C05907,2025-05-25,25.64,1,completed
ORD-005684,C00391,2025-05-26,83.32,5,completed
ORD-005685,C00460,2025-05-26,31.64,3,completed
ORD-005686,C00564,2025-05-26,77.56,2,completed
ORD-005687,C01449,2025-05-26,41.82,3,completed
ORD-005688,C01485,2025-05-26,63.34,2,completed
ORD-005689,C01882,2025-05-26,29.23,1,completed
ORD-005690,C03635,2025-05-26,28.77,2,completed
ORD-005691,C03749,2025-05-26,75.1,3,completed
ORD-005692,C04376,2025-05-26,32.08,4,cancelled
ORD-005693,C05691,2025-05-26,25.44,1,completed
ORD-005694,C05871,2025-05-26,55.8,6,completed
ORD-005695,C00991,2025-05-27,60.83,3,completed
ORD-005696,C00997,2025-05-27,59.98,4,completed
ORD-005697,C01013,2025-05-27,83.77,3,completed
ORD-005698,C01496,2025-05-27,46.82,2,refunded
ORD-005699,C01704,2025-05-27,95.65,3,completed
ORD-005700,C01775,2025-05-27,75.64,3,completed
ORD-005701,C01865,2025-05-27,50.67,2,completed
ORD-005702,C02501,2025-05-27,58.44,1,completed
ORD-005703,C02575,2025-05-27,61.44,6,completed
ORD-005704,C02783,2025-05-27,51.18,3,completed
ORD-005705,C03231,2025-05-27,34.54,3,completed
ORD-005706,C03286,2025-05-27,62.95,1,cancelled
ORD-005707,C03721,2025-05-27,60.43,6,completed
ORD-005708,C04165,2025-05-27,134.93,5,completed
ORD-005709,C04623,2025-05-27,48.34,1,completed
ORD-005710,C04740,2025-05-27,23.61,2,completed
ORD-005711,C05314,2025-05-27,40.82,1,completed
ORD-005712,C05483,2025-05-27,93.79,4,completed
ORD-005713,C00308,2025-05-28,119.93,6,completed
ORD-005714,C00739,2025-05-28,34.02,2,completed
ORD-005715,C00818,2025-05-28,68.99,2,completed
ORD-005716,C01290,2025-05-28,71.19,4,completed
ORD-005717,C01662,2025-05-28,55.29,2,completed
ORD-005718,C01818,2025-05-28,42.37,2,completed
ORD-005719,C02039,2025-05-28,63.03,3,completed
ORD-005720,C02532,2025-05-28,105.82,5,completed
ORD-005721,C03146,2025-05-28,58.05,6,completed
ORD-005722,C03302,2025-05-28,55.68,2,completed
ORD-005723,C03440,2025-05-28,44.35,1,completed
ORD-005724,C03694,2025-05-28,98.05,5,completed
ORD-005725,C04033,2025-05-28,60.52,2,completed
ORD-005726,C05132,2025-05-28,63.64,4,completed
ORD-005727,C05742,2025-05-28,44.64,2,completed
ORD-005728,C00534,2025-05-29,65.6,3,completed
ORD-005729,C00908,2025-05-29,65.27,2,completed
ORD-005730,C01558,2025-05-29,87.87,5,completed
ORD-005731,C01751,2025-05-29,33.61,3,completed
ORD-005732,C01820,2025-05-29,33.52,2,completed
ORD-005733,C01848,2025-05-29,66.22,4,completed
ORD-005734,C02453,2025-05-29,61.71,5,completed
ORD-005735,C03105,2025-05-29,54.76,3,completed
ORD-005736,C03146,2025-05-29,40.81,2,completed
ORD-005737,C03225,2025-05-29,41.58,5,completed
ORD-005738,C03273,2025-05-29,176.48,11,completed
ORD-005739,C05623,2025-05-29,52.31,5,completed
ORD-005740,C05829,2025-05-29,72.26,3,completed
ORD-005741,C05956,2025-05-29,82.34,4,completed
ORD-005742,C00300,2025-05-30,55.76,3,completed
ORD-005743,C01506,2025-05-30,67.46,8,completed
ORD-005744,C01559,2025-05-30,48.67,5,completed
ORD-005745,C01633,2025-05-30,88.07,5,completed
ORD-005746,C02510,2025-05-30,65.14,5,completed
ORD-005747,C02710,2025-05-30,66.84,3,completed
ORD-005748,C02745,2025-05-30,56.57,2,completed
ORD-005749,C02836,2025-05-30,43.54,1,completed
ORD-005750,C03048,2025-05-30,52.23,4,completed
ORD-005751,C03629,2025-05-30,94.64,2,completed
ORD-005752,C03842,2025-05-30,34.29,2,completed
ORD-005753,C00013,2025-05-31,123.06,4,completed
ORD-005754,C01931,2025-05-31,134.31,5,completed
ORD-005755,C02553,2025-05-31,53.46,4,completed
ORD-005756,C03912,2025-05-31,25.89,2,completed
ORD-005757,C04589,2025-05-31,45.0,4,completed
ORD-005758,C04589,2025-05-31,81.28,2,completed
ORD-005759,C04771,2025-05-31,76.35,2,completed
ORD-005760,C05025,2025-05-31,63.48,4,completed
ORD-005761,C05098,2025-05-31,37.75,3,completed
ORD-005762,C05209,2025-05-31,46.37,1,completed
ORD-005763,C00478,2025-06-01,58.28,4,completed
ORD-005764,C01092,2025-06-01,72.0,2,completed
ORD-005765,C01217,2025-06-01,50.0,2,completed
ORD-005766,C03059,2025-06-01,76.95,5,completed
ORD-005767,C03504,2025-06-01,47.76,3,completed
ORD-005768,C04277,2025-06-01,46.85,2,completed
ORD-005769,C05361,2025-06-01,45.85,4,completed
ORD-005770,C05426,2025-06-01,82.19,4,completed
ORD-005771,C05458,2025-06-01,35.9,2,completed
ORD-005772,C05859,2025-06-01,42.52,3,completed
ORD-005773,C00127,2025-06-02,54.99,3,completed
ORD-005774,C00303,2025-06-02,69.8,5,completed
ORD-005775,C00514,2025-06-02,44.84,1,completed
ORD-005776,C00619,2025-06-02,101.15,2,completed
ORD-005777,C00738,2025-06-02,103.4,4,completed
ORD-005778,C00739,2025-06-02,53.94,3,completed
ORD-005779,C00784,2025-06-02,26.99,2,completed
ORD-005780,C01036,2025-06-02,62.39,6,completed
ORD-005781,C01224,2025-06-02,64.15,5,completed
ORD-005782,C02883,2025-06-02,80.45,5,completed
ORD-005783,C03108,2025-06-02,73.81,2,completed
ORD-005784,C03368,2025-06-02,44.61,5,completed
ORD-005785,C03767,2025-06-02,41.76,5,completed
ORD-005786,C04072,2025-06-02,43.98,4,completed
ORD-005787,C04664,2025-06-02,91.65,4,completed
ORD-005788,C04845,2025-06-02,45.89,2,completed
ORD-005789,C05696,2025-06-02,29.63,1,completed
ORD-005790,C05833,2025-06-02,101.82,5,completed
ORD-005791,C05863,2025-06-02,42.19,4,completed
ORD-005792,C00492,2025-06-03,55.14,2,completed
ORD-005793,C01493,2025-06-03,48.97,2,completed
ORD-005794,C02019,2025-06-03,82.94,3,completed
ORD-005795,C02280,2025-06-03,42.57,3,completed
ORD-005796,C02777,2025-06-03,98.53,6,completed
ORD-005797,C02906,2025-06-03,24.32,1,completed
ORD-005798,C03053,2025-06-03,46.85,3,completed
ORD-005799,C03195,2025-06-03,53.77,5,completed
ORD-005800,C03229,2025-06-03,80.5,7,completed
ORD-005801,C03348,2025-06-03,94.51,9,completed
ORD-005802,C03400,2025-06-03,75.38,6,completed
ORD-005803,C04473,2025-06-03,44.19,3,completed
ORD-005804,C04635,2025-06-03,36.03,2,completed
ORD-005805,C00122,2025-06-04,62.13,2,completed
ORD-005806,C00150,2025-06-04,69.86,5,completed
ORD-005807,C00379,2025-06-04,53.36,5,completed
ORD-005808,C00412,2025-06-04,83.37,2,completed
ORD-005809,C00467,2025-06-04,88.13,5,completed
ORD-005810,C00565,2025-06-04,31.62,1,cancelled
ORD-005811,C00818,2025-06-04,61.15,4,completed
ORD-005812,C01598,2025-06-04,39.85,2,completed
ORD-005813,C01739,2025-06-04,30.42,2,completed
ORD-005814,C02677,2025-06-04,50.84,3,cancelled
ORD-005815,C02790,2025-06-04,78.88,4,completed
ORD-005816,C02837,2025-06-04,82.01,5,completed
ORD-005817,C02993,2025-06-04,120.49,6,cancelled
ORD-005818,C03204,2025-06-04,55.28,2,completed
ORD-005819,C03797,2025-06-04,106.29,2,completed
ORD-005820,C03938,2025-06-04,109.33,3,completed
ORD-005821,C04077,2025-06-04,46.24,3,completed
ORD-005822,C04545,2025-06-04,45.43,3,completed
ORD-005823,C05165,2025-06-04,31.47,1,refunded
ORD-005824,C05375,2025-06-04,53.55,5,completed
ORD-005825,C05825,2025-06-04,59.71,3,completed
ORD-005826,C01751,2025-06-05,45.05,2,completed
ORD-005827,C02004,2025-06-05,67.82,10,completed
ORD-005828,C02021,2025-06-05,67.8,3,completed
ORD-005829,C02972,2025-06-05,28.57,1,completed
ORD-005830,C04316,2025-06-05,127.7,5,completed
ORD-005831,C05008,2025-06-05,59.26,3,completed
ORD-005832,C05261,2025-06-05,56.92,2,completed
ORD-005833,C05354,2025-06-05,75.26,8,completed
ORD-005834,C05646,2025-06-05,59.69,5,completed
ORD-005835,C05727,2025-06-05,99.83,3,completed
ORD-005836,C00127,2025-06-06,45.63,2,completed
ORD-005837,C00251,2025-06-06,37.99,2,cancelled
ORD-005838,C00326,2025-06-06,50.27,3,completed
ORD-005839,C00493,2025-06-06,128.79,8,completed
ORD-005840,C00660,2025-06-06,44.79,3,completed
ORD-005841,C00719,2025-06-06,43.46,4,completed
ORD-005842,C00906,2025-06-06,37.96,1,completed
ORD-005843,C01129,2025-06-06,67.06,5,completed
ORD-005844,C01162,2025-06-06,43.92,5,cancelled
ORD-005845,C01377,2025-06-06,25.87,2,completed
ORD-005846,C02593,2025-06-06,61.48,2,completed
ORD-005847,C02761,2025-06-06,102.62,8,completed
ORD-005848,C03696,2025-06-06,19.76,1,completed
ORD-005849,C03843,2025-06-06,58.28,3,completed
ORD-005850,C03980,2025-06-06,75.91,4,completed
ORD-005851,C04027,2025-06-06,48.06,1,completed
ORD-005852,C04299,2025-06-06,66.58,3,completed
ORD-005853,C04604,2025-06-06,73.69,1,completed
ORD-005854,C05614,2025-06-06,75.15,3,completed
ORD-005855,C05950,2025-06-06,45.1,2,completed
ORD-005856,C00612,2025-06-07,118.33,7,completed
ORD-005857,C00699,2025-06-07,52.13,2,completed
ORD-005858,C00738,2025-06-07,106.21,4,completed
ORD-005859,C01190,2025-06-07,58.58,1,completed
ORD-005860,C01465,2025-06-07,51.19,2,completed
ORD-005861,C01704,2025-06-07,92.12,3,completed
ORD-005862,C02166,2025-06-07,137.28,7,completed
ORD-005863,C02230,2025-06-07,85.38,4,completed
ORD-005864,C02977,2025-06-07,86.61,4,completed
ORD-005865,C03796,2025-06-07,61.53,3,completed
ORD-005866,C04179,2025-06-07,77.8,2,completed
ORD-005867,C04394,2025-06-07,60.86,5,completed
ORD-005868,C04453,2025-06-07,36.18,4,completed
ORD-005869,C04533,2025-06-07,34.53,1,completed
ORD-005870,C04643,2025-06-07,60.09,2,completed
ORD-005871,C05246,2025-06-07,74.56,4,completed
ORD-005872,C05834,2025-06-07,34.09,1,completed
ORD-005873,C00619,2025-06-08,118.32,6,completed
ORD-005874,C00734,2025-06-08,48.76,4,completed
ORD-005875,C01043,2025-06-08,41.45,2,completed
ORD-005876,C01771,2025-06-08,50.8,1,cancelled
ORD-005877,C01837,2025-06-08,67.75,3,completed
ORD-005878,C01897,2025-06-08,56.87,3,completed
ORD-005879,C02232,2025-06-08,30.68,2,completed
ORD-005880,C02278,2025-06-08,120.24,4,completed
ORD-005881,C02323,2025-06-08,58.22,2,completed
ORD-005882,C02569,2025-06-08,82.77,3,completed
ORD-005883,C02997,2025-06-08,55.25,2,completed
ORD-005884,C04170,2025-06-08,40.37,4,completed
ORD-005885,C04240,2025-06-08,66.32,2,completed
ORD-005886,C04476,2025-06-08,126.9,5,completed
ORD-005887,C04506,2025-06-08,64.26,3,completed
ORD-005888,C04780,2025-06-08,48.56,3,completed
ORD-005889,C04913,2025-06-08,34.97,3,completed
ORD-005890,C04949,2025-06-08,50.73,5,completed
ORD-005891,C05136,2025-06-08,52.48,3,completed
ORD-005892,C05322,2025-06-08,64.33,3,completed
ORD-005893,C05939,2025-06-08,49.74,1,completed
ORD-005894,C05984,2025-06-08,48.0,1,completed
ORD-005895,C00421,2025-06-09,53.62,3,completed
ORD-005896,C01198,2025-06-09,56.47,2,completed
ORD-005897,C02151,2025-06-09,58.06,4,completed
ORD-005898,C02456,2025-06-09,92.37,9,completed
ORD-005899,C02559,2025-06-09,61.4,4,completed
ORD-005900,C03114,2025-06-09,68.21,2,completed
ORD-005901,C03611,2025-06-09,55.97,7,completed
ORD-005902,C03858,2025-06-09,29.14,3,completed
ORD-005903,C04353,2025-06-09,86.76,1,completed
ORD-005904,C04848,2025-06-09,74.16,3,completed
ORD-005905,C05669,2025-06-09,55.06,3,completed
ORD-005906,C00268,2025-06-10,63.05,4,refunded
ORD-005907,C00360,2025-06-10,79.9,5,completed
ORD-005908,C00365,2025-06-10,41.16,2,completed
ORD-005909,C01719,2025-06-10,45.2,4,completed
ORD-005910,C02020,2025-06-10,87.23,4,refunded
ORD-005911,C02451,2025-06-10,64.68,2,completed
ORD-005912,C03354,2025-06-10,47.48,2,completed
ORD-005913,C03938,2025-06-10,145.01,5,completed
ORD-005914,C04343,2025-06-10,72.31,4,completed
ORD-005915,C04468,2025-06-10,80.36,6,completed
ORD-005916,C04774,2025-06-10,79.18,2,completed
ORD-005917,C05151,2025-06-10,69.59,2,completed
ORD-005918,C05181,2025-06-10,73.85,5,completed
ORD-005919,C05248,2025-06-10,85.85,4,completed
ORD-005920,C05353,2025-06-10,66.48,4,completed
ORD-005921,C05433,2025-06-10,64.99,2,completed
ORD-005922,C05557,2025-06-10,56.13,2,completed
ORD-005923,C00158,2025-06-11,61.14,2,completed
ORD-005924,C00619,2025-06-11,62.82,3,completed
ORD-005925,C00839,2025-06-11,37.19,5,completed
ORD-005926,C01011,2025-06-11,51.65,2,completed
ORD-005927,C01025,2025-06-11,73.81,3,completed
ORD-005928,C01292,2025-06-11,91.55,6,completed
ORD-005929,C01295,2025-06-11,63.03,6,completed
ORD-005930,C01917,2025-06-11,31.01,1,completed
ORD-005931,C03083,2025-06-11,44.95,3,completed
ORD-005932,C03411,2025-06-11,62.31,1,completed
ORD-005933,C03423,2025-06-11,73.22,4,completed
ORD-005934,C04102,2025-06-11,26.74,2,completed
ORD-005935,C04363,2025-06-11,67.73,5,completed
ORD-005936,C04767,2025-06-11,53.63,2,completed
ORD-005937,C04908,2025-06-11,35.65,1,completed
ORD-005938,C05799,2025-06-11,72.33,3,completed
ORD-005939,C02587,2025-06-12,29.1,1,completed
ORD-005940,C02857,2025-06-12,24.94,2,completed
ORD-005941,C02883,2025-06-12,70.65,3,completed
ORD-005942,C03869,2025-06-12,48.28,3,completed
ORD-005943,C03919,2025-06-12,36.37,2,completed
ORD-005944,C04454,2025-06-12,52.39,1,completed
ORD-005945,C04566,2025-06-12,38.64,2,completed
ORD-005946,C04675,2025-06-12,50.16,1,completed
ORD-005947,C00011,2025-06-13,85.94,5,completed
ORD-005948,C00078,2025-06-13,69.55,2,completed
ORD-005949,C00186,2025-06-13,62.44,2,completed
ORD-005950,C00223,2025-06-13,40.49,1,refunded
ORD-005951,C01044,2025-06-13,60.88,4,completed
ORD-005952,C01213,2025-06-13,82.05,4,completed
ORD-005953,C01500,2025-06-13,63.07,2,completed
ORD-005954,C01977,2025-06-13,46.59,3,completed
ORD-005955,C02200,2025-06-13,33.49,1,completed
ORD-005956,C03769,2025-06-13,42.36,3,completed
ORD-005957,C04028,2025-06-13,51.34,2,completed
ORD-005958,C04243,2025-06-13,50.18,4,completed
ORD-005959,C04664,2025-06-13,89.42,5,completed
ORD-005960,C04865,2025-06-13,36.91,1,completed
ORD-005961,C05002,2025-06-13,85.02,7,completed
ORD-005962,C05431,2025-06-13,81.83,7,completed
ORD-005963,C05555,2025-06-13,44.8,1,completed
ORD-005964,C05567,2025-06-13,38.26,6,completed
ORD-005965,C00081,2025-06-14,67.28,7,completed
ORD-005966,C00824,2025-06-14,38.26,4,completed
ORD-005967,C01108,2025-06-14,71.43,5,completed
ORD-005968,C01121,2025-06-14,32.06,1,completed
ORD-005969,C02754,2025-06-14,62.2,2,completed
ORD-005970,C02790,2025-06-14,75.88,2,completed
ORD-005971,C03892,2025-06-14,48.14,2,cancelled
ORD-005972,C04645,2025-06-14,90.17,1,completed
ORD-005973,C05492,2025-06-14,52.87,4,completed
ORD-005974,C00054,2025-06-15,59.46,3,completed
ORD-005975,C00399,2025-06-15,54.1,4,completed
ORD-005976,C00411,2025-06-15,39.12,4,completed
ORD-005977,C01190,2025-06-15,87.22,5,completed
ORD-005978,C01865,2025-06-15,37.81,3,completed
ORD-005979,C02358,2025-06-15,67.08,3,completed
ORD-005980,C02365,2025-06-15,111.96,8,completed
ORD-005981,C02438,2025-06-15,43.83,1,completed
ORD-005982,C02649,2025-06-15,44.53,3,completed
ORD-005983,C03281,2025-06-15,39.79,2,completed
ORD-005984,C04823,2025-06-15,48.29,4,completed
ORD-005985,C00979,2025-06-16,35.08,5,completed
ORD-005986,C02609,2025-06-16,66.0,6,completed
ORD-005987,C02935,2025-06-16,40.38,2,completed
ORD-005988,C03019,2025-06-16,112.11,5,completed
ORD-005989,C03360,2025-06-16,62.39,4,completed
ORD-005990,C03379,2025-06-16,34.85,3,completed
ORD-005991,C03807,2025-06-16,50.46,5,completed
ORD-005992,C04177,2025-06-16,21.16,1,completed
ORD-005993,C04537,2025-06-16,60.11,2,completed
ORD-005994,C05338,2025-06-16,44.62,4,completed
ORD-005995,C05349,2025-06-16,82.59,8,completed
ORD-005996,C05602,2025-06-16,93.54,5,completed
ORD-005997,C05980,2025-06-16,49.89,5,completed
ORD-005998,C05985,2025-06-16,59.0,7,completed
ORD-005999,C00061,2025-06-17,31.29,4,completed
ORD-006000,C00308,2025-06-17,83.33,5,completed
ORD-006001,C01042,2025-06-17,43.54,2,completed
ORD-006002,C01051,2025-06-17,66.34,6,completed
ORD-006003,C01361,2025-06-17,45.01,6,completed
ORD-006004,C02602,2025-06-17,54.8,5,completed
ORD-006005,C02687,2025-06-17,57.51,5,completed
ORD-006006,C03625,2025-06-17,39.93,3,completed
ORD-006007,C03674,2025-06-17,34.21,3,completed
ORD-006008,C03906,2025-06-17,42.24,1,completed
ORD-006009,C04423,2025-06-17,73.17,6,completed
ORD-006010,C04918,2025-06-17,43.06,4,cancelled
ORD-006011,C05294,2025-06-17,84.43,5,completed
ORD-006012,C05647,2025-06-17,48.87,1,completed
ORD-006013,C05738,2025-06-17,43.7,3,completed
ORD-006014,C05948,2025-06-17,89.33,6,completed
ORD-006014,C05948,2025-06-17,89.33,6,completed
ORD-006015,C05959,2025-06-17,52.96,2,completed
ORD-006016,C00040,2025-06-18,66.92,4,completed
ORD-006017,C00920,2025-06-18,101.35,3,completed
ORD-006018,C01125,2025-06-18,30.66,3,completed
ORD-006019,C01308,2025-06-18,49.06,2,completed
ORD-006020,C01688,2025-06-18,50.31,2,completed
ORD-006021,C02894,2025-06-18,99.76,3,completed
ORD-006022,C04052,2025-06-18,93.83,5,completed
ORD-006023,C04696,2025-06-18,156.78,11,completed
ORD-006024,C05132,2025-06-18,93.82,8,completed
ORD-006025,C05636,2025-06-18,44.43,3,completed
ORD-006026,C05955,2025-06-18,65.41,2,completed
ORD-006027,C00368,2025-06-19,58.68,2,completed
ORD-006028,C00566,2025-06-19,63.94,3,completed
ORD-006029,C01125,2025-06-19,58.48,3,completed
ORD-006030,C01598,2025-06-19,55.47,3,completed
ORD-006031,C02944,2025-06-19,93.03,3,completed
ORD-006032,C03183,2025-06-19,83.7,4,completed
ORD-006033,C03286,2025-06-19,65.12,4,completed
ORD-006034,C03708,2025-06-19,127.5,9,completed
ORD-006035,C04757,2025-06-19,87.33,3,completed
ORD-006036,C05245,2025-06-19,31.19,1,completed
ORD-006037,C05549,2025-06-19,135.13,12,completed
ORD-006038,C05559,2025-06-19,54.5,1,completed
ORD-006039,C05768,2025-06-19,30.13,2,completed
ORD-006040,C05831,2025-06-19,69.88,2,completed
ORD-006041,C05948,2025-06-19,60.94,2,completed
ORD-006042,C00156,2025-06-20,31.65,3,completed
ORD-006043,C00653,2025-06-20,46.22,6,completed
ORD-006044,C01140,2025-06-20,99.26,5,completed
ORD-006045,C01423,2025-06-20,51.56,3,completed
ORD-006046,C01501,2025-06-20,28.94,2,completed
ORD-006047,C01914,2025-06-20,55.73,3,completed
ORD-006048,C02555,2025-06-20,80.61,3,completed
ORD-006049,C02688,2025-06-20,57.6,4,completed
ORD-006050,C03172,2025-06-20,70.33,5,completed
ORD-006051,C03346,2025-06-20,39.25,2,completed
ORD-006052,C03471,2025-06-20,26.11,1,completed
ORD-006053,C03628,2025-06-20,43.13,4,completed
ORD-006054,C04585,2025-06-20,29.75,2,refunded
ORD-006055,C00324,2025-06-21,96.27,8,completed
ORD-006056,C01466,2025-06-21,63.93,2,completed
ORD-006057,C01637,2025-06-21,67.23,3,completed
ORD-006058,C01992,2025-06-21,58.8,3,completed
ORD-006059,C02232,2025-06-21,39.67,4,completed
ORD-006060,C02564,2025-06-21,89.37,2,completed
ORD-006061,C02759,2025-06-21,98.08,7,completed
ORD-006062,C02914,2025-06-21,32.66,4,cancelled
ORD-006063,C02924,2025-06-21,85.39,2,completed
ORD-006064,C02975,2025-06-21,44.29,3,completed
ORD-006065,C03118,2025-06-21,26.54,2,completed
ORD-006066,C03480,2025-06-21,41.11,1,completed
ORD-006067,C04808,2025-06-21,81.2,3,completed
ORD-006068,C05011,2025-06-21,46.39,1,completed
ORD-006069,C05184,2025-06-21,20.6,1,completed
ORD-006070,C05524,2025-06-21,30.44,4,completed
ORD-006071,C05865,2025-06-21,38.55,2,completed
ORD-006072,C00637,2025-06-22,63.41,4,completed
ORD-006073,C00712,2025-06-22,45.18,6,completed
ORD-006074,C01056,2025-06-22,53.56,3,completed
ORD-006075,C01741,2025-06-22,41.03,2,completed
ORD-006076,C01805,2025-06-22,40.4,2,completed
ORD-006077,C02085,2025-06-22,83.81,4,completed
ORD-006078,C02768,2025-06-22,28.99,3,completed
ORD-006079,C03442,2025-06-22,23.5,3,completed
ORD-006080,C03869,2025-06-22,39.08,2,completed
ORD-006081,C04097,2025-06-22,52.3,4,completed
ORD-006082,C04613,2025-06-22,68.58,4,completed
ORD-006083,C05194,2025-06-22,100.03,9,completed
ORD-006084,C00085,2025-06-23,60.05,6,completed
ORD-006085,C00448,2025-06-23,90.24,4,completed
ORD-006086,C00534,2025-06-23,71.76,3,completed
ORD-006087,C00910,2025-06-23,56.86,3,completed
ORD-006088,C01219,2025-06-23,75.79,7,completed
ORD-006089,C03106,2025-06-23,104.21,5,completed
ORD-006090,C03487,2025-06-23,78.74,6,completed
ORD-006091,C03863,2025-06-23,80.37,4,completed
ORD-006092,C04554,2025-06-23,41.17,4,completed
ORD-006093,C04876,2025-06-23,58.48,3,completed
ORD-006094,C05578,2025-06-23,56.33,2,completed
ORD-006095,C05877,2025-06-23,53.13,2,completed
ORD-006096,C00208,2025-06-24,36.99,5,completed
ORD-006097,C00307,2025-06-24,46.89,5,completed
ORD-006098,C00329,2025-06-24,71.96,4,completed
ORD-006099,C00649,2025-06-24,42.67,1,completed
ORD-006100,C00834,2025-06-24,34.82,3,completed
ORD-006101,C01017,2025-06-24,69.95,4,completed
ORD-006102,C01603,2025-06-24,72.23,1,completed
ORD-006103,C01695,2025-06-24,110.53,3,completed
ORD-006104,C02562,2025-06-24,56.33,4,completed
ORD-006105,C03175,2025-06-24,78.01,4,completed
ORD-006106,C03227,2025-06-24,23.01,1,completed
ORD-006107,C03286,2025-06-24,55.04,4,completed
ORD-006108,C03359,2025-06-24,51.63,4,completed
ORD-006109,C04046,2025-06-24,76.45,7,completed
ORD-006110,C04581,2025-06-24,97.83,8,completed
ORD-006111,C05212,2025-06-24,91.13,5,completed
ORD-006112,C05833,2025-06-24,88.31,4,cancelled
ORD-006113,C01108,2025-06-25,42.53,3,completed
ORD-006114,C01234,2025-06-25,60.56,2,completed
ORD-006115,C01290,2025-06-25,44.33,6,completed
ORD-006116,C01922,2025-06-25,46.12,2,completed
ORD-006117,C02358,2025-06-25,54.04,4,completed
ORD-006118,C02462,2025-06-25,51.54,4,completed
ORD-006119,C02597,2025-06-25,35.75,2,completed
ORD-006120,C02799,2025-06-25,63.35,2,completed
ORD-006121,C02822,2025-06-25,39.34,1,completed
ORD-006122,C03364,2025-06-25,120.95,7,cancelled
ORD-006123,C03447,2025-06-25,46.26,1,completed
ORD-006124,C03664,2025-06-25,104.22,3,completed
ORD-006125,C04217,2025-06-25,81.42,7,completed
ORD-006126,C04520,2025-06-25,59.86,4,completed
ORD-006127,C04536,2025-06-25,38.45,3,completed
ORD-006128,C05172,2025-06-25,35.51,1,completed
ORD-006129,C05813,2025-06-25,37.9,3,completed
ORD-006130,C00275,2025-06-26,45.79,2,completed
ORD-006131,C01316,2025-06-26,109.01,4,completed
ORD-006132,C01776,2025-06-26,69.28,5,completed
ORD-006133,C02083,2025-06-26,59.15,4,completed
ORD-006134,C03059,2025-06-26,68.44,5,completed
ORD-006135,C03773,2025-06-26,42.65,3,completed
ORD-006136,C04031,2025-06-26,90.53,7,completed
ORD-006137,C04482,2025-06-26,52.53,1,completed
ORD-006138,C04812,2025-06-26,32.35,2,completed
ORD-006139,C04878,2025-06-26,74.66,3,refunded
ORD-006140,C04880,2025-06-26,51.62,2,completed
ORD-006141,C05733,2025-06-26,122.11,7,completed
ORD-006142,C05745,2025-06-26,73.22,4,completed
ORD-006143,C00049,2025-06-27,37.3,2,completed
ORD-006144,C00608,2025-06-27,62.79,5,completed
ORD-006145,C00745,2025-06-27,55.75,1,completed
ORD-006146,C00843,2025-06-27,79.24,4,completed
ORD-006147,C00848,2025-06-27,42.17,1,completed
ORD-006148,C01290,2025-06-27,58.01,3,completed
ORD-006149,C01596,2025-06-27,29.77,1,completed
ORD-006150,C01806,2025-06-27,34.8,2,completed
ORD-006151,C02411,2025-06-27,105.22,3,completed
ORD-006152,C02450,2025-06-27,47.06,1,completed
ORD-006153,C02804,2025-06-27,69.32,8,completed
ORD-006154,C02836,2025-06-27,75.2,6,completed
ORD-006155,C03509,2025-06-27,64.64,5,completed
ORD-006156,C03841,2025-06-27,58.83,5,completed
ORD-006157,C04197,2025-06-27,40.02,3,completed
ORD-006158,C04227,2025-06-27,69.02,5,completed
ORD-006159,C04528,2025-06-27,62.28,2,completed
ORD-006160,C04737,2025-06-27,58.17,6,completed
ORD-006161,C04739,2025-06-27,55.53,4,completed
ORD-006162,C04833,2025-06-27,65.55,9,completed
ORD-006163,C04909,2025-06-27,73.66,4,completed
ORD-006164,C05192,2025-06-27,124.56,4,completed
ORD-006165,C05225,2025-06-27,88.02,5,completed
ORD-006166,C05376,2025-06-27,41.21,4,completed
ORD-006167,C05401,2025-06-27,82.35,5,completed
ORD-006168,C05484,2025-06-27,44.99,3,completed
ORD-006169,C05926,2025-06-27,90.13,2,completed
ORD-006170,C00030,2025-06-28,52.87,2,completed
ORD-006171,C00745,2025-06-28,38.28,1,completed
ORD-006172,C00755,2025-06-28,78.69,5,completed
ORD-006173,C00827,2025-06-28,104.85,7,completed
ORD-006174,C01739,2025-06-28,38.52,4,completed
ORD-006175,C02502,2025-06-28,90.43,6,completed
ORD-006176,C02835,2025-06-28,58.85,3,completed
ORD-006177,C02927,2025-06-28,68.29,3,completed
ORD-006178,C03381,2025-06-28,57.8,3,completed
ORD-006179,C04552,2025-06-28,96.95,6,completed
ORD-006180,C04569,2025-06-28,28.49,1,completed
ORD-006181,C05151,2025-06-28,91.61,2,completed
ORD-006182,C05475,2025-06-28,80.63,5,completed
ORD-006183,C05693,2025-06-28,50.48,1,completed
ORD-006184,C00524,2025-06-29,38.75,2,completed
ORD-006185,C00890,2025-06-29,66.7,2,completed
ORD-006186,C01068,2025-06-29,23.44,2,completed
ORD-006187,C02366,2025-06-29,57.33,3,completed
ORD-006188,C03088,2025-06-29,32.69,4,completed
ORD-006189,C03386,2025-06-29,52.17,1,completed
ORD-006190,C03480,2025-06-29,40.85,2,completed
ORD-006191,C03640,2025-06-29,69.05,6,completed
ORD-006192,C03704,2025-06-29,29.09,4,completed
ORD-006193,C03796,2025-06-29,75.23,2,completed
ORD-006194,C04220,2025-06-29,45.83,2,cancelled
ORD-006195,C04664,2025-06-29,71.08,1,completed
ORD-006196,C04790,2025-06-29,48.01,2,completed
ORD-006197,C04874,2025-06-29,67.45,4,completed
ORD-006198,C05461,2025-06-29,34.17,2,completed
ORD-006199,C00318,2025-06-30,46.07,4,cancelled
ORD-006200,C00394,2025-06-30,66.26,4,completed
ORD-006201,C00394,2025-06-30,65.52,7,completed
ORD-006202,C01128,2025-06-30,37.53,2,completed
ORD-006203,C01788,2025-06-30,35.75,3,completed
ORD-006204,C02463,2025-06-30,82.96,4,completed
ORD-006205,C02683,2025-06-30,55.71,5,completed
ORD-006206,C02787,2025-06-30,44.02,2,completed
ORD-006207,C03057,2025-06-30,75.79,8,completed
ORD-006208,C03750,2025-06-30,34.38,3,completed
ORD-006209,C03819,2025-06-30,46.95,7,completed
ORD-006210,C03837,2025-06-30,42.7,1,completed
ORD-006211,C04032,2025-06-30,72.15,3,completed
ORD-006212,C04088,2025-06-30,72.85,3,completed
ORD-006213,C04099,2025-06-30,42.25,1,completed
ORD-006214,C04265,2025-06-30,88.8,7,completed
ORD-006215,C04661,2025-06-30,38.63,3,refunded
ORD-006216,C05172,2025-06-30,45.5,3,completed
ORD-006217,C05225,2025-06-30,89.45,4,completed
ORD-006218,C05714,2025-06-30,112.06,7,completed
ORD-006219,C05827,2025-06-30,70.65,2,completed
ORD-006220,C00171,2025-07-01,85.06,3,completed
ORD-006221,C00324,2025-07-01,179.4,9,completed
ORD-006222,C00399,2025-07-01,41.86,1,completed
ORD-006223,C00450,2025-07-01,38.13,2,completed
ORD-006224,C00531,2025-07-01,55.06,5,completed
ORD-006225,C00578,2025-07-01,127.54,7,completed
ORD-006226,C00738,2025-07-01,125.99,8,completed
ORD-006227,C02010,2025-07-01,53.96,4,completed
ORD-006228,C02029,2025-07-01,48.44,2,completed
ORD-006229,C03749,2025-07-01,50.5,6,completed
ORD-006230,C04197,2025-07-01,53.44,2,completed
ORD-006231,C04300,2025-07-01,77.62,4,refunded
ORD-006232,C05124,2025-07-01,94.36,3,completed
ORD-006233,C05399,2025-07-01,59.47,4,completed
ORD-006234,C05992,2025-07-01,54.38,4,completed
ORD-006235,C00976,2025-07-02,74.48,6,completed
ORD-006236,C01486,2025-07-02,54.25,5,completed
ORD-006237,C01686,2025-07-02,99.95,9,completed
ORD-006238,C01688,2025-07-02,44.14,5,completed
ORD-006239,C01794,2025-07-02,110.65,6,completed
ORD-006240,C02336,2025-07-02,58.16,3,cancelled
ORD-006241,C02701,2025-07-02,52.43,3,completed
ORD-006242,C03129,2025-07-02,65.77,4,completed
ORD-006243,C03422,2025-07-02,98.87,5,completed
ORD-006244,C03464,2025-07-02,39.15,4,completed
ORD-006245,C04638,2025-07-02,87.32,5,completed
ORD-006246,C05097,2025-07-02,46.29,4,completed
ORD-006247,C00079,2025-07-03,51.51,3,completed
ORD-006248,C00322,2025-07-03,40.43,5,completed
ORD-006249,C00710,2025-07-03,49.72,2,completed
ORD-006250,C01359,2025-07-03,88.91,6,completed
ORD-006251,C01634,2025-07-03,69.83,4,completed
ORD-006252,C02247,2025-07-03,33.88,2,completed
ORD-006253,C02533,2025-07-03,211.14,7,completed
ORD-006254,C02709,2025-07-03,56.53,2,completed
ORD-006255,C03166,2025-07-03,59.09,3,completed
ORD-006256,C04148,2025-07-03,17.33,5,completed
ORD-006257,C04780,2025-07-03,28.98,2,completed
ORD-006258,C04849,2025-07-03,38.8,3,completed
ORD-006259,C04950,2025-07-03,21.56,2,completed
ORD-006260,C05792,2025-07-03,54.55,4,completed
ORD-006261,C02428,2025-07-04,52.45,5,completed
ORD-006262,C02786,2025-07-04,94.24,7,completed
ORD-006263,C03356,2025-07-04,55.55,3,refunded
ORD-006264,C03399,2025-07-04,28.89,2,completed
ORD-006265,C03451,2025-07-04,53.44,3,completed
ORD-006266,C03955,2025-07-04,38.67,2,completed
ORD-006267,C04356,2025-07-04,131.74,8,completed
ORD-006268,C04895,2025-07-04,64.41,7,completed
ORD-006269,C05072,2025-07-04,44.28,3,completed
ORD-006270,C05193,2025-07-04,45.96,4,completed
ORD-006271,C00559,2025-07-05,103.31,6,completed
ORD-006272,C00660,2025-07-05,38.83,4,completed
ORD-006273,C00807,2025-07-05,55.51,3,completed
ORD-006274,C01344,2025-07-05,78.86,7,completed
ORD-006275,C01804,2025-07-05,41.75,2,completed
ORD-006276,C01869,2025-07-05,21.54,1,completed
ORD-006276,C01869,2025-07-05,21.54,1,completed
ORD-006277,C01988,2025-07-05,64.23,5,completed
ORD-006278,C02163,2025-07-05,45.82,3,completed
ORD-006279,C02380,2025-07-05,124.71,5,completed
ORD-006280,C02556,2025-07-05,49.9,2,completed
ORD-006281,C02754,2025-07-05,41.33,2,completed
ORD-006282,C02813,2025-07-05,27.54,2,completed
ORD-006283,C03365,2025-07-05,44.15,2,completed
ORD-006284,C03367,2025-07-05,65.45,3,completed
ORD-006285,C03440,2025-07-05,51.34,5,cancelled
ORD-006286,C03869,2025-07-05,59.76,3,completed
ORD-006287,C05106,2025-07-05,64.34,3,completed
ORD-006288,C05941,2025-07-05,41.93,4,completed
ORD-006289,C00211,2025-07-06,52.35,4,completed
ORD-006290,C00333,2025-07-06,47.32,1,completed
ORD-006291,C01238,2025-07-06,46.99,1,completed
ORD-006292,C01450,2025-07-06,41.38,2,completed
ORD-006293,C01896,2025-07-06,47.77,1,completed
ORD-006294,C03616,2025-07-06,67.16,5,cancelled
ORD-006295,C03963,2025-07-06,55.76,3,completed
ORD-006296,C04068,2025-07-06,36.54,3,completed
ORD-006297,C04102,2025-07-06,29.33,2,completed
ORD-006298,C04626,2025-07-06,49.96,3,completed
ORD-006299,C04840,2025-07-06,60.18,5,completed
ORD-006300,C04888,2025-07-06,71.74,3,completed
ORD-006301,C05337,2025-07-06,84.58,3,completed
ORD-006302,C05589,2025-07-06,69.48,6,completed
ORD-006303,C05857,2025-07-06,84.52,5,completed
ORD-006304,C05965,2025-07-06,85.47,9,completed
ORD-006305,C00092,2025-07-07,35.36,3,completed
ORD-006306,C02026,2025-07-07,127.99,5,completed
ORD-006307,C02577,2025-07-07,73.44,4,completed
ORD-006308,C03224,2025-07-07,36.96,2,completed
ORD-006309,C03262,2025-07-07,66.89,4,completed
ORD-006310,C03877,2025-07-07,39.11,2,completed
ORD-006311,C03984,2025-07-07,39.27,2,completed
ORD-006312,C04227,2025-07-07,55.76,3,completed
ORD-006313,C04873,2025-07-07,123.84,10,cancelled
ORD-006314,C05382,2025-07-07,94.85,5,refunded
ORD-006315,C05666,2025-07-07,47.1,5,completed
ORD-006316,C05821,2025-07-07,87.59,3,completed
ORD-006317,C00004,2025-07-08,78.55,6,completed
ORD-006318,C00433,2025-07-08,115.37,3,completed
ORD-006319,C00736,2025-07-08,89.97,5,completed
ORD-006320,C02261,2025-07-08,28.98,4,completed
ORD-006321,C02435,2025-07-08,65.46,3,completed
ORD-006322,C02754,2025-07-08,45.34,1,completed
ORD-006323,C02930,2025-07-08,38.08,4,completed
ORD-006324,C03014,2025-07-08,28.78,1,completed
ORD-006325,C03790,2025-07-08,36.18,1,cancelled
ORD-006326,C04739,2025-07-08,38.04,1,completed
ORD-006327,C05581,2025-07-08,124.66,5,completed
ORD-006328,C00057,2025-07-09,58.49,2,completed
ORD-006329,C00102,2025-07-09,67.67,5,completed
ORD-006330,C00324,2025-07-09,91.83,6,completed
ORD-006331,C00466,2025-07-09,74.41,3,completed
ORD-006332,C00959,2025-07-09,97.37,1,completed
ORD-006333,C01861,2025-07-09,65.38,4,completed
ORD-006334,C02365,2025-07-09,86.01,5,completed
ORD-006335,C02758,2025-07-09,44.89,3,completed
ORD-006336,C03392,2025-07-09,57.15,3,completed
ORD-006337,C04183,2025-07-09,47.86,2,completed
ORD-006338,C04211,2025-07-09,47.2,4,completed
ORD-006339,C00043,2025-07-10,36.66,5,completed
ORD-006340,C00268,2025-07-10,51.24,4,completed
ORD-006341,C00674,2025-07-10,122.85,4,completed
ORD-006342,C03088,2025-07-10,31.41,2,completed
ORD-006343,C03194,2025-07-10,44.38,2,completed
ORD-006344,C03212,2025-07-10,77.43,5,completed
ORD-006345,C03485,2025-07-10,87.84,3,completed
ORD-006346,C04280,2025-07-10,38.89,1,completed
ORD-006347,C04605,2025-07-10,43.61,2,cancelled
ORD-006348,C04888,2025-07-10,38.07,2,completed
ORD-006349,C05760,2025-07-10,36.06,2,completed
ORD-006350,C00144,2025-07-11,83.78,7,completed
ORD-006351,C00491,2025-07-11,112.61,4,completed
ORD-006352,C00498,2025-07-11,63.44,3,completed
ORD-006353,C00519,2025-07-11,62.21,2,completed
ORD-006354,C01060,2025-07-11,26.86,2,completed
ORD-006355,C01651,2025-07-11,69.88,5,completed
ORD-006356,C01835,2025-07-11,66.65,4,completed
ORD-006357,C01861,2025-07-11,54.85,3,completed
ORD-006358,C02276,2025-07-11,95.96,7,completed
ORD-006359,C03863,2025-07-11,68.91,2,completed
ORD-006360,C03891,2025-07-11,44.67,2,completed
ORD-006361,C04475,2025-07-11,81.71,6,completed
ORD-006362,C04937,2025-07-11,65.69,5,completed
ORD-006363,C05009,2025-07-11,56.3,2,completed
ORD-006364,C00597,2025-07-12,49.11,2,completed
ORD-006365,C01062,2025-07-12,53.59,2,completed
ORD-006366,C02284,2025-07-12,61.71,2,completed
ORD-006367,C02754,2025-07-12,67.83,4,completed
ORD-006368,C02929,2025-07-12,43.37,2,completed
ORD-006369,C03275,2025-07-12,103.32,4,completed
ORD-006370,C03538,2025-07-12,68.59,6,completed
ORD-006371,C04062,2025-07-12,49.57,2,completed
ORD-006372,C04560,2025-07-12,54.15,1,completed
ORD-006373,C04704,2025-07-12,59.57,4,completed
ORD-006374,C04824,2025-07-12,26.99,3,completed
ORD-006375,C04993,2025-07-12,49.04,1,completed
ORD-006376,C05121,2025-07-12,51.91,2,completed
ORD-006377,C00055,2025-07-13,66.19,3,completed
ORD-006378,C00481,2025-07-13,47.32,4,completed
ORD-006379,C00532,2025-07-13,62.85,2,completed
ORD-006380,C01062,2025-07-13,36.6,5,completed
ORD-006381,C01421,2025-07-13,65.76,4,completed
ORD-006382,C01508,2025-07-13,70.7,3,completed
ORD-006383,C01534,2025-07-13,75.13,5,completed
ORD-006384,C02227,2025-07-13,42.32,3,completed
ORD-006385,C02576,2025-07-13,44.41,2,completed
ORD-006386,C02911,2025-07-13,43.52,4,completed
ORD-006387,C03482,2025-07-13,34.01,2,completed
ORD-006388,C03535,2025-07-13,65.41,1,completed
ORD-006389,C03707,2025-07-13,99.51,4,completed
ORD-006390,C03777,2025-07-13,55.47,3,completed
ORD-006391,C03848,2025-07-13,91.61,5,completed
ORD-006392,C03903,2025-07-13,42.08,3,completed
ORD-006393,C04373,2025-07-13,65.51,5,completed
ORD-006394,C05692,2025-07-13,45.13,4,completed
ORD-006395,C05807,2025-07-13,73.48,4,completed
ORD-006396,C00479,2025-07-14,61.75,2,completed
ORD-006397,C01062,2025-07-14,36.94,2,completed
ORD-006398,C01215,2025-07-14,84.92,4,completed
ORD-006399,C01387,2025-07-14,29.76,1,completed
ORD-006400,C01476,2025-07-14,54.13,4,completed
ORD-006401,C02739,2025-07-14,41.07,2,completed
ORD-006402,C03036,2025-07-14,73.29,4,completed
ORD-006403,C03859,2025-07-14,95.44,6,completed
ORD-006404,C04172,2025-07-14,32.18,2,completed
ORD-006405,C05031,2025-07-14,58.44,2,completed
ORD-006406,C00011,2025-07-15,139.5,4,completed
ORD-006407,C00275,2025-07-15,37.66,3,completed
ORD-006408,C00376,2025-07-15,56.2,1,completed
ORD-006409,C00800,2025-07-15,90.69,2,completed
ORD-006410,C01410,2025-07-15,51.83,2,completed
ORD-006411,C01525,2025-07-15,35.14,1,completed
ORD-006412,C01820,2025-07-15,48.26,4,cancelled
ORD-006413,C02292,2025-07-15,28.87,2,completed
ORD-006414,C03323,2025-07-15,85.12,4,completed
ORD-006415,C03509,2025-07-15,56.52,3,completed
ORD-006416,C03512,2025-07-15,67.19,3,completed
ORD-006417,C04453,2025-07-15,33.68,1,completed
ORD-006418,C05501,2025-07-15,45.57,5,completed
ORD-006419,C05777,2025-07-15,126.07,10,completed
ORD-006420,C00453,2025-07-16,62.31,3,completed
ORD-006421,C01317,2025-07-16,48.02,1,completed
ORD-006422,C02365,2025-07-16,89.12,3,completed
ORD-006423,C02705,2025-07-16,65.88,2,completed
ORD-006424,C02920,2025-07-16,60.89,4,completed
ORD-006425,C03016,2025-07-16,29.28,1,completed
ORD-006426,C03729,2025-07-16,100.72,4,completed
ORD-006427,C04139,2025-07-16,44.04,1,completed
ORD-006428,C04770,2025-07-16,83.84,1,completed
ORD-006429,C05027,2025-07-16,82.36,3,completed
ORD-006430,C05610,2025-07-16,67.0,4,completed
ORD-006431,C00446,2025-07-17,85.58,4,completed
ORD-006432,C00947,2025-07-17,57.51,5,completed
ORD-006433,C01204,2025-07-17,56.53,2,completed
ORD-006434,C01568,2025-07-17,35.27,2,completed
ORD-006435,C01745,2025-07-17,103.23,4,completed
ORD-006436,C02106,2025-07-17,40.78,4,completed
ORD-006437,C02883,2025-07-17,82.75,2,completed
ORD-006438,C02978,2025-07-17,49.89,4,completed
ORD-006439,C03040,2025-07-17,71.22,3,completed
ORD-006440,C03113,2025-07-17,66.77,5,completed
ORD-006441,C03173,2025-07-17,87.0,2,completed
ORD-006442,C03274,2025-07-17,79.93,2,completed
ORD-006443,C03561,2025-07-17,42.12,5,completed
ORD-006444,C04119,2025-07-17,87.75,6,completed
ORD-006445,C04905,2025-07-17,42.11,4,completed
ORD-006446,C05141,2025-07-17,35.87,1,completed
ORD-006447,C05612,2025-07-17,92.89,5,completed
ORD-006448,C00761,2025-07-18,107.56,3,completed
ORD-006449,C01274,2025-07-18,58.2,4,completed
ORD-006450,C01504,2025-07-18,59.21,2,cancelled
ORD-006451,C01723,2025-07-18,49.88,6,completed
ORD-006452,C01777,2025-07-18,72.03,4,completed
ORD-006453,C01928,2025-07-18,54.26,1,completed
ORD-006454,C01935,2025-07-18,60.67,3,completed
ORD-006455,C03014,2025-07-18,52.24,2,completed
ORD-006456,C03148,2025-07-18,71.73,3,completed
ORD-006457,C03366,2025-07-18,29.04,2,completed
ORD-006458,C03422,2025-07-18,105.35,11,completed
ORD-006459,C04107,2025-07-18,47.58,3,completed
ORD-006460,C04405,2025-07-18,82.41,4,completed
ORD-006461,C05235,2025-07-18,49.15,5,cancelled
ORD-006462,C05291,2025-07-18,38.02,4,completed
ORD-006463,C05638,2025-07-18,49.0,2,completed
ORD-006464,C05719,2025-07-18,64.85,3,completed
ORD-006465,C05760,2025-07-18,55.47,2,completed
ORD-006466,C05879,2025-07-18,57.85,4,completed
ORD-006467,C00222,2025-07-19,64.73,2,completed
ORD-006468,C00315,2025-07-19,43.05,5,completed
ORD-006469,C00353,2025-07-19,26.12,2,completed
ORD-006470,C00638,2025-07-19,74.54,5,completed
ORD-006471,C01558,2025-07-19,50.32,3,completed
ORD-006472,C01835,2025-07-19,85.67,4,completed
ORD-006473,C02107,2025-07-19,94.14,6,completed
ORD-006474,C02720,2025-07-19,52.59,3,completed
ORD-006475,C03883,2025-07-19,90.81,3,completed
ORD-006476,C04302,2025-07-19,87.78,8,completed
ORD-006477,C00215,2025-07-20,55.24,2,completed
ORD-006478,C01224,2025-07-20,61.26,3,completed
ORD-006479,C03164,2025-07-20,48.94,3,completed
ORD-006480,C03954,2025-07-20,34.18,2,completed
ORD-006481,C04821,2025-07-20,72.29,1,completed
ORD-006482,C04873,2025-07-20,78.47,2,completed
ORD-006483,C04960,2025-07-20,93.44,10,completed
ORD-006484,C05868,2025-07-20,56.8,3,completed
ORD-006485,C00106,2025-07-21,35.89,6,completed
ORD-006486,C00738,2025-07-21,115.19,9,completed
ORD-006487,C01476,2025-07-21,60.43,9,completed
ORD-006488,C01685,2025-07-21,24.86,2,completed
ORD-006489,C02089,2025-07-21,41.62,1,completed
ORD-006490,C02329,2025-07-21,62.91,3,completed
ORD-006491,C02641,2025-07-21,53.92,3,completed
ORD-006492,C02979,2025-07-21,44.26,2,completed
ORD-006493,C03497,2025-07-21,42.83,4,completed
ORD-006494,C03746,2025-07-21,47.17,2,completed
ORD-006495,C04001,2025-07-21,57.95,5,completed
ORD-006496,C04929,2025-07-21,92.23,3,completed
ORD-006497,C05171,2025-07-21,92.35,2,completed
ORD-006498,C05584,2025-07-21,55.85,2,refunded
ORD-006499,C05585,2025-07-21,39.02,4,completed
ORD-006500,C05814,2025-07-21,79.25,7,completed
ORD-006501,C00387,2025-07-22,126.23,4,completed
ORD-006502,C00666,2025-07-22,43.04,3,completed
ORD-006503,C01044,2025-07-22,129.57,11,completed
ORD-006504,C02207,2025-07-22,35.16,4,completed
ORD-006505,C02232,2025-07-22,39.75,2,completed
ORD-006506,C02432,2025-07-22,87.85,4,completed
ORD-006507,C03346,2025-07-22,38.78,1,completed
ORD-006508,C03505,2025-07-22,65.17,1,completed
ORD-006509,C03881,2025-07-22,82.43,4,completed
ORD-006510,C04050,2025-07-22,60.81,4,completed
ORD-006511,C04107,2025-07-22,43.96,2,completed
ORD-006512,C04245,2025-07-22,77.41,2,cancelled
ORD-006513,C05080,2025-07-22,43.22,3,completed
ORD-006514,C00118,2025-07-23,55.92,1,completed
ORD-006515,C00268,2025-07-23,51.14,3,completed
ORD-006516,C00710,2025-07-23,57.5,2,completed
ORD-006517,C00875,2025-07-23,39.08,2,completed
ORD-006518,C01032,2025-07-23,67.39,1,completed
ORD-006519,C02448,2025-07-23,51.04,2,completed
ORD-006520,C02463,2025-07-23,48.98,3,completed
ORD-006521,C02743,2025-07-23,45.13,2,completed
ORD-006522,C02854,2025-07-23,119.53,7,completed
ORD-006523,C03305,2025-07-23,98.88,5,completed
ORD-006524,C05278,2025-07-23,61.91,3,completed
ORD-006525,C05456,2025-07-23,50.79,2,completed
ORD-006526,C05691,2025-07-23,40.03,4,completed
ORD-006527,C05741,2025-07-23,60.07,5,completed
ORD-006528,C00304,2025-07-24,52.26,2,completed
ORD-006529,C00604,2025-07-24,54.91,5,completed
ORD-006530,C00638,2025-07-24,41.95,2,cancelled
ORD-006531,C01476,2025-07-24,41.98,3,completed
ORD-006532,C02193,2025-07-24,75.94,1,completed
ORD-006533,C02452,2025-07-24,31.14,3,completed
ORD-006534,C02741,2025-07-24,60.84,4,completed
ORD-006535,C03135,2025-07-24,27.77,1,completed
ORD-006536,C03292,2025-07-24,39.19,5,completed
ORD-006537,C04020,2025-07-24,37.46,4,completed
ORD-006538,C04389,2025-07-24,65.22,4,completed
ORD-006539,C05069,2025-07-24,49.86,2,completed
ORD-006540,C05260,2025-07-24,60.67,1,completed
ORD-006541,C05823,2025-07-24,110.6,5,completed
ORD-006542,C00087,2025-07-25,44.32,2,completed
ORD-006543,C00307,2025-07-25,39.73,3,completed
ORD-006544,C01469,2025-07-25,47.77,3,completed
ORD-006544,C01469,2025-07-25,47.77,3,completed
ORD-006545,C01700,2025-07-25,61.75,4,completed
ORD-006546,C03584,2025-07-25,53.77,2,completed
ORD-006547,C04453,2025-07-25,41.12,3,completed
ORD-006548,C04552,2025-07-25,57.66,3,completed
ORD-006549,C05378,2025-07-25,42.88,2,completed
ORD-006550,C05829,2025-07-25,46.83,1,completed
ORD-006551,C00085,2025-07-26,44.86,1,completed
ORD-006552,C00791,2025-07-26,43.31,4,completed
ORD-006553,C01299,2025-07-26,38.25,2,completed
ORD-006554,C02269,2025-07-26,88.47,3,completed
ORD-006555,C02345,2025-07-26,30.35,2,completed
ORD-006556,C02473,2025-07-26,69.66,1,completed
ORD-006557,C02752,2025-07-26,60.58,2,completed
ORD-006558,C02926,2025-07-26,70.35,4,completed
ORD-006559,C03074,2025-07-26,60.96,6,completed
ORD-006560,C03286,2025-07-26,56.8,2,completed
ORD-006561,C03416,2025-07-26,51.21,4,completed
ORD-006562,C03674,2025-07-26,39.64,2,completed
ORD-006563,C03825,2025-07-26,56.31,3,completed
ORD-006564,C04192,2025-07-26,35.87,1,completed
ORD-006565,C04377,2025-07-26,53.78,4,completed
ORD-006566,C04527,2025-07-26,37.37,2,completed
ORD-006567,C04558,2025-07-26,91.79,4,completed
ORD-006568,C04744,2025-07-26,86.18,3,completed
ORD-006569,C05347,2025-07-26,38.19,1,completed
ORD-006570,C05703,2025-07-26,53.15,5,completed
ORD-006571,C05779,2025-07-26,68.03,2,completed
ORD-006572,C00017,2025-07-27,59.14,2,completed
ORD-006573,C00799,2025-07-27,61.66,3,completed
ORD-006574,C01918,2025-07-27,66.52,6,completed
ORD-006575,C02754,2025-07-27,47.32,3,completed
ORD-006576,C02854,2025-07-27,59.12,4,refunded
ORD-006577,C03348,2025-07-27,69.77,3,completed
ORD-006578,C03738,2025-07-27,24.88,1,completed
ORD-006579,C04903,2025-07-27,38.57,1,completed
ORD-006579,C04903,2025-07-27,38.57,1,completed
ORD-006580,C04938,2025-07-27,50.75,2,completed
ORD-006581,C05261,2025-07-27,81.55,6,completed
ORD-006582,C05696,2025-07-27,35.03,2,completed
ORD-006583,C05768,2025-07-27,50.83,2,completed
ORD-006584,C05990,2025-07-27,69.65,2,completed
ORD-006585,C00159,2025-07-28,48.8,2,completed
ORD-006586,C00338,2025-07-28,60.4,4,completed
ORD-006587,C00608,2025-07-28,95.3,2,completed
ORD-006588,C00835,2025-07-28,73.93,3,completed
ORD-006589,C01009,2025-07-28,60.48,2,completed
ORD-006590,C02112,2025-07-28,52.84,3,completed
ORD-006591,C02184,2025-07-28,41.86,3,completed
ORD-006592,C02426,2025-07-28,48.0,2,completed
ORD-006593,C03187,2025-07-28,42.0,3,completed
ORD-006594,C03863,2025-07-28,77.56,3,completed
ORD-006595,C04181,2025-07-28,56.23,1,completed
ORD-006596,C04549,2025-07-28,82.44,3,completed
ORD-006597,C04693,2025-07-28,59.3,3,completed
ORD-006598,C05014,2025-07-28,56.21,1,completed
ORD-006599,C05303,2025-07-28,26.4,1,completed
ORD-006600,C05796,2025-07-28,66.19,3,completed
ORD-006601,C05806,2025-07-28,57.67,3,completed
ORD-006602,C00481,2025-07-29,65.34,4,completed
ORD-006603,C00578,2025-07-29,89.8,5,completed
ORD-006604,C00859,2025-07-29,64.87,1,completed
ORD-006605,C01134,2025-07-29,16.94,2,completed
ORD-006606,C01423,2025-07-29,60.83,6,completed
ORD-006607,C01488,2025-07-29,94.7,6,completed
ORD-006608,C01677,2025-07-29,60.16,4,completed
ORD-006609,C02297,2025-07-29,62.28,2,completed
ORD-006610,C02343,2025-07-29,57.96,4,completed
ORD-006611,C03797,2025-07-29,96.81,3,completed
ORD-006612,C03825,2025-07-29,66.93,4,completed
ORD-006613,C04108,2025-07-29,46.2,2,completed
ORD-006614,C04822,2025-07-29,53.01,1,completed
ORD-006615,C05344,2025-07-29,73.23,2,completed
ORD-006616,C05415,2025-07-29,36.88,2,completed
ORD-006617,C00380,2025-07-30,107.29,6,completed
ORD-006618,C01217,2025-07-30,29.0,2,completed
ORD-006619,C01217,2025-07-30,42.3,1,completed
ORD-006620,C01640,2025-07-30,56.4,4,completed
ORD-006621,C01967,2025-07-30,66.33,7,completed
ORD-006622,C02300,2025-07-30,44.42,2,completed
ORD-006623,C02647,2025-07-30,72.07,4,completed
ORD-006624,C03998,2025-07-30,95.32,3,completed
ORD-006625,C04083,2025-07-30,52.5,2,completed
ORD-006626,C04593,2025-07-30,58.58,1,completed
ORD-006627,C04673,2025-07-30,48.32,3,completed
ORD-006628,C04690,2025-07-30,47.29,3,completed
ORD-006629,C04806,2025-07-30,61.0,2,completed
ORD-006630,C05406,2025-07-30,40.35,2,completed
ORD-006631,C00079,2025-07-31,44.56,6,completed
ORD-006632,C00412,2025-07-31,89.09,3,completed
ORD-006633,C00862,2025-07-31,104.79,2,completed
ORD-006634,C02808,2025-07-31,38.83,2,completed
ORD-006635,C02896,2025-07-31,44.45,1,completed
ORD-006636,C03717,2025-07-31,46.88,2,completed
ORD-006637,C04131,2025-07-31,29.82,1,completed
ORD-006638,C04345,2025-07-31,42.64,1,completed
ORD-006639,C04852,2025-07-31,64.8,10,completed
ORD-006640,C05280,2025-07-31,33.42,3,completed
ORD-006641,C05893,2025-07-31,52.13,9,completed
ORD-006642,C00556,2025-08-01,32.22,4,completed
ORD-006643,C00609,2025-08-01,88.37,3,completed
ORD-006644,C01125,2025-08-01,49.35,1,completed
ORD-006645,C01861,2025-08-01,72.71,5,completed
ORD-006646,C02665,2025-08-01,64.53,3,completed
ORD-006647,C03069,2025-08-01,55.79,7,completed
ORD-006648,C03358,2025-08-01,41.22,2,completed
ORD-006649,C03847,2025-08-01,44.95,2,completed
ORD-006650,C04233,2025-08-01,28.22,2,completed
ORD-006651,C04604,2025-08-01,64.24,2,completed
ORD-006652,C05435,2025-08-01,75.11,3,completed
ORD-006653,C00616,2025-08-02,85.23,6,completed
ORD-006654,C00857,2025-08-02,55.66,1,completed
ORD-006655,C01410,2025-08-02,130.8,4,completed
ORD-006656,C01672,2025-08-02,48.55,4,completed
ORD-006657,C01840,2025-08-02,37.91,3,completed
ORD-006658,C01973,2025-08-02,71.13,4,completed
ORD-006659,C01979,2025-08-02,64.12,4,completed
ORD-006660,C02463,2025-08-02,74.27,1,completed
ORD-006661,C02466,2025-08-02,80.27,6,completed
ORD-006662,C03710,2025-08-02,52.49,7,completed
ORD-006663,C04047,2025-08-02,117.2,8,completed
ORD-006664,C04522,2025-08-02,95.71,5,completed
ORD-006665,C04525,2025-08-02,38.4,1,cancelled
ORD-006666,C05166,2025-08-02,58.64,8,completed
ORD-006667,C05207,2025-08-02,72.31,3,completed
ORD-006668,C05434,2025-08-02,62.76,6,completed
ORD-006669,C05557,2025-08-02,65.01,5,completed
ORD-006670,C00122,2025-08-03,29.3,2,completed
ORD-006671,C00331,2025-08-03,49.0,3,completed
ORD-006672,C00443,2025-08-03,58.45,3,completed
ORD-006673,C00930,2025-08-03,55.82,2,completed
ORD-006674,C01157,2025-08-03,36.22,2,completed
ORD-006675,C01200,2025-08-03,26.27,2,completed
ORD-006676,C01677,2025-08-03,65.68,3,completed
ORD-006677,C01827,2025-08-03,19.94,1,completed
ORD-006678,C01922,2025-08-03,73.38,2,completed
ORD-006679,C03002,2025-08-03,64.56,2,completed
ORD-006680,C03021,2025-08-03,46.41,2,completed
ORD-006681,C03147,2025-08-03,43.68,1,completed
ORD-006682,C03532,2025-08-03,55.15,2,refunded
ORD-006683,C05571,2025-08-03,90.52,6,completed
ORD-006684,C05627,2025-08-03,44.41,1,completed
ORD-006685,C05864,2025-08-03,77.07,5,cancelled
ORD-006686,C00501,2025-08-04,24.57,2,completed
ORD-006687,C00831,2025-08-04,37.19,4,completed
ORD-006688,C01507,2025-08-04,62.05,2,completed
ORD-006689,C01694,2025-08-04,57.19,2,refunded
ORD-006690,C02830,2025-08-04,40.19,3,completed
ORD-006691,C04684,2025-08-04,67.14,3,completed
ORD-006692,C04871,2025-08-04,47.24,4,completed
ORD-006693,C00801,2025-08-05,151.02,11,completed
ORD-006694,C01029,2025-08-05,117.06,7,completed
ORD-006695,C01172,2025-08-05,36.04,1,completed
ORD-006696,C01825,2025-08-05,73.15,3,completed
ORD-006697,C02163,2025-08-05,38.58,4,completed
ORD-006698,C02456,2025-08-05,96.97,3,completed
ORD-006699,C03317,2025-08-05,55.66,2,completed
ORD-006700,C03681,2025-08-05,47.29,3,completed
ORD-006701,C04522,2025-08-05,71.42,4,completed
ORD-006702,C05209,2025-08-05,63.97,4,completed
ORD-006703,C05786,2025-08-05,71.65,4,completed
ORD-006704,C00216,2025-08-06,37.34,4,completed
ORD-006705,C00456,2025-08-06,64.78,4,completed
ORD-006706,C00641,2025-08-06,66.05,3,completed
ORD-006707,C01965,2025-08-06,70.62,2,completed
ORD-006708,C02230,2025-08-06,51.11,1,completed
ORD-006709,C02686,2025-08-06,45.53,3,refunded
ORD-006710,C02793,2025-08-06,29.08,1,completed
ORD-006711,C02826,2025-08-06,19.74,1,completed
ORD-006712,C04834,2025-08-06,37.45,1,completed
ORD-006713,C04958,2025-08-06,42.97,7,completed
ORD-006714,C05444,2025-08-06,105.78,2,completed
ORD-006715,C05464,2025-08-06,111.16,5,completed
ORD-006716,C05964,2025-08-06,48.23,2,completed
ORD-006717,C00472,2025-08-07,58.03,2,completed
ORD-006718,C00983,2025-08-07,71.16,3,completed
ORD-006719,C02552,2025-08-07,24.07,1,completed
ORD-006720,C02726,2025-08-07,41.35,3,completed
ORD-006721,C03395,2025-08-07,90.29,3,completed
ORD-006722,C04328,2025-08-07,42.22,4,completed
ORD-006723,C05079,2025-08-07,92.55,5,completed
ORD-006724,C05098,2025-08-07,31.49,3,completed
ORD-006725,C00253,2025-08-08,49.82,4,completed
ORD-006726,C00518,2025-08-08,104.79,7,completed
ORD-006727,C00587,2025-08-08,19.3,2,completed
ORD-006728,C00697,2025-08-08,31.44,1,completed
ORD-006729,C00861,2025-08-08,29.99,3,completed
ORD-006730,C01793,2025-08-08,41.24,3,completed
ORD-006731,C01813,2025-08-08,61.75,2,completed
ORD-006732,C02669,2025-08-08,46.84,1,completed
ORD-006733,C02677,2025-08-08,70.63,4,completed
ORD-006734,C03022,2025-08-08,29.54,2,completed
ORD-006735,C03381,2025-08-08,78.86,2,completed
ORD-006736,C03578,2025-08-08,72.25,4,completed
ORD-006737,C04299,2025-08-08,72.92,2,completed
ORD-006738,C04360,2025-08-08,49.0,3,completed
ORD-006739,C04413,2025-08-08,51.67,4,cancelled
ORD-006740,C04587,2025-08-08,79.1,6,completed
ORD-006741,C04597,2025-08-08,47.25,4,completed
ORD-006742,C04871,2025-08-08,78.52,3,completed
ORD-006743,C04952,2025-08-08,88.06,4,completed
ORD-006744,C05236,2025-08-08,60.13,2,completed
ORD-006745,C05332,2025-08-08,65.21,4,completed
ORD-006746,C00871,2025-08-09,66.34,7,completed
ORD-006747,C01240,2025-08-09,121.64,5,completed
ORD-006748,C01319,2025-08-09,42.18,1,completed
ORD-006749,C01747,2025-08-09,28.44,4,completed
ORD-006750,C03105,2025-08-09,65.19,4,completed
ORD-006751,C05760,2025-08-09,51.57,3,completed
ORD-006752,C05979,2025-08-09,153.16,9,completed
ORD-006753,C00031,2025-08-10,34.23,2,completed
ORD-006754,C00256,2025-08-10,42.92,2,completed
ORD-006755,C00439,2025-08-10,32.24,2,completed
ORD-006756,C01086,2025-08-10,78.98,4,completed
ORD-006757,C01344,2025-08-10,92.63,10,completed
ORD-006758,C01510,2025-08-10,50.35,2,completed
ORD-006759,C01681,2025-08-10,78.14,3,completed
ORD-006760,C02365,2025-08-10,80.31,3,completed
ORD-006761,C02456,2025-08-10,122.18,5,completed
ORD-006762,C02654,2025-08-10,56.04,2,completed
ORD-006762,C02654,2025-08-10,56.04,2,completed
ORD-006763,C02679,2025-08-10,55.43,3,completed
ORD-006764,C02896,2025-08-10,47.95,1,completed
ORD-006765,C02944,2025-08-10,109.85,6,completed
ORD-006766,C03004,2025-08-10,53.18,3,completed
ORD-006767,C03579,2025-08-10,63.6,5,completed
ORD-006768,C03707,2025-08-10,65.95,1,completed
ORD-006769,C04365,2025-08-10,87.57,6,completed
ORD-006770,C04713,2025-08-10,85.56,3,completed
ORD-006771,C04736,2025-08-10,122.97,7,completed
ORD-006772,C04873,2025-08-10,54.21,3,completed
ORD-006773,C05490,2025-08-10,29.5,1,completed
ORD-006774,C05763,2025-08-10,52.98,3,completed
ORD-006775,C00189,2025-08-11,45.52,2,completed
ORD-006776,C00351,2025-08-11,43.05,2,completed
ORD-006777,C00488,2025-08-11,33.73,3,completed
ORD-006778,C00856,2025-08-11,116.77,7,cancelled
ORD-006779,C01054,2025-08-11,109.36,3,completed
ORD-006780,C01217,2025-08-11,31.28,3,completed
ORD-006781,C01245,2025-08-11,99.86,4,completed
ORD-006782,C01514,2025-08-11,49.11,3,completed
ORD-006783,C01611,2025-08-11,48.36,6,completed
ORD-006784,C01626,2025-08-11,104.95,8,completed
ORD-006785,C01736,2025-08-11,59.71,3,completed
ORD-006786,C02101,2025-08-11,42.25,3,completed
ORD-006787,C02278,2025-08-11,61.67,4,completed
ORD-006788,C02563,2025-08-11,40.22,6,completed
ORD-006789,C02709,2025-08-11,53.6,3,completed
ORD-006790,C03057,2025-08-11,132.34,6,cancelled
ORD-006791,C03488,2025-08-11,38.39,2,completed
ORD-006792,C03863,2025-08-11,41.34,1,completed
ORD-006793,C04205,2025-08-11,67.97,3,completed
ORD-006794,C04277,2025-08-11,40.9,3,completed
ORD-006795,C04402,2025-08-11,126.23,3,completed
ORD-006796,C04556,2025-08-11,50.3,3,completed
ORD-006797,C04558,2025-08-11,68.91,3,completed
ORD-006798,C04617,2025-08-11,57.06,2,completed
ORD-006799,C04724,2025-08-11,70.64,3,completed
ORD-006800,C05168,2025-08-11,23.98,1,completed
ORD-006801,C05361,2025-08-11,48.02,3,completed
ORD-006802,C05660,2025-08-11,73.29,4,completed
ORD-006803,C05770,2025-08-11,38.64,1,completed
ORD-006804,C05923,2025-08-11,70.51,4,completed
ORD-006805,C00159,2025-08-12,48.18,1,completed
ORD-006806,C00180,2025-08-12,74.12,5,completed
ORD-006807,C00180,2025-08-12,61.91,3,completed
ORD-006808,C00471,2025-08-12,62.38,5,completed
ORD-006809,C01147,2025-08-12,43.82,2,completed
ORD-006810,C01376,2025-08-12,88.65,4,completed
ORD-006811,C01538,2025-08-12,55.28,4,completed
ORD-006812,C01598,2025-08-12,63.99,5,completed
ORD-006813,C02235,2025-08-12,56.14,4,completed
ORD-006814,C02389,2025-08-12,59.34,2,completed
ORD-006815,C02741,2025-08-12,119.55,6,completed
ORD-006816,C02859,2025-08-12,66.4,3,completed
ORD-006817,C03216,2025-08-12,54.75,1,completed
ORD-006818,C03272,2025-08-12,59.05,1,cancelled
ORD-006819,C03440,2025-08-12,60.68,4,completed
ORD-006820,C03704,2025-08-12,52.92,5,completed
ORD-006821,C04089,2025-08-12,26.72,4,completed
ORD-006822,C04917,2025-08-12,17.14,3,completed
ORD-006823,C05348,2025-08-12,48.6,5,completed
ORD-006824,C05453,2025-08-12,37.22,1,completed
ORD-006825,C00107,2025-08-13,34.87,2,completed
ORD-006826,C00184,2025-08-13,60.58,3,completed
ORD-006827,C00268,2025-08-13,33.73,1,completed
ORD-006828,C00617,2025-08-13,74.81,4,completed
ORD-006829,C01022,2025-08-13,45.97,3,completed
ORD-006830,C01155,2025-08-13,45.04,3,completed
ORD-006831,C01176,2025-08-13,83.09,4,completed
ORD-006832,C01683,2025-08-13,59.13,3,completed
ORD-006833,C01733,2025-08-13,50.37,2,completed
ORD-006834,C01884,2025-08-13,55.29,5,completed
ORD-006835,C03045,2025-08-13,29.65,2,completed
ORD-006836,C03158,2025-08-13,113.98,5,completed
ORD-006837,C03486,2025-08-13,51.54,2,completed
ORD-006838,C03769,2025-08-13,53.53,1,completed
ORD-006839,C04373,2025-08-13,71.96,1,completed
ORD-006840,C04788,2025-08-13,52.54,3,completed
ORD-006841,C05695,2025-08-13,52.07,4,completed
ORD-006842,C00243,2025-08-14,54.24,3,completed
ORD-006843,C00542,2025-08-14,39.18,3,completed
ORD-006844,C00992,2025-08-14,116.36,7,completed
ORD-006845,C01181,2025-08-14,23.04,5,completed
ORD-006846,C01548,2025-08-14,76.82,4,completed
ORD-006847,C01723,2025-08-14,44.99,5,completed
ORD-006848,C02267,2025-08-14,51.21,3,completed
ORD-006849,C02335,2025-08-14,69.99,7,completed
ORD-006850,C02573,2025-08-14,38.72,2,completed
ORD-006851,C03010,2025-08-14,133.39,6,completed
ORD-006852,C03465,2025-08-14,39.41,2,completed
ORD-006853,C03746,2025-08-14,53.87,2,completed
ORD-006854,C03754,2025-08-14,51.59,6,completed
ORD-006855,C04206,2025-08-14,53.55,4,completed
ORD-006856,C05255,2025-08-14,103.69,2,completed
ORD-006857,C05779,2025-08-14,62.6,7,completed
ORD-006858,C05854,2025-08-14,40.87,2,completed
ORD-006859,C00634,2025-08-15,68.15,2,completed
ORD-006860,C00689,2025-08-15,117.89,8,completed
ORD-006861,C01174,2025-08-15,61.83,3,completed
ORD-006862,C01295,2025-08-15,55.46,2,completed
ORD-006863,C01626,2025-08-15,60.63,5,completed
ORD-006864,C02026,2025-08-15,64.3,4,completed
ORD-006865,C02174,2025-08-15,79.6,4,completed
ORD-006866,C02199,2025-08-15,75.06,6,completed
ORD-006867,C02403,2025-08-15,42.62,2,completed
ORD-006868,C03695,2025-08-15,88.19,4,completed
ORD-006869,C04895,2025-08-15,46.18,1,completed
ORD-006870,C05199,2025-08-15,65.41,4,completed
ORD-006871,C05352,2025-08-15,42.09,2,completed
ORD-006872,C05536,2025-08-15,59.49,4,completed
ORD-006873,C05580,2025-08-15,41.42,1,completed
ORD-006874,C05754,2025-08-15,52.47,3,completed
ORD-006875,C05841,2025-08-15,52.4,3,completed
ORD-006876,C00190,2025-08-16,88.66,5,completed
ORD-006877,C00895,2025-08-16,42.91,1,completed
ORD-006878,C00920,2025-08-16,150.65,8,completed
ORD-006879,C01257,2025-08-16,62.59,1,completed
ORD-006880,C01641,2025-08-16,23.17,1,completed
ORD-006881,C01819,2025-08-16,76.55,3,completed
ORD-006882,C01996,2025-08-16,47.9,2,completed
ORD-006883,C02063,2025-08-16,39.8,1,completed
ORD-006884,C02147,2025-08-16,82.94,2,cancelled
ORD-006885,C02273,2025-08-16,66.04,2,completed
ORD-006886,C02604,2025-08-16,32.0,4,completed
ORD-006887,C02740,2025-08-16,54.43,2,completed
ORD-006888,C02775,2025-08-16,83.36,4,completed
ORD-006889,C03714,2025-08-16,99.25,7,completed
ORD-006890,C04042,2025-08-16,57.24,1,completed
ORD-006891,C04088,2025-08-16,63.71,2,completed
ORD-006892,C05113,2025-08-16,34.5,1,completed
ORD-006893,C05391,2025-08-16,63.62,5,completed
ORD-006894,C05679,2025-08-16,49.01,4,completed
ORD-006895,C00549,2025-08-17,36.51,1,completed
ORD-006896,C00660,2025-08-17,63.36,4,completed
ORD-006897,C01303,2025-08-17,50.68,3,completed
ORD-006898,C01854,2025-08-17,64.39,3,completed
ORD-006899,C02392,2025-08-17,45.12,1,completed
ORD-006900,C02440,2025-08-17,31.81,2,completed
ORD-006901,C02490,2025-08-17,39.14,2,completed
ORD-006902,C02747,2025-08-17,52.96,4,completed
ORD-006903,C02990,2025-08-17,49.99,3,completed
ORD-006904,C03516,2025-08-17,110.13,10,completed
ORD-006905,C03646,2025-08-17,66.01,2,completed
ORD-006906,C04567,2025-08-17,112.69,4,completed
ORD-006907,C05810,2025-08-17,60.4,2,completed
ORD-006908,C05977,2025-08-17,59.57,4,refunded
ORD-006909,C02132,2025-08-18,54.98,2,cancelled
ORD-006910,C02302,2025-08-18,82.6,4,completed
ORD-006911,C02430,2025-08-18,144.06,7,completed
ORD-006912,C02709,2025-08-18,70.66,4,completed
ORD-006913,C03297,2025-08-18,77.98,2,completed
ORD-006914,C03448,2025-08-18,81.61,7,completed
ORD-006915,C03674,2025-08-18,61.26,4,completed
ORD-006916,C03730,2025-08-18,40.7,2,completed
ORD-006917,C03794,2025-08-18,40.54,3,completed
ORD-006918,C04108,2025-08-18,69.58,7,completed
ORD-006919,C04270,2025-08-18,69.8,5,completed
ORD-006920,C04398,2025-08-18,35.96,3,completed
ORD-006921,C04509,2025-08-18,62.05,3,completed
ORD-006922,C04616,2025-08-18,48.04,3,completed
ORD-006923,C04818,2025-08-18,70.68,5,completed
ORD-006924,C04931,2025-08-18,68.6,6,completed
ORD-006925,C05151,2025-08-18,75.17,4,completed
ORD-006926,C05276,2025-08-18,61.85,5,completed
ORD-006927,C00021,2025-08-19,47.3,2,completed
ORD-006928,C00117,2025-08-19,112.45,5,completed
ORD-006929,C00209,2025-08-19,79.77,6,completed
ORD-006930,C00837,2025-08-19,68.48,3,completed
ORD-006931,C01073,2025-08-19,49.23,3,completed
ORD-006932,C01211,2025-08-19,54.49,3,completed
ORD-006933,C02855,2025-08-19,38.58,2,completed
ORD-006934,C03498,2025-08-19,57.93,5,completed
ORD-006935,C03712,2025-08-19,55.68,2,completed
ORD-006936,C03779,2025-08-19,54.47,1,completed
ORD-006937,C04800,2025-08-19,39.4,4,completed
ORD-006938,C05092,2025-08-19,82.57,4,refunded
ORD-006939,C05704,2025-08-19,38.07,2,completed
ORD-006940,C00081,2025-08-20,45.67,3,completed
ORD-006941,C00934,2025-08-20,36.68,3,completed
ORD-006942,C01218,2025-08-20,39.44,2,completed
ORD-006943,C01401,2025-08-20,55.33,5,completed
ORD-006944,C01524,2025-08-20,61.4,5,completed
ORD-006945,C01673,2025-08-20,32.18,1,completed
ORD-006946,C01817,2025-08-20,20.45,1,completed
ORD-006947,C01850,2025-08-20,135.55,4,completed
ORD-006948,C01892,2025-08-20,33.43,2,completed
ORD-006949,C02642,2025-08-20,32.64,2,completed
ORD-006950,C03223,2025-08-20,95.16,5,completed
ORD-006951,C04245,2025-08-20,38.71,4,completed
ORD-006952,C04392,2025-08-20,54.85,1,completed
ORD-006953,C04683,2025-08-20,81.45,2,completed
ORD-006954,C05026,2025-08-20,60.59,3,completed
ORD-006955,C05280,2025-08-20,31.36,2,completed
ORD-006956,C05753,2025-08-20,21.57,3,completed
ORD-006957,C05803,2025-08-20,55.86,4,completed
ORD-006958,C00007,2025-08-21,131.12,6,completed
ORD-006959,C00308,2025-08-21,101.48,5,completed
ORD-006960,C00424,2025-08-21,77.72,3,completed
ORD-006961,C00602,2025-08-21,26.85,2,completed
ORD-006962,C01833,2025-08-21,41.66,2,completed
ORD-006963,C01965,2025-08-21,85.98,6,completed
ORD-006964,C03013,2025-08-21,44.72,2,completed
ORD-006965,C03085,2025-08-21,70.65,3,cancelled
ORD-006966,C03104,2025-08-21,148.49,11,completed
ORD-006967,C03109,2025-08-21,77.86,4,completed
ORD-006968,C03136,2025-08-21,72.01,3,completed
ORD-006969,C03201,2025-08-21,122.06,8,completed
ORD-006970,C03571,2025-08-21,97.42,6,completed
ORD-006971,C04784,2025-08-21,106.3,6,completed
ORD-006972,C05347,2025-08-21,47.3,2,completed
ORD-006973,C00217,2025-08-22,75.08,2,completed
ORD-006974,C00371,2025-08-22,66.61,3,completed
ORD-006975,C00567,2025-08-22,55.56,5,completed
ORD-006976,C00827,2025-08-22,112.71,6,completed
ORD-006977,C01088,2025-08-22,63.36,3,completed
ORD-006978,C01556,2025-08-22,71.47,3,completed
ORD-006979,C01953,2025-08-22,51.21,2,completed
ORD-006980,C02386,2025-08-22,47.07,2,completed
ORD-006981,C02456,2025-08-22,96.76,2,completed
ORD-006982,C03096,2025-08-22,53.46,4,completed
ORD-006983,C03268,2025-08-22,56.3,1,completed
ORD-006984,C04376,2025-08-22,73.44,1,completed
ORD-006985,C04519,2025-08-22,64.77,7,completed
ORD-006986,C04552,2025-08-22,96.88,5,completed
ORD-006987,C05040,2025-08-22,63.78,2,completed
ORD-006988,C05295,2025-08-22,84.09,3,completed
ORD-006989,C05721,2025-08-22,40.8,1,completed
ORD-006990,C00064,2025-08-23,68.35,4,refunded
ORD-006991,C00357,2025-08-23,60.91,3,completed
ORD-006992,C00505,2025-08-23,46.38,3,completed
ORD-006993,C00911,2025-08-23,48.77,3,completed
ORD-006994,C01087,2025-08-23,71.43,1,completed
ORD-006995,C02040,2025-08-23,42.57,1,completed
ORD-006996,C02139,2025-08-23,42.78,3,completed
ORD-006997,C02222,2025-08-23,59.33,5,completed
ORD-006998,C02288,2025-08-23,44.98,2,completed
ORD-006999,C02318,2025-08-23,60.23,6,completed
ORD-007000,C02343,2025-08-23,51.29,1,completed
ORD-007001,C02343,2025-08-23,56.71,5,completed
ORD-007002,C02365,2025-08-23,137.94,9,completed
ORD-007003,C02744,2025-08-23,38.78,2,completed
ORD-007004,C03043,2025-08-23,31.92,1,completed
ORD-007005,C03272,2025-08-23,67.15,4,cancelled
ORD-007006,C04092,2025-08-23,74.71,4,completed
ORD-007007,C05640,2025-08-23,51.19,1,completed
ORD-007008,C05941,2025-08-23,90.7,8,completed
ORD-007009,C00553,2025-08-24,43.49,5,completed
ORD-007010,C01766,2025-08-24,133.5,4,completed
ORD-007011,C01791,2025-08-24,51.53,3,completed
ORD-007012,C01837,2025-08-24,122.41,8,completed
ORD-007013,C01869,2025-08-24,25.74,2,completed
ORD-007014,C02423,2025-08-24,50.63,3,completed
ORD-007015,C02505,2025-08-24,50.86,3,completed
ORD-007016,C03520,2025-08-24,55.97,4,completed
ORD-007017,C03581,2025-08-24,69.55,4,completed
ORD-007018,C03883,2025-08-24,79.91,2,completed
ORD-007019,C03883,2025-08-24,89.5,6,completed
ORD-007020,C04347,2025-08-24,73.65,6,completed
ORD-007021,C05067,2025-08-24,47.88,3,completed
ORD-007022,C05098,2025-08-24,47.2,2,completed
ORD-007023,C05331,2025-08-24,64.86,5,completed
ORD-007024,C05838,2025-08-24,61.59,4,completed
ORD-007025,C00481,2025-08-25,82.64,1,completed
ORD-007026,C00976,2025-08-25,67.14,1,completed
ORD-007027,C01219,2025-08-25,91.38,4,completed
ORD-007028,C01295,2025-08-25,68.54,5,completed
ORD-007029,C01584,2025-08-25,59.06,4,completed
ORD-007030,C02143,2025-08-25,78.76,2,completed
ORD-007031,C02591,2025-08-25,52.8,2,completed
ORD-007032,C02849,2025-08-25,46.48,1,completed
ORD-007033,C02926,2025-08-25,49.71,3,completed
ORD-007034,C04115,2025-08-25,46.93,1,completed
ORD-007035,C04172,2025-08-25,29.09,1,completed
ORD-007036,C04220,2025-08-25,46.31,2,completed
ORD-007037,C05003,2025-08-25,53.34,3,completed
ORD-007038,C05118,2025-08-25,34.08,2,completed
ORD-007039,C05228,2025-08-25,42.67,3,completed
ORD-007040,C05920,2025-08-25,67.52,3,completed
ORD-007041,C00160,2025-08-26,51.41,3,cancelled
ORD-007042,C00574,2025-08-26,60.95,2,completed
ORD-007043,C01129,2025-08-26,28.63,2,completed
ORD-007044,C01839,2025-08-26,91.85,5,completed
ORD-007045,C02564,2025-08-26,91.36,3,completed
ORD-007046,C03821,2025-08-26,63.56,2,completed
ORD-007047,C04586,2025-08-26,38.4,4,completed
ORD-007048,C04724,2025-08-26,54.73,1,completed
ORD-007049,C05628,2025-08-26,51.8,5,completed
ORD-007050,C05689,2025-08-26,90.56,4,completed
ORD-007051,C05697,2025-08-26,45.94,1,completed
ORD-007052,C00189,2025-08-27,69.22,3,completed
ORD-007053,C00568,2025-08-27,70.75,3,completed
ORD-007054,C00834,2025-08-27,37.3,3,completed
ORD-007055,C01137,2025-08-27,57.99,1,completed
ORD-007056,C01295,2025-08-27,30.7,3,completed
ORD-007057,C01461,2025-08-27,70.98,2,completed
ORD-007058,C01716,2025-08-27,45.34,1,completed
ORD-007059,C02149,2025-08-27,78.59,2,completed
ORD-007060,C02153,2025-08-27,69.08,2,completed
ORD-007061,C02531,2025-08-27,47.92,3,completed
ORD-007062,C02800,2025-08-27,147.49,5,completed
ORD-007063,C03201,2025-08-27,69.34,4,completed
ORD-007064,C04113,2025-08-27,39.95,2,completed
ORD-007065,C04500,2025-08-27,88.66,7,completed
ORD-007066,C04531,2025-08-27,49.65,2,completed
ORD-007067,C04557,2025-08-27,66.46,6,completed
ORD-007068,C04630,2025-08-27,77.9,3,completed
ORD-007069,C05200,2025-08-27,61.38,3,completed
ORD-007070,C05829,2025-08-27,60.84,3,completed
ORD-007071,C05845,2025-08-27,81.58,3,completed
ORD-007072,C00185,2025-08-28,62.47,2,completed
ORD-007073,C00432,2025-08-28,31.93,2,completed
ORD-007074,C00529,2025-08-28,69.33,5,completed
ORD-007075,C01149,2025-08-28,62.23,2,completed
ORD-007076,C01598,2025-08-28,39.01,2,completed
ORD-007077,C01613,2025-08-28,47.47,1,completed
ORD-007078,C01965,2025-08-28,74.31,4,completed
ORD-007079,C02063,2025-08-28,53.72,5,completed
ORD-007080,C02130,2025-08-28,40.83,2,completed
ORD-007081,C02252,2025-08-28,80.89,6,completed
ORD-007082,C03309,2025-08-28,59.77,2,cancelled
ORD-007083,C04005,2025-08-28,97.09,6,completed
ORD-007084,C05693,2025-08-28,86.79,4,completed
ORD-007085,C05711,2025-08-28,40.16,1,completed
ORD-007086,C05795,2025-08-28,37.32,2,completed
ORD-007087,C05825,2025-08-28,50.17,5,completed
ORD-007088,C00639,2025-08-29,19.62,2,completed
ORD-007089,C00779,2025-08-29,33.74,4,completed
ORD-007090,C00935,2025-08-29,42.97,4,completed
ORD-007091,C01348,2025-08-29,41.24,3,completed
ORD-007092,C02487,2025-08-29,63.47,2,completed
ORD-007093,C02614,2025-08-29,61.57,3,completed
ORD-007094,C03702,2025-08-29,49.59,5,completed
ORD-007095,C04234,2025-08-29,85.98,2,completed
ORD-007096,C04245,2025-08-29,80.32,5,completed
ORD-007097,C04523,2025-08-29,48.75,5,completed
ORD-007098,C04558,2025-08-29,82.03,3,completed
ORD-007099,C04587,2025-08-29,73.5,4,completed
ORD-007100,C05589,2025-08-29,81.58,5,completed
ORD-007101,C05967,2025-08-29,102.99,6,cancelled
ORD-007102,C00001,2025-08-30,18.12,2,completed
ORD-007103,C00251,2025-08-30,40.12,2,completed
ORD-007104,C00367,2025-08-30,24.74,2,completed
ORD-007105,C00387,2025-08-30,152.88,5,completed
ORD-007106,C00539,2025-08-30,35.4,4,completed
ORD-007107,C00578,2025-08-30,154.7,8,completed
ORD-007108,C00666,2025-08-30,69.92,5,completed
ORD-007109,C01106,2025-08-30,43.47,1,completed
ORD-007110,C01160,2025-08-30,37.99,1,completed
ORD-007111,C01331,2025-08-30,53.94,3,completed
ORD-007112,C01435,2025-08-30,102.92,5,completed
ORD-007113,C01772,2025-08-30,47.17,3,completed
ORD-007114,C01884,2025-08-30,69.5,3,completed
ORD-007115,C02138,2025-08-30,36.22,4,completed
ORD-007116,C02426,2025-08-30,43.14,1,completed
ORD-007117,C02665,2025-08-30,67.89,3,completed
ORD-007118,C03006,2025-08-30,63.3,3,completed
ORD-007119,C03349,2025-08-30,88.36,2,completed
ORD-007120,C03969,2025-08-30,69.74,2,completed
ORD-007121,C04206,2025-08-30,80.51,5,completed
ORD-007122,C04416,2025-08-30,53.86,1,completed
ORD-007123,C04843,2025-08-30,79.63,6,completed
ORD-007124,C04864,2025-08-30,43.2,1,completed
ORD-007125,C05007,2025-08-30,58.15,5,completed
ORD-007126,C05412,2025-08-30,62.11,5,completed
ORD-007127,C05674,2025-08-30,46.39,2,completed
ORD-007128,C05823,2025-08-30,104.56,7,completed
ORD-007129,C05877,2025-08-30,40.64,2,completed
ORD-007130,C00307,2025-08-31,65.75,8,completed
ORD-007131,C00362,2025-08-31,77.32,4,completed
ORD-007132,C01068,2025-08-31,26.84,4,completed
ORD-007133,C01612,2025-08-31,65.41,4,completed
ORD-007134,C01847,2025-08-31,54.85,2,completed
ORD-007135,C01933,2025-08-31,44.74,4,completed
ORD-007136,C02530,2025-08-31,59.84,2,completed
ORD-007137,C02609,2025-08-31,75.96,5,completed
ORD-007138,C02952,2025-08-31,29.37,2,completed
ORD-007139,C03891,2025-08-31,59.95,7,completed
ORD-007140,C04179,2025-08-31,111.74,3,completed
ORD-007141,C04258,2025-08-31,53.59,4,completed
ORD-007142,C04487,2025-08-31,101.15,10,completed
ORD-007143,C04700,2025-08-31,51.1,3,completed
ORD-007144,C04850,2025-08-31,42.29,4,completed
ORD-007145,C05336,2025-08-31,137.31,6,completed
ORD-007146,C00201,2025-09-01,43.9,2,completed
ORD-007147,C00418,2025-09-01,84.27,4,completed
ORD-007148,C00621,2025-09-01,45.87,1,completed
ORD-007149,C00947,2025-09-01,63.04,2,completed
ORD-007150,C00957,2025-09-01,54.67,4,completed
ORD-007151,C01048,2025-09-01,23.49,1,completed
ORD-007152,C02455,2025-09-01,67.31,5,completed
ORD-007153,C02515,2025-09-01,183.97,10,completed
ORD-007154,C03139,2025-09-01,53.67,3,completed
ORD-007155,C03954,2025-09-01,22.01,2,completed
ORD-007156,C05896,2025-09-01,97.83,7,completed
ORD-007157,C05918,2025-09-01,45.53,1,completed
ORD-007158,C00025,2025-09-02,48.72,3,completed
ORD-007159,C00105,2025-09-02,67.61,5,cancelled
ORD-007160,C00299,2025-09-02,47.18,2,completed
ORD-007161,C00301,2025-09-02,80.34,7,completed
ORD-007162,C00514,2025-09-02,51.69,4,completed
ORD-007163,C00934,2025-09-02,44.05,2,completed
ORD-007164,C01740,2025-09-02,42.0,1,completed
ORD-007165,C02358,2025-09-02,69.75,4,completed
ORD-007166,C02456,2025-09-02,62.63,4,completed
ORD-007167,C02984,2025-09-02,51.92,2,completed
ORD-007168,C03589,2025-09-02,58.08,4,completed
ORD-007169,C03798,2025-09-02,48.99,3,completed
ORD-007170,C04031,2025-09-02,75.87,8,completed
ORD-007171,C04339,2025-09-02,85.39,2,completed
ORD-007172,C04400,2025-09-02,74.77,4,completed
ORD-007173,C04743,2025-09-02,83.21,4,completed
ORD-007174,C05011,2025-09-02,50.41,1,completed
ORD-007175,C05386,2025-09-02,38.67,2,completed
ORD-007176,C00056,2025-09-03,87.18,7,completed
ORD-007177,C00383,2025-09-03,57.23,1,completed
ORD-007178,C00488,2025-09-03,47.38,2,completed
ORD-007179,C00515,2025-09-03,83.13,4,completed
ORD-007180,C00538,2025-09-03,93.02,8,completed
ORD-007181,C00749,2025-09-03,37.65,4,completed
ORD-007182,C00976,2025-09-03,67.89,4,refunded
ORD-007183,C01429,2025-09-03,53.32,2,completed
ORD-007184,C01584,2025-09-03,48.02,1,completed
ORD-007185,C01675,2025-09-03,27.02,1,completed
ORD-007186,C01686,2025-09-03,50.73,2,completed
ORD-007187,C03084,2025-09-03,31.55,1,completed
ORD-007188,C03704,2025-09-03,28.93,2,completed
ORD-007189,C04523,2025-09-03,73.93,3,completed
ORD-007190,C05027,2025-09-03,85.69,3,completed
ORD-007191,C00345,2025-09-04,132.43,10,completed
ORD-007192,C00403,2025-09-04,64.47,2,completed
ORD-007193,C00546,2025-09-04,33.89,3,completed
ORD-007194,C00606,2025-09-04,58.87,2,completed
ORD-007195,C01404,2025-09-04,52.5,7,completed
ORD-007196,C01494,2025-09-04,56.7,2,completed
ORD-007197,C01537,2025-09-04,45.55,4,completed
ORD-007198,C01772,2025-09-04,51.16,7,completed
ORD-007199,C02069,2025-09-04,41.22,1,completed
ORD-007200,C02537,2025-09-04,44.52,2,completed
ORD-007201,C03456,2025-09-04,44.33,2,completed
ORD-007202,C05331,2025-09-04,59.6,3,completed
ORD-007203,C00080,2025-09-05,37.46,2,completed
ORD-007204,C00139,2025-09-05,74.76,5,completed
ORD-007205,C00459,2025-09-05,49.23,4,completed
ORD-007206,C00708,2025-09-05,65.91,5,completed
ORD-007207,C00863,2025-09-05,75.9,6,completed
ORD-007208,C01240,2025-09-05,75.91,5,completed
ORD-007209,C01663,2025-09-05,141.88,11,completed
ORD-007210,C02036,2025-09-05,23.24,2,completed
ORD-007211,C02746,2025-09-05,78.36,3,completed
ORD-007212,C03054,2025-09-05,147.87,6,completed
ORD-007213,C04241,2025-09-05,20.24,1,completed
ORD-007214,C04275,2025-09-05,82.76,3,cancelled
ORD-007215,C04717,2025-09-05,50.4,1,completed
ORD-007216,C04948,2025-09-05,41.67,2,completed
ORD-007217,C05087,2025-09-05,90.59,5,completed
ORD-007218,C05368,2025-09-05,76.33,5,refunded
ORD-007219,C05383,2025-09-05,61.92,3,completed
ORD-007220,C05643,2025-09-05,55.49,4,completed
ORD-007221,C00238,2025-09-06,60.83,5,completed
ORD-007222,C02181,2025-09-06,93.55,2,completed
ORD-007223,C02725,2025-09-06,85.19,3,completed
ORD-007224,C02727,2025-09-06,38.63,4,completed
ORD-007225,C03950,2025-09-06,26.48,2,completed
ORD-007226,C04099,2025-09-06,79.68,5,completed
ORD-007227,C05287,2025-09-06,31.09,3,completed
ORD-007228,C05423,2025-09-06,98.53,6,completed
ORD-007229,C05850,2025-09-06,115.01,7,completed
ORD-007230,C05883,2025-09-06,31.06,3,completed
ORD-007231,C00008,2025-09-07,45.32,2,completed
ORD-007232,C00053,2025-09-07,40.8,3,completed
ORD-007233,C01324,2025-09-07,81.24,5,completed
ORD-007234,C01626,2025-09-07,49.89,3,cancelled
ORD-007235,C01691,2025-09-07,32.93,4,completed
ORD-007236,C02531,2025-09-07,86.95,6,completed
ORD-007237,C02841,2025-09-07,43.15,2,completed
ORD-007238,C03418,2025-09-07,105.24,7,completed
ORD-007239,C04724,2025-09-07,73.78,2,completed
ORD-007240,C04769,2025-09-07,55.24,2,completed
ORD-007241,C04829,2025-09-07,52.44,1,completed
ORD-007242,C05509,2025-09-07,94.35,4,completed
ORD-007243,C00495,2025-09-08,29.78,3,completed
ORD-007244,C00715,2025-09-08,47.77,2,completed
ORD-007245,C01142,2025-09-08,58.21,7,completed
ORD-007246,C01711,2025-09-08,58.55,3,completed
ORD-007247,C02042,2025-09-08,39.62,2,completed
ORD-007248,C02043,2025-09-08,39.68,1,completed
ORD-007249,C04318,2025-09-08,43.56,2,completed
ORD-007250,C04558,2025-09-08,70.92,2,completed
ORD-007251,C04933,2025-09-08,50.75,1,completed
ORD-007252,C05743,2025-09-08,30.71,1,completed
ORD-007253,C05926,2025-09-08,50.54,1,completed
ORD-007254,C05987,2025-09-08,40.14,1,completed
ORD-007255,C01338,2025-09-09,49.76,4,completed
ORD-007256,C02302,2025-09-09,66.61,2,completed
ORD-007257,C02975,2025-09-09,48.94,1,completed
ORD-007258,C03031,2025-09-09,38.08,3,completed
ORD-007259,C03462,2025-09-09,80.86,5,completed
ORD-007260,C03766,2025-09-09,63.54,3,cancelled
ORD-007261,C04066,2025-09-09,55.61,5,completed
ORD-007262,C04175,2025-09-09,40.41,1,completed
ORD-007263,C04536,2025-09-09,32.27,2,completed
ORD-007264,C05117,2025-09-09,60.29,6,completed
ORD-007265,C00324,2025-09-10,132.92,5,completed
ORD-007266,C00568,2025-09-10,59.33,2,completed
ORD-007267,C01118,2025-09-10,41.13,2,completed
ORD-007268,C01565,2025-09-10,43.77,2,completed
ORD-007269,C02447,2025-09-10,56.12,2,completed
ORD-007270,C02454,2025-09-10,71.28,2,completed
ORD-007271,C02991,2025-09-10,70.26,6,completed
ORD-007272,C03213,2025-09-10,78.49,5,completed
ORD-007273,C03675,2025-09-10,75.29,2,completed
ORD-007274,C04483,2025-09-10,58.41,3,completed
ORD-007275,C04536,2025-09-10,57.25,2,completed
ORD-007276,C04582,2025-09-10,56.37,3,completed
ORD-007277,C05456,2025-09-10,41.92,3,completed
ORD-007278,C05475,2025-09-10,76.08,3,completed
ORD-007279,C05592,2025-09-10,93.21,4,completed
ORD-007280,C00707,2025-09-11,45.56,4,completed
ORD-007281,C00715,2025-09-11,100.52,3,completed
ORD-007282,C01127,2025-09-11,69.83,2,completed
ORD-007283,C01577,2025-09-11,33.72,2,completed
ORD-007284,C02402,2025-09-11,38.78,2,completed
ORD-007285,C03460,2025-09-11,24.9,1,completed
ORD-007286,C03466,2025-09-11,61.71,5,completed
ORD-007287,C03582,2025-09-11,66.07,6,completed
ORD-007288,C03775,2025-09-11,67.15,1,completed
ORD-007289,C04900,2025-09-11,67.08,2,completed
ORD-007290,C05830,2025-09-11,44.57,2,completed
ORD-007291,C00627,2025-09-12,83.0,5,completed
ORD-007292,C00990,2025-09-12,35.53,5,completed
ORD-007293,C00993,2025-09-12,38.25,4,completed
ORD-007294,C01611,2025-09-12,86.29,4,completed
ORD-007295,C02258,2025-09-12,33.27,2,refunded
ORD-007296,C03503,2025-09-12,78.51,3,completed
ORD-007297,C04073,2025-09-12,91.26,2,completed
ORD-007298,C04269,2025-09-12,23.41,1,completed
ORD-007299,C04711,2025-09-12,67.8,3,completed
ORD-007300,C05816,2025-09-12,54.57,6,completed
ORD-007301,C00346,2025-09-13,53.85,5,completed
ORD-007302,C00578,2025-09-13,82.66,6,completed
ORD-007303,C01295,2025-09-13,79.0,2,completed
ORD-007304,C01351,2025-09-13,72.68,2,completed
ORD-007305,C01416,2025-09-13,52.29,3,completed
ORD-007306,C01698,2025-09-13,32.04,2,completed
ORD-007307,C01739,2025-09-13,38.95,2,completed
ORD-007308,C02222,2025-09-13,43.2,2,completed
ORD-007309,C02356,2025-09-13,44.26,2,completed
ORD-007310,C03016,2025-09-13,51.62,3,completed
ORD-007311,C03347,2025-09-13,30.34,2,completed
ORD-007312,C03536,2025-09-13,67.27,2,completed
ORD-007313,C03739,2025-09-13,73.98,1,completed
ORD-007314,C03839,2025-09-13,35.39,4,completed
ORD-007315,C04140,2025-09-13,30.48,2,completed
ORD-007316,C05557,2025-09-13,44.1,3,completed
ORD-007317,C00007,2025-09-14,57.42,4,completed
ORD-007318,C00242,2025-09-14,55.59,7,completed
ORD-007319,C00842,2025-09-14,58.13,4,completed
ORD-007320,C01648,2025-09-14,65.93,6,completed
ORD-007321,C01782,2025-09-14,37.76,4,completed
ORD-007322,C01894,2025-09-14,43.04,1,completed
ORD-007323,C02961,2025-09-14,94.45,7,completed
ORD-007324,C03559,2025-09-14,59.46,3,completed
ORD-007325,C03821,2025-09-14,63.86,3,cancelled
ORD-007326,C03837,2025-09-14,58.99,3,completed
ORD-007327,C03963,2025-09-14,33.15,2,completed
ORD-007328,C04025,2025-09-14,40.68,3,completed
ORD-007329,C04614,2025-09-14,67.04,3,completed
ORD-007330,C05467,2025-09-14,54.89,2,completed
ORD-007331,C05642,2025-09-14,61.72,7,completed
ORD-007332,C00049,2025-09-15,39.53,2,completed
ORD-007333,C00057,2025-09-15,39.65,3,completed
ORD-007334,C00868,2025-09-15,63.64,1,completed
ORD-007335,C01103,2025-09-15,104.38,3,completed
ORD-007336,C01876,2025-09-15,71.51,5,completed
ORD-007337,C02648,2025-09-15,54.4,3,completed
ORD-007338,C02756,2025-09-15,68.1,4,completed
ORD-007339,C02948,2025-09-15,91.84,2,completed
ORD-007340,C03810,2025-09-15,75.65,3,completed
ORD-007341,C04122,2025-09-15,55.91,3,completed
ORD-007342,C04129,2025-09-15,105.81,6,completed
ORD-007343,C04312,2025-09-15,58.15,2,completed
ORD-007344,C04401,2025-09-15,37.93,3,completed
ORD-007345,C05904,2025-09-15,39.46,4,completed
ORD-007346,C05917,2025-09-15,46.6,4,completed
ORD-007347,C00358,2025-09-16,20.44,2,completed
ORD-007348,C00506,2025-09-16,78.34,5,completed
ORD-007349,C00789,2025-09-16,51.09,1,completed
ORD-007350,C01941,2025-09-16,54.54,1,completed
ORD-007351,C02154,2025-09-16,32.65,1,completed
ORD-007352,C02476,2025-09-16,61.05,4,completed
ORD-007353,C02649,2025-09-16,66.24,2,completed
ORD-007354,C02772,2025-09-16,22.59,2,completed
ORD-007355,C02836,2025-09-16,59.73,5,completed
ORD-007356,C03158,2025-09-16,74.3,5,completed
ORD-007357,C03556,2025-09-16,89.56,5,completed
ORD-007358,C03726,2025-09-16,34.93,1,completed
ORD-007359,C04060,2025-09-16,68.44,4,completed
ORD-007360,C04250,2025-09-16,37.06,5,completed
ORD-007361,C04873,2025-09-16,118.55,4,completed
ORD-007362,C05231,2025-09-16,75.79,4,completed
ORD-007363,C05658,2025-09-16,78.4,8,completed
ORD-007364,C05725,2025-09-16,107.69,11,completed
ORD-007365,C05970,2025-09-16,54.3,2,refunded
ORD-007366,C00078,2025-09-17,75.53,3,completed
ORD-007367,C00079,2025-09-17,57.42,3,completed
ORD-007368,C00324,2025-09-17,184.03,7,completed
ORD-007369,C00343,2025-09-17,63.62,6,completed
ORD-007370,C00426,2025-09-17,65.11,3,completed
ORD-007371,C00430,2025-09-17,39.26,3,completed
ORD-007372,C00481,2025-09-17,68.09,4,completed
ORD-007373,C00621,2025-09-17,63.21,5,completed
ORD-007374,C00642,2025-09-17,148.79,7,completed
ORD-007375,C01148,2025-09-17,56.82,2,completed
ORD-007376,C01451,2025-09-17,57.61,3,completed
ORD-007377,C01584,2025-09-17,54.62,3,completed
ORD-007378,C02681,2025-09-17,71.19,4,completed
ORD-007379,C02790,2025-09-17,41.09,1,completed
ORD-007380,C03172,2025-09-17,67.4,3,completed
ORD-007381,C03248,2025-09-17,69.15,3,completed
ORD-007382,C03324,2025-09-17,119.63,3,completed
ORD-007383,C03586,2025-09-17,22.99,1,completed
ORD-007384,C03718,2025-09-17,34.69,2,completed
ORD-007385,C04946,2025-09-17,40.41,6,completed
ORD-007386,C05098,2025-09-17,53.96,2,completed
ORD-007387,C05771,2025-09-17,68.7,2,completed
ORD-007388,C00298,2025-09-18,51.9,5,completed
ORD-007389,C00630,2025-09-18,59.53,4,completed
ORD-007390,C01650,2025-09-18,57.74,3,completed
ORD-007391,C01740,2025-09-18,53.03,6,completed
ORD-007392,C01909,2025-09-18,40.69,2,completed
ORD-007392,C01909,2025-09-18,40.69,2,completed
ORD-007393,C02163,2025-09-18,31.04,2,completed
ORD-007394,C02261,2025-09-18,50.86,1,completed
ORD-007395,C02488,2025-09-18,48.58,5,completed
ORD-007396,C03473,2025-09-18,48.2,2,completed
ORD-007397,C04652,2025-09-18,37.91,2,completed
ORD-007398,C04838,2025-09-18,31.49,4,completed
ORD-007399,C05389,2025-09-18,31.45,2,completed
ORD-007400,C05524,2025-09-18,53.95,6,completed
ORD-007401,C00046,2025-09-19,32.62,3,completed
ORD-007402,C00214,2025-09-19,81.83,6,completed
ORD-007403,C00236,2025-09-19,87.04,6,completed
ORD-007404,C00327,2025-09-19,42.26,2,cancelled
ORD-007405,C00627,2025-09-19,119.78,9,completed
ORD-007406,C03069,2025-09-19,40.69,3,completed
ORD-007407,C03256,2025-09-19,64.76,5,completed
ORD-007408,C03571,2025-09-19,73.99,4,completed
ORD-007409,C03591,2025-09-19,52.05,5,completed
ORD-007410,C03639,2025-09-19,72.86,7,completed
ORD-007411,C03724,2025-09-19,38.11,4,completed
ORD-007412,C03803,2025-09-19,33.96,1,completed
ORD-007413,C03857,2025-09-19,51.08,4,completed
ORD-007414,C04727,2025-09-19,53.89,7,completed
ORD-007415,C05254,2025-09-19,53.81,6,completed
ORD-007416,C00747,2025-09-20,52.23,2,completed
ORD-007417,C01266,2025-09-20,56.55,3,completed
ORD-007418,C01620,2025-09-20,64.86,2,completed
ORD-007419,C02144,2025-09-20,23.66,2,completed
ORD-007420,C02166,2025-09-20,97.64,3,completed
ORD-007421,C02405,2025-09-20,45.54,1,completed
ORD-007422,C02666,2025-09-20,64.18,2,completed
ORD-007423,C03593,2025-09-20,62.81,2,completed
ORD-007424,C03722,2025-09-20,29.91,2,cancelled
ORD-007425,C04202,2025-09-20,37.54,2,completed
ORD-007426,C04853,2025-09-20,79.29,3,completed
ORD-007427,C00667,2025-09-21,40.65,2,completed
ORD-007428,C02103,2025-09-21,89.56,2,completed
ORD-007429,C02722,2025-09-21,31.44,3,completed
ORD-007430,C03226,2025-09-21,43.71,3,completed
ORD-007431,C03348,2025-09-21,85.93,3,completed
ORD-007432,C03717,2025-09-21,57.84,4,completed
ORD-007433,C03769,2025-09-21,39.1,1,completed
ORD-007434,C04186,2025-09-21,55.05,1,completed
ORD-007435,C04273,2025-09-21,41.8,3,completed
ORD-007436,C05011,2025-09-21,38.58,2,completed
ORD-007437,C05246,2025-09-21,70.97,4,completed
ORD-007438,C05697,2025-09-21,59.75,2,completed
ORD-007439,C05829,2025-09-21,68.15,8,completed
ORD-007440,C00085,2025-09-22,69.96,2,completed
ORD-007441,C00168,2025-09-22,42.15,3,completed
ORD-007442,C01374,2025-09-22,96.22,4,completed
ORD-007443,C01626,2025-09-22,50.62,2,completed
ORD-007444,C02805,2025-09-22,42.89,1,completed
ORD-007445,C03750,2025-09-22,51.7,4,completed
ORD-007446,C03914,2025-09-22,80.03,3,completed
ORD-007447,C04140,2025-09-22,30.63,3,completed
ORD-007448,C05231,2025-09-22,72.66,2,completed
ORD-007449,C00538,2025-09-23,76.41,4,completed
ORD-007450,C01591,2025-09-23,77.86,3,completed
ORD-007451,C01623,2025-09-23,115.77,6,completed
ORD-007452,C01934,2025-09-23,65.33,3,refunded
ORD-007453,C02027,2025-09-23,35.7,4,completed
ORD-007454,C03480,2025-09-23,39.58,3,completed
ORD-007455,C03508,2025-09-23,70.97,6,completed
ORD-007456,C03775,2025-09-23,57.35,2,completed
ORD-007457,C03902,2025-09-23,88.24,3,completed
ORD-007458,C04277,2025-09-23,45.02,4,completed
ORD-007459,C04295,2025-09-23,45.25,3,completed
ORD-007460,C04339,2025-09-23,82.14,4,completed
ORD-007461,C05215,2025-09-23,70.15,4,completed
ORD-007462,C05466,2025-09-23,67.42,2,completed
ORD-007463,C05483,2025-09-23,76.92,3,completed
ORD-007464,C05530,2025-09-23,58.69,2,completed
ORD-007465,C05705,2025-09-23,65.83,3,completed
ORD-007466,C05916,2025-09-23,87.58,7,completed
ORD-007467,C01342,2025-09-24,26.47,2,completed
ORD-007468,C01505,2025-09-24,41.66,5,completed
ORD-007469,C01599,2025-09-24,55.34,5,completed
ORD-007470,C01754,2025-09-24,92.18,11,completed
ORD-007471,C02193,2025-09-24,97.57,7,completed
ORD-007472,C02704,2025-09-24,19.77,2,completed
ORD-007473,C03222,2025-09-24,122.62,3,completed
ORD-007474,C03422,2025-09-24,88.13,7,completed
ORD-007475,C03440,2025-09-24,53.2,1,completed
ORD-007476,C03566,2025-09-24,68.91,3,completed
ORD-007477,C03769,2025-09-24,44.38,2,completed
ORD-007478,C04340,2025-09-24,95.5,5,completed
ORD-007479,C04667,2025-09-24,105.34,4,completed
ORD-007480,C04979,2025-09-24,46.81,2,completed
ORD-007481,C05124,2025-09-24,142.21,5,completed
ORD-007482,C05442,2025-09-24,90.04,8,completed
ORD-007483,C05789,2025-09-24,61.29,3,completed
ORD-007484,C00787,2025-09-25,99.08,11,completed
ORD-007485,C01885,2025-09-25,170.46,7,completed
ORD-007486,C02284,2025-09-25,114.64,7,completed
ORD-007487,C02626,2025-09-25,129.33,6,completed
ORD-007488,C02829,2025-09-25,136.27,8,completed
ORD-007489,C03406,2025-09-25,105.56,7,completed
ORD-007490,C03710,2025-09-25,44.37,1,completed
ORD-007491,C03907,2025-09-25,60.48,4,completed
ORD-007492,C04079,2025-09-25,81.38,2,completed
ORD-007493,C04564,2025-09-25,105.2,4,completed
ORD-007494,C05533,2025-09-25,56.73,2,cancelled
ORD-007495,C05885,2025-09-25,59.24,3,completed
ORD-007496,C00083,2025-09-26,43.19,4,completed
ORD-007497,C00578,2025-09-26,81.24,2,completed
ORD-007498,C00713,2025-09-26,50.84,3,completed
ORD-007499,C01125,2025-09-26,64.75,5,completed
ORD-007500,C01435,2025-09-26,109.64,5,completed
ORD-007501,C01539,2025-09-26,52.76,4,completed
ORD-007502,C01604,2025-09-26,131.77,10,completed
ORD-007503,C02653,2025-09-26,75.71,5,completed
ORD-007504,C02853,2025-09-26,39.43,2,completed
ORD-007505,C02943,2025-09-26,75.54,3,completed
ORD-007506,C03346,2025-09-26,38.52,7,completed
ORD-007507,C03392,2025-09-26,48.09,4,completed
ORD-007508,C04805,2025-09-26,67.61,4,completed
ORD-007509,C04895,2025-09-26,58.83,3,completed
ORD-007510,C04916,2025-09-26,53.82,3,completed
ORD-007511,C05788,2025-09-26,58.48,2,completed
ORD-007512,C00257,2025-09-27,47.21,5,completed
ORD-007513,C01098,2025-09-27,154.53,5,completed
ORD-007514,C01142,2025-09-27,61.79,3,completed
ORD-007515,C01617,2025-09-27,74.63,3,completed
ORD-007516,C02196,2025-09-27,64.13,4,completed
ORD-007517,C02485,2025-09-27,68.89,6,completed
ORD-007518,C03073,2025-09-27,49.22,5,completed
ORD-007519,C03496,2025-09-27,68.2,5,completed
ORD-007520,C03643,2025-09-27,52.7,4,completed
ORD-007521,C03706,2025-09-27,152.39,8,completed
ORD-007522,C04268,2025-09-27,28.52,2,completed
ORD-007523,C04860,2025-09-27,28.39,3,completed
ORD-007524,C04880,2025-09-27,28.33,1,completed
ORD-007525,C05031,2025-09-27,45.28,2,completed
ORD-007526,C05895,2025-09-27,51.88,3,completed
ORD-007527,C05944,2025-09-27,87.74,4,completed
ORD-007528,C05959,2025-09-27,49.31,2,completed
ORD-007529,C05998,2025-09-27,49.14,3,completed
ORD-007530,C01736,2025-09-28,52.68,1,completed
ORD-007531,C02187,2025-09-28,79.66,4,completed
ORD-007532,C02678,2025-09-28,70.14,5,completed
ORD-007533,C03774,2025-09-28,54.64,7,completed
ORD-007534,C03973,2025-09-28,25.63,2,completed
ORD-007535,C04264,2025-09-28,40.74,4,completed
ORD-007536,C05055,2025-09-28,85.26,5,completed
ORD-007537,C05410,2025-09-28,75.83,3,completed
ORD-007538,C05428,2025-09-28,71.38,2,completed
ORD-007539,C05928,2025-09-28,36.56,3,completed
ORD-007540,C00982,2025-09-29,60.87,6,completed
ORD-007541,C01169,2025-09-29,57.53,5,completed
ORD-007542,C01558,2025-09-29,76.52,3,completed
ORD-007543,C01620,2025-09-29,57.84,1,completed
ORD-007544,C02059,2025-09-29,49.1,3,completed
ORD-007545,C02456,2025-09-29,119.19,2,completed
ORD-007546,C02499,2025-09-29,105.82,4,completed
ORD-007547,C02612,2025-09-29,85.83,5,completed
ORD-007548,C02697,2025-09-29,46.03,2,completed
ORD-007549,C02976,2025-09-29,58.07,5,completed
ORD-007550,C03286,2025-09-29,42.69,1,completed
ORD-007551,C03332,2025-09-29,33.47,1,completed
ORD-007552,C03725,2025-09-29,78.39,3,completed
ORD-007553,C03769,2025-09-29,23.18,1,completed
ORD-007554,C03837,2025-09-29,66.57,2,completed
ORD-007555,C04314,2025-09-29,27.84,2,completed
ORD-007556,C05209,2025-09-29,52.69,2,completed
ORD-007557,C05360,2025-09-29,39.22,2,completed
ORD-007558,C05443,2025-09-29,58.13,2,completed
ORD-007559,C05927,2025-09-29,68.41,2,completed
ORD-007560,C06000,2025-09-29,177.13,6,completed
ORD-007561,C01144,2025-09-30,47.82,1,completed
ORD-007562,C01258,2025-09-30,66.36,3,completed
ORD-007563,C01541,2025-09-30,61.66,3,cancelled
ORD-007564,C01682,2025-09-30,53.34,2,completed
ORD-007565,C02106,2025-09-30,33.04,1,completed
ORD-007566,C02149,2025-09-30,64.85,3,completed
ORD-007567,C02402,2025-09-30,81.61,5,completed
ORD-007568,C02572,2025-09-30,35.89,4,completed
ORD-007569,C02953,2025-09-30,53.97,2,completed
ORD-007570,C03276,2025-09-30,49.36,3,completed
ORD-007571,C03577,2025-09-30,64.27,4,completed
ORD-007572,C03910,2025-09-30,49.07,5,completed
ORD-007573,C04126,2025-09-30,101.5,8,completed
ORD-007574,C05791,2025-09-30,134.79,5,completed
ORD-007575,C05856,2025-09-30,28.71,3,completed
ORD-007576,C00014,2025-10-01,40.45,2,completed
ORD-007577,C00323,2025-10-01,55.01,4,completed
ORD-007578,C00632,2025-10-01,107.27,3,completed
ORD-007579,C00734,2025-10-01,59.16,2,completed
ORD-007580,C01435,2025-10-01,97.08,7,completed
ORD-007580,C01435,2025-10-01,97.08,7,completed
ORD-007581,C01492,2025-10-01,51.71,1,refunded
ORD-007582,C02093,2025-10-01,75.75,6,completed
ORD-007583,C02465,2025-10-01,53.62,2,completed
ORD-007584,C02754,2025-10-01,64.81,4,completed
ORD-007585,C02992,2025-10-01,40.09,3,completed
ORD-007586,C03342,2025-10-01,86.49,4,completed
ORD-007587,C03392,2025-10-01,75.88,1,completed
ORD-007588,C03430,2025-10-01,44.91,2,completed
ORD-007589,C03450,2025-10-01,58.33,4,completed
ORD-007590,C03637,2025-10-01,39.7,1,completed
ORD-007591,C04040,2025-10-01,32.06,1,completed
ORD-007592,C04577,2025-10-01,43.71,2,completed
ORD-007593,C05238,2025-10-01,56.81,2,completed
ORD-007594,C05250,2025-10-01,42.81,1,completed
ORD-007595,C01163,2025-10-02,33.83,2,refunded
ORD-007596,C01167,2025-10-02,139.16,4,completed
ORD-007597,C01186,2025-10-02,100.89,4,completed
ORD-007598,C02103,2025-10-02,71.77,4,completed
ORD-007599,C02178,2025-10-02,41.45,1,completed
ORD-007600,C02619,2025-10-02,64.03,3,completed
ORD-007601,C02639,2025-10-02,34.66,1,completed
ORD-007602,C02761,2025-10-02,52.48,3,refunded
ORD-007603,C02997,2025-10-02,38.95,4,completed
ORD-007604,C04321,2025-10-02,102.76,8,completed
ORD-007605,C05682,2025-10-02,51.58,2,completed
ORD-007606,C05701,2025-10-02,40.32,3,completed
ORD-007607,C00262,2025-10-03,75.5,3,completed
ORD-007608,C00397,2025-10-03,45.21,1,completed
ORD-007609,C01945,2025-10-03,52.42,3,completed
ORD-007610,C02230,2025-10-03,61.08,7,completed
ORD-007611,C02328,2025-10-03,32.41,3,completed
ORD-007612,C03016,2025-10-03,25.72,1,completed
ORD-007613,C03556,2025-10-03,101.55,3,completed
ORD-007614,C04460,2025-10-03,59.58,2,completed
ORD-007615,C05105,2025-10-03,43.89,3,completed
ORD-007616,C05257,2025-10-03,45.69,1,completed
ORD-007617,C05273,2025-10-03,41.49,2,completed
ORD-007618,C05342,2025-10-03,84.76,2,completed
ORD-007619,C05435,2025-10-03,81.12,4,completed
ORD-007620,C00151,2025-10-04,35.05,2,completed
ORD-007621,C00443,2025-10-04,63.82,3,completed
ORD-007622,C00520,2025-10-04,34.63,2,cancelled
ORD-007623,C00567,2025-10-04,49.07,1,completed
ORD-007624,C01212,2025-10-04,38.66,3,completed
ORD-007625,C01305,2025-10-04,77.22,6,completed
ORD-007626,C01611,2025-10-04,73.48,3,completed
ORD-007627,C01770,2025-10-04,111.54,5,completed
ORD-007628,C02333,2025-10-04,34.33,3,completed
ORD-007629,C02574,2025-10-04,45.17,2,completed
ORD-007630,C02834,2025-10-04,31.45,4,completed
ORD-007631,C02992,2025-10-04,42.21,2,completed
ORD-007632,C03145,2025-10-04,109.36,7,completed
ORD-007633,C03477,2025-10-04,56.97,5,completed
ORD-007634,C03528,2025-10-04,85.75,6,completed
ORD-007635,C03938,2025-10-04,104.85,4,completed
ORD-007636,C04664,2025-10-04,78.38,3,completed
ORD-007637,C04708,2025-10-04,44.78,2,completed
ORD-007638,C04836,2025-10-04,49.46,3,completed
ORD-007639,C04883,2025-10-04,148.4,5,completed
ORD-007640,C05447,2025-10-04,41.89,5,completed
ORD-007641,C05717,2025-10-04,64.08,4,completed
ORD-007642,C05867,2025-10-04,45.02,3,completed
ORD-007643,C00019,2025-10-05,54.51,3,completed
ORD-007644,C00487,2025-10-05,44.51,1,completed
ORD-007645,C00958,2025-10-05,55.52,1,completed
ORD-007646,C01203,2025-10-05,34.96,1,completed
ORD-007647,C01295,2025-10-05,57.09,2,completed
ORD-007648,C01513,2025-10-05,58.81,3,completed
ORD-007649,C02247,2025-10-05,58.12,4,completed
ORD-007650,C02318,2025-10-05,44.88,2,completed
ORD-007651,C02431,2025-10-05,23.58,1,completed
ORD-007652,C02456,2025-10-05,74.42,8,completed
ORD-007653,C02467,2025-10-05,79.33,2,completed
ORD-007654,C03798,2025-10-05,67.78,3,completed
ORD-007655,C03928,2025-10-05,47.15,3,completed
ORD-007656,C04055,2025-10-05,52.21,2,completed
ORD-007657,C04112,2025-10-05,31.75,1,completed
ORD-007658,C04242,2025-10-05,154.06,5,completed
ORD-007659,C04437,2025-10-05,60.47,2,completed
ORD-007660,C04479,2025-10-05,51.1,8,completed
ORD-007661,C05099,2025-10-05,117.23,12,completed
ORD-007662,C05369,2025-10-05,47.32,2,completed
ORD-007663,C05568,2025-10-05,69.65,3,completed
ORD-007664,C05983,2025-10-05,34.38,3,completed
ORD-007665,C00015,2025-10-06,70.82,3,cancelled
ORD-007666,C00167,2025-10-06,113.87,5,completed
ORD-007667,C00241,2025-10-06,35.93,4,completed
ORD-007668,C00761,2025-10-06,64.92,3,completed
ORD-007669,C01174,2025-10-06,82.88,3,completed
ORD-007670,C01411,2025-10-06,54.79,2,completed
ORD-007671,C01720,2025-10-06,57.36,4,completed
ORD-007672,C01815,2025-10-06,77.68,4,completed
ORD-007673,C02504,2025-10-06,60.24,3,completed
ORD-007674,C02529,2025-10-06,77.46,7,completed
ORD-007675,C03001,2025-10-06,52.2,2,completed
ORD-007676,C05339,2025-10-06,55.76,3,completed
ORD-007677,C05380,2025-10-06,41.81,2,completed
ORD-007678,C05437,2025-10-06,53.34,2,completed
ORD-007679,C00194,2025-10-07,59.22,2,completed
ORD-007680,C00399,2025-10-07,47.13,3,completed
ORD-007681,C00953,2025-10-07,97.93,5,completed
ORD-007682,C01073,2025-10-07,54.07,4,completed
ORD-007683,C02335,2025-10-07,49.6,4,completed
ORD-007684,C02356,2025-10-07,41.03,1,completed
ORD-007685,C02361,2025-10-07,40.8,4,completed
ORD-007686,C03471,2025-10-07,31.76,2,completed
ORD-007687,C04052,2025-10-07,81.41,3,completed
ORD-007688,C04433,2025-10-07,109.97,2,completed
ORD-007689,C05048,2025-10-07,42.77,2,completed
ORD-007690,C05048,2025-10-07,30.99,1,completed
ORD-007691,C05128,2025-10-07,69.3,4,completed
ORD-007692,C05449,2025-10-07,98.6,4,completed
ORD-007693,C05583,2025-10-07,60.78,2,completed
ORD-007694,C05808,2025-10-07,70.68,7,completed
ORD-007695,C00042,2025-10-08,71.74,2,completed
ORD-007696,C00045,2025-10-08,63.41,1,completed
ORD-007697,C01123,2025-10-08,43.11,4,completed
ORD-007698,C01143,2025-10-08,64.66,2,completed
ORD-007699,C01870,2025-10-08,40.31,3,completed
ORD-007700,C02805,2025-10-08,43.57,1,completed
ORD-007701,C02953,2025-10-08,87.13,2,completed
ORD-007702,C02993,2025-10-08,114.13,6,completed
ORD-007703,C03586,2025-10-08,17.49,2,completed
ORD-007704,C03716,2025-10-08,60.32,1,completed
ORD-007705,C04242,2025-10-08,102.91,4,completed
ORD-007706,C04350,2025-10-08,117.16,4,completed
ORD-007707,C04795,2025-10-08,40.16,3,completed
ORD-007708,C05245,2025-10-08,38.87,1,completed
ORD-007709,C05670,2025-10-08,54.06,6,completed
ORD-007710,C05901,2025-10-08,47.11,5,completed
ORD-007711,C00210,2025-10-09,32.41,2,completed
ORD-007712,C00291,2025-10-09,74.07,4,completed
ORD-007713,C01395,2025-10-09,31.16,2,completed
ORD-007714,C01595,2025-10-09,120.33,7,completed
ORD-007715,C02120,2025-10-09,97.29,6,completed
ORD-007716,C02138,2025-10-09,46.6,1,completed
ORD-007717,C02565,2025-10-09,78.91,4,completed
ORD-007718,C03402,2025-10-09,96.27,8,completed
ORD-007719,C05257,2025-10-09,59.25,2,completed
ORD-007720,C00534,2025-10-10,81.08,8,completed
ORD-007721,C00540,2025-10-10,27.82,1,completed
ORD-007722,C00753,2025-10-10,61.37,2,completed
ORD-007723,C00794,2025-10-10,67.09,1,completed
ORD-007724,C00825,2025-10-10,76.44,2,completed
ORD-007725,C01615,2025-10-10,78.36,3,completed
ORD-007726,C02348,2025-10-10,73.75,1,completed
ORD-007727,C02582,2025-10-10,56.87,1,completed
ORD-007728,C02791,2025-10-10,32.27,4,completed
ORD-007729,C03449,2025-10-10,77.8,1,completed
ORD-007730,C03624,2025-10-10,34.73,3,completed
ORD-007731,C03782,2025-10-10,48.01,2,completed
ORD-007732,C03995,2025-10-10,45.31,4,completed
ORD-007733,C04093,2025-10-10,60.63,2,completed
ORD-007734,C04194,2025-10-10,69.04,2,completed
ORD-007735,C05146,2025-10-10,63.16,5,completed
ORD-007736,C05618,2025-10-10,64.77,3,completed
ORD-007737,C05940,2025-10-10,74.06,4,completed
ORD-007738,C00053,2025-10-11,43.93,4,completed
ORD-007739,C00408,2025-10-11,29.77,2,completed
ORD-007740,C00508,2025-10-11,96.81,3,completed
ORD-007741,C00538,2025-10-11,108.34,6,completed
ORD-007742,C00747,2025-10-11,88.69,5,completed
ORD-007743,C01352,2025-10-11,67.58,4,completed
ORD-007744,C01392,2025-10-11,53.73,2,completed
ORD-007745,C01574,2025-10-11,66.12,5,completed
ORD-007746,C02135,2025-10-11,49.3,1,completed
ORD-007747,C02426,2025-10-11,78.62,6,completed
ORD-007748,C02516,2025-10-11,100.43,5,completed
ORD-007749,C02753,2025-10-11,109.24,5,completed
ORD-007750,C03172,2025-10-11,46.36,1,completed
ORD-007751,C03379,2025-10-11,46.11,3,completed
ORD-007752,C03529,2025-10-11,79.78,2,completed
ORD-007753,C03569,2025-10-11,61.94,5,completed
ORD-007754,C03853,2025-10-11,50.78,4,completed
ORD-007755,C03864,2025-10-11,31.4,2,completed
ORD-007756,C05110,2025-10-11,76.57,3,completed
ORD-007757,C05173,2025-10-11,43.28,2,completed
ORD-007758,C05490,2025-10-11,34.16,5,completed
ORD-007759,C00322,2025-10-12,52.04,4,completed
ORD-007760,C00434,2025-10-12,111.98,5,completed
ORD-007761,C00543,2025-10-12,41.82,2,completed
ORD-007762,C00568,2025-10-12,47.15,3,completed
ORD-007763,C01044,2025-10-12,80.62,6,cancelled
ORD-007764,C01104,2025-10-12,97.46,3,completed
ORD-007765,C02183,2025-10-12,33.89,2,completed
ORD-007766,C03483,2025-10-12,40.91,1,completed
ORD-007767,C03704,2025-10-12,42.85,6,completed
ORD-007768,C03919,2025-10-12,30.25,1,completed
ORD-007769,C05708,2025-10-12,37.13,2,completed
ORD-007770,C00715,2025-10-13,41.43,3,completed
ORD-007771,C00748,2025-10-13,74.96,3,completed
ORD-007772,C01801,2025-10-13,33.6,3,completed
ORD-007773,C01805,2025-10-13,58.98,3,completed
ORD-007774,C02661,2025-10-13,62.69,5,completed
ORD-007775,C03729,2025-10-13,107.01,9,completed
ORD-007776,C03998,2025-10-13,53.2,3,completed
ORD-007777,C04329,2025-10-13,54.54,5,completed
ORD-007778,C04335,2025-10-13,49.54,4,completed
ORD-007779,C05022,2025-10-13,26.77,2,completed
ORD-007780,C05535,2025-10-13,108.15,5,completed
ORD-007781,C05898,2025-10-13,36.1,2,completed
ORD-007782,C00512,2025-10-14,101.61,4,completed
ORD-007783,C00750,2025-10-14,51.27,4,completed
ORD-007784,C00957,2025-10-14,66.86,2,completed
ORD-007785,C01413,2025-10-14,45.3,5,completed
ORD-007786,C01786,2025-10-14,106.97,5,cancelled
ORD-007787,C02174,2025-10-14,95.08,6,completed
ORD-007788,C02769,2025-10-14,51.74,3,completed
ORD-007789,C03820,2025-10-14,40.55,2,completed
ORD-007790,C04385,2025-10-14,107.46,7,completed
ORD-007791,C04451,2025-10-14,52.49,4,completed
ORD-007792,C05532,2025-10-14,46.41,1,completed
ORD-007793,C00007,2025-10-15,47.7,1,completed
ORD-007794,C00053,2025-10-15,27.86,3,completed
ORD-007795,C00295,2025-10-15,94.77,2,completed
ORD-007796,C00295,2025-10-15,95.18,3,completed
ORD-007797,C00416,2025-10-15,57.11,3,completed
ORD-007798,C00563,2025-10-15,57.61,5,completed
ORD-007799,C00835,2025-10-15,51.2,3,completed
ORD-007800,C01084,2025-10-15,82.82,3,completed
ORD-007801,C01142,2025-10-15,54.94,2,completed
ORD-007802,C02001,2025-10-15,49.51,2,completed
ORD-007803,C02054,2025-10-15,52.56,2,completed
ORD-007804,C02138,2025-10-15,62.69,3,completed
ORD-007805,C02274,2025-10-15,79.13,6,completed
ORD-007806,C02935,2025-10-15,57.21,3,completed
ORD-007807,C03137,2025-10-15,52.86,4,completed
ORD-007808,C04094,2025-10-15,65.82,3,cancelled
ORD-007809,C04799,2025-10-15,44.97,4,completed
ORD-007810,C05140,2025-10-15,31.29,1,completed
ORD-007811,C05889,2025-10-15,63.14,4,completed
ORD-007812,C00572,2025-10-16,103.87,10,completed
ORD-007813,C00734,2025-10-16,47.16,5,completed
ORD-007814,C00753,2025-10-16,121.62,12,completed
ORD-007815,C02140,2025-10-16,49.32,1,completed
ORD-007816,C02742,2025-10-16,79.86,1,completed
ORD-007817,C02929,2025-10-16,60.54,3,completed
ORD-007818,C03104,2025-10-16,84.31,3,cancelled
ORD-007819,C03288,2025-10-16,34.57,3,completed
ORD-007820,C04651,2025-10-16,40.77,2,completed
ORD-007821,C04754,2025-10-16,54.36,6,completed
ORD-007822,C05216,2025-10-16,47.98,2,completed
ORD-007823,C05332,2025-10-16,30.85,2,completed
ORD-007824,C05984,2025-10-16,54.42,5,completed
ORD-007825,C00831,2025-10-17,41.45,4,completed
ORD-007826,C00922,2025-10-17,45.6,3,completed
ORD-007827,C00942,2025-10-17,32.94,3,completed
ORD-007828,C01018,2025-10-17,113.23,7,completed
ORD-007829,C01658,2025-10-17,52.01,5,completed
ORD-007830,C01999,2025-10-17,59.69,2,completed
ORD-007831,C02650,2025-10-17,33.62,4,completed
ORD-007832,C02745,2025-10-17,56.78,5,completed
ORD-007833,C02795,2025-10-17,76.56,3,cancelled
ORD-007834,C03326,2025-10-17,52.91,2,completed
ORD-007835,C04038,2025-10-17,48.66,3,completed
ORD-007836,C04255,2025-10-17,103.74,4,completed
ORD-007837,C04838,2025-10-17,20.58,2,completed
ORD-007838,C04886,2025-10-17,26.38,4,completed
ORD-007839,C05074,2025-10-17,29.81,2,completed
ORD-007840,C05490,2025-10-17,44.51,6,completed
ORD-007841,C05789,2025-10-17,120.36,6,completed
ORD-007842,C05822,2025-10-17,43.64,1,completed
ORD-007843,C00021,2025-10-18,26.39,2,completed
ORD-007844,C00621,2025-10-18,61.21,6,completed
ORD-007845,C00689,2025-10-18,147.4,5,completed
ORD-007846,C01578,2025-10-18,38.6,7,completed
ORD-007847,C01667,2025-10-18,80.14,8,completed
ORD-007848,C01823,2025-10-18,28.33,1,completed
ORD-007849,C02358,2025-10-18,51.74,3,completed
ORD-007850,C02381,2025-10-18,80.41,4,completed
ORD-007851,C03435,2025-10-18,118.75,9,completed
ORD-007852,C03649,2025-10-18,80.16,3,completed
ORD-007853,C04266,2025-10-18,47.17,3,completed
ORD-007854,C04367,2025-10-18,48.88,3,completed
ORD-007855,C04708,2025-10-18,42.46,3,completed
ORD-007856,C05589,2025-10-18,87.73,5,completed
ORD-007857,C05894,2025-10-18,24.75,2,completed
ORD-007858,C00325,2025-10-19,135.78,5,completed
ORD-007859,C00428,2025-10-19,37.02,4,completed
ORD-007860,C00481,2025-10-19,47.44,2,cancelled
ORD-007861,C00747,2025-10-19,60.17,2,completed
ORD-007862,C00774,2025-10-19,39.37,2,completed
ORD-007863,C01387,2025-10-19,36.95,4,completed
ORD-007864,C01855,2025-10-19,32.85,3,refunded
ORD-007865,C01903,2025-10-19,61.58,4,completed
ORD-007866,C01959,2025-10-19,66.41,6,completed
ORD-007867,C01968,2025-10-19,69.21,2,completed
ORD-007868,C03328,2025-10-19,40.32,2,completed
ORD-007869,C03888,2025-10-19,43.59,3,completed
ORD-007870,C04056,2025-10-19,74.6,5,completed
ORD-007871,C04575,2025-10-19,112.53,4,cancelled
ORD-007872,C04583,2025-10-19,102.57,6,completed
ORD-007873,C04627,2025-10-19,57.29,4,completed
ORD-007874,C04744,2025-10-19,75.3,3,completed
ORD-007875,C04925,2025-10-19,62.5,4,completed
ORD-007876,C05964,2025-10-19,45.54,1,completed
ORD-007877,C00280,2025-10-20,64.73,2,completed
ORD-007878,C00301,2025-10-20,79.56,4,completed
ORD-007879,C00390,2025-10-20,45.83,1,completed
ORD-007880,C00441,2025-10-20,140.9,9,completed
ORD-007881,C00579,2025-10-20,63.63,3,completed
ORD-007882,C00948,2025-10-20,172.46,12,completed
ORD-007883,C01666,2025-10-20,99.67,4,completed
ORD-007884,C01889,2025-10-20,60.2,2,completed
ORD-007885,C02793,2025-10-20,38.75,3,cancelled
ORD-007886,C03093,2025-10-20,83.44,5,completed
ORD-007887,C03420,2025-10-20,57.9,6,completed
ORD-007888,C03723,2025-10-20,52.93,1,cancelled
ORD-007889,C03798,2025-10-20,51.52,2,completed
ORD-007890,C03869,2025-10-20,43.72,1,completed
ORD-007891,C03947,2025-10-20,42.1,2,completed
ORD-007892,C04492,2025-10-20,42.9,6,completed
ORD-007893,C04517,2025-10-20,84.43,7,completed
ORD-007894,C04524,2025-10-20,42.41,2,completed
ORD-007895,C05579,2025-10-20,53.44,2,completed
ORD-007896,C05856,2025-10-20,53.5,2,completed
ORD-007897,C00471,2025-10-21,42.47,1,completed
ORD-007898,C00575,2025-10-21,41.77,2,completed
ORD-007899,C00655,2025-10-21,68.25,9,completed
ORD-007900,C00928,2025-10-21,88.24,6,completed
ORD-007901,C01256,2025-10-21,74.34,3,completed
ORD-007902,C01320,2025-10-21,39.92,2,completed
ORD-007903,C01983,2025-10-21,50.92,2,completed
ORD-007904,C02092,2025-10-21,33.7,2,completed
ORD-007905,C02558,2025-10-21,62.51,2,completed
ORD-007906,C03550,2025-10-21,61.23,4,completed
ORD-007907,C03715,2025-10-21,108.02,5,completed
ORD-007908,C04003,2025-10-21,80.33,8,completed
ORD-007909,C04349,2025-10-21,38.48,4,cancelled
ORD-007910,C04818,2025-10-21,45.7,2,completed
ORD-007911,C05032,2025-10-21,49.12,3,completed
ORD-007912,C05858,2025-10-21,52.5,1,completed
ORD-007913,C00073,2025-10-22,52.84,4,completed
ORD-007914,C00073,2025-10-22,59.18,4,completed
ORD-007915,C00081,2025-10-22,32.44,2,completed
ORD-007916,C00567,2025-10-22,71.67,2,cancelled
ORD-007917,C00657,2025-10-22,109.2,6,completed
ORD-007918,C00776,2025-10-22,43.3,1,completed
ORD-007919,C00783,2025-10-22,53.14,3,completed
ORD-007920,C01075,2025-10-22,64.31,5,completed
ORD-007921,C01861,2025-10-22,51.55,3,completed
ORD-007922,C02352,2025-10-22,46.97,4,completed
ORD-007923,C02682,2025-10-22,32.78,2,completed
ORD-007924,C02918,2025-10-22,31.6,2,completed
ORD-007925,C03500,2025-10-22,42.44,3,completed
ORD-007926,C04247,2025-10-22,39.65,4,completed
ORD-007927,C04319,2025-10-22,64.0,1,completed
ORD-007928,C05181,2025-10-22,70.37,6,completed
ORD-007929,C05483,2025-10-22,33.96,2,completed
ORD-007930,C05699,2025-10-22,67.75,6,completed
ORD-007931,C00780,2025-10-23,48.07,2,completed
ORD-007932,C01336,2025-10-23,33.73,2,completed
ORD-007933,C01656,2025-10-23,38.7,2,completed
ORD-007934,C01754,2025-10-23,112.75,4,completed
ORD-007935,C02074,2025-10-23,124.05,4,completed
ORD-007936,C02283,2025-10-23,71.28,1,completed
ORD-007937,C02323,2025-10-23,81.92,3,completed
ORD-007938,C02857,2025-10-23,38.92,2,cancelled
ORD-007939,C02992,2025-10-23,52.95,2,completed
ORD-007940,C03373,2025-10-23,69.79,3,completed
ORD-007941,C03493,2025-10-23,39.95,3,completed
ORD-007942,C03948,2025-10-23,96.34,5,completed
ORD-007943,C04138,2025-10-23,100.19,5,completed
ORD-007944,C04316,2025-10-23,56.59,3,cancelled
ORD-007945,C04694,2025-10-23,98.65,5,completed
ORD-007946,C04992,2025-10-23,77.06,6,completed
ORD-007947,C05160,2025-10-23,40.52,3,completed
ORD-007948,C05694,2025-10-23,42.29,2,completed
ORD-007949,C05768,2025-10-23,32.07,3,completed
ORD-007950,C05768,2025-10-23,31.27,2,completed
ORD-007951,C00116,2025-10-24,32.56,3,completed
ORD-007952,C00521,2025-10-24,46.7,4,completed
ORD-007953,C01497,2025-10-24,53.82,3,completed
ORD-007954,C01789,2025-10-24,85.83,5,completed
ORD-007955,C01977,2025-10-24,55.94,7,completed
ORD-007955,C01977,2025-10-24,55.94,7,completed
ORD-007956,C02131,2025-10-24,49.92,5,completed
ORD-007957,C02156,2025-10-24,44.7,3,completed
ORD-007958,C02455,2025-10-24,32.03,2,completed
ORD-007959,C03704,2025-10-24,33.3,3,completed
ORD-007960,C03743,2025-10-24,22.04,1,completed
ORD-007961,C04278,2025-10-24,32.23,1,completed
ORD-007962,C04499,2025-10-24,34.06,4,completed
ORD-007963,C04607,2025-10-24,32.66,4,completed
ORD-007964,C04614,2025-10-24,54.29,4,completed
ORD-007965,C04689,2025-10-24,43.61,2,completed
ORD-007966,C00003,2025-10-25,53.77,4,completed
ORD-007967,C00305,2025-10-25,44.17,2,completed
ORD-007968,C00646,2025-10-25,55.32,3,completed
ORD-007969,C00853,2025-10-25,76.49,4,completed
ORD-007970,C01650,2025-10-25,64.16,3,completed
ORD-007971,C01800,2025-10-25,34.98,2,completed
ORD-007972,C02488,2025-10-25,56.11,4,completed
ORD-007973,C02578,2025-10-25,60.75,3,completed
ORD-007974,C03149,2025-10-25,70.79,5,refunded
ORD-007975,C03496,2025-10-25,70.49,4,completed
ORD-007976,C03796,2025-10-25,83.22,6,completed
ORD-007977,C04245,2025-10-25,49.15,3,completed
ORD-007978,C04423,2025-10-25,74.05,4,completed
ORD-007979,C04941,2025-10-25,110.74,4,completed
ORD-007980,C04957,2025-10-25,29.5,2,completed
ORD-007981,C05055,2025-10-25,105.02,4,completed
ORD-007982,C00471,2025-10-26,34.92,2,completed
ORD-007983,C01241,2025-10-26,58.66,1,completed
ORD-007984,C01331,2025-10-26,49.98,1,cancelled
ORD-007985,C01866,2025-10-26,80.94,1,completed
ORD-007986,C01981,2025-10-26,78.98,3,completed
ORD-007987,C02071,2025-10-26,74.8,2,completed
ORD-007988,C02139,2025-10-26,28.69,4,cancelled
ORD-007989,C02279,2025-10-26,63.42,2,completed
ORD-007990,C03028,2025-10-26,65.16,2,completed
ORD-007991,C03650,2025-10-26,111.48,2,completed
ORD-007992,C04163,2025-10-26,79.2,5,completed
ORD-007993,C04273,2025-10-26,55.62,2,completed
ORD-007994,C04278,2025-10-26,57.4,3,completed
ORD-007995,C04885,2025-10-26,64.31,3,completed
ORD-007996,C05146,2025-10-26,58.79,2,completed
ORD-007997,C05274,2025-10-26,84.56,2,cancelled
ORD-007998,C05495,2025-10-26,95.56,5,completed
ORD-007999,C05843,2025-10-26,96.15,8,completed
ORD-008000,C05889,2025-10-26,46.94,1,completed
ORD-008001,C00334,2025-10-27,77.5,4,completed
ORD-008002,C00387,2025-10-27,87.01,5,completed
ORD-008003,C01049,2025-10-27,62.24,1,completed
ORD-008004,C01099,2025-10-27,48.98,1,completed
ORD-008005,C01166,2025-10-27,47.15,2,completed
ORD-008006,C01284,2025-10-27,72.93,2,completed
ORD-008007,C01632,2025-10-27,38.37,1,completed
ORD-008008,C02618,2025-10-27,85.54,1,completed
ORD-008009,C02715,2025-10-27,50.25,2,completed
ORD-008010,C03167,2025-10-27,129.06,4,completed
ORD-008011,C03242,2025-10-27,21.87,2,completed
ORD-008012,C03421,2025-10-27,84.1,4,completed
ORD-008013,C03567,2025-10-27,89.98,6,completed
ORD-008014,C03796,2025-10-27,54.39,4,completed
ORD-008015,C04052,2025-10-27,89.21,4,completed
ORD-008016,C05100,2025-10-27,42.05,2,cancelled
ORD-008017,C05580,2025-10-27,45.08,4,completed
ORD-008018,C05825,2025-10-27,45.35,2,completed
ORD-008019,C05999,2025-10-27,37.35,4,completed
ORD-008020,C00743,2025-10-28,105.54,4,completed
ORD-008021,C01850,2025-10-28,98.4,7,completed
ORD-008022,C02347,2025-10-28,44.68,1,completed
ORD-008023,C02644,2025-10-28,39.88,1,completed
ORD-008024,C02849,2025-10-28,63.77,3,completed
ORD-008025,C03040,2025-10-28,54.26,2,completed
ORD-008026,C03324,2025-10-28,77.22,3,completed
ORD-008027,C04274,2025-10-28,108.34,5,completed
ORD-008028,C05293,2025-10-28,66.33,3,completed
ORD-008029,C05361,2025-10-28,46.9,4,completed
ORD-008030,C05574,2025-10-28,38.56,3,completed
ORD-008031,C00017,2025-10-29,50.23,4,completed
ORD-008032,C00669,2025-10-29,42.39,2,completed
ORD-008033,C01453,2025-10-29,37.29,2,completed
ORD-008034,C02043,2025-10-29,66.43,5,completed
ORD-008035,C02472,2025-10-29,47.9,5,completed
ORD-008036,C02678,2025-10-29,54.82,4,completed
ORD-008037,C03188,2025-10-29,49.25,4,completed
ORD-008038,C03551,2025-10-29,32.44,1,completed
ORD-008039,C04485,2025-10-29,42.75,1,completed
ORD-008040,C04611,2025-10-29,87.62,8,completed
ORD-008041,C05323,2025-10-29,70.77,6,completed
ORD-008042,C05852,2025-10-29,149.71,5,completed
ORD-008043,C05956,2025-10-29,42.37,3,refunded
ORD-008044,C00640,2025-10-30,81.17,4,completed
ORD-008045,C00867,2025-10-30,49.25,3,completed
ORD-008046,C01279,2025-10-30,33.47,1,completed
ORD-008047,C01728,2025-10-30,53.55,3,completed
ORD-008048,C02043,2025-10-30,50.17,1,completed
ORD-008049,C02365,2025-10-30,124.62,4,completed
ORD-008050,C02918,2025-10-30,35.48,4,completed
ORD-008051,C03169,2025-10-30,91.09,1,completed
ORD-008052,C03172,2025-10-30,52.77,4,completed
ORD-008053,C03382,2025-10-30,56.79,2,completed
ORD-008054,C03913,2025-10-30,48.92,1,completed
ORD-008055,C04118,2025-10-30,62.53,6,completed
ORD-008056,C04516,2025-10-30,63.49,3,completed
ORD-008057,C04538,2025-10-30,46.38,3,completed
ORD-008058,C05186,2025-10-30,83.37,5,completed
ORD-008059,C05784,2025-10-30,49.65,3,completed
ORD-008060,C05953,2025-10-30,51.1,2,completed
ORD-008061,C00246,2025-10-31,73.27,4,completed
ORD-008062,C00252,2025-10-31,33.98,4,completed
ORD-008063,C00607,2025-10-31,44.43,3,completed
ORD-008064,C01409,2025-10-31,86.35,4,completed
ORD-008065,C01411,2025-10-31,85.66,4,completed
ORD-008066,C01560,2025-10-31,33.8,2,completed
ORD-008067,C01626,2025-10-31,88.15,3,completed
ORD-008068,C01670,2025-10-31,54.84,3,completed
ORD-008069,C01735,2025-10-31,88.19,5,completed
ORD-008070,C02648,2025-10-31,80.47,5,completed
ORD-008071,C03177,2025-10-31,38.75,4,completed
ORD-008072,C03226,2025-10-31,36.82,1,completed
ORD-008073,C03226,2025-10-31,58.67,3,cancelled
ORD-008074,C03569,2025-10-31,59.6,3,completed
ORD-008075,C03711,2025-10-31,78.11,4,completed
ORD-008076,C03769,2025-10-31,59.03,6,completed
ORD-008077,C03798,2025-10-31,101.91,4,completed
ORD-008078,C03863,2025-10-31,100.63,3,completed
ORD-008079,C03883,2025-10-31,95.49,7,completed
ORD-008080,C03922,2025-10-31,42.36,5,completed
ORD-008081,C04031,2025-10-31,72.28,5,completed
ORD-008082,C04385,2025-10-31,95.02,5,completed
ORD-008083,C04567,2025-10-31,75.8,3,completed
ORD-008084,C04786,2025-10-31,40.09,2,completed
ORD-008085,C05681,2025-10-31,90.47,7,completed
ORD-008086,C00116,2025-11-01,39.47,2,completed
ORD-008087,C00492,2025-11-01,78.11,6,completed
ORD-008088,C00493,2025-11-01,113.83,9,completed
ORD-008089,C00578,2025-11-01,91.11,6,completed
ORD-008090,C01086,2025-11-01,122.07,2,completed
ORD-008091,C01739,2025-11-01,56.76,3,completed
ORD-008092,C01823,2025-11-01,30.55,3,completed
ORD-008093,C02270,2025-11-01,28.24,2,completed
ORD-008094,C02275,2025-11-01,50.65,2,completed
ORD-008095,C02337,2025-11-01,96.9,5,completed
ORD-008096,C02612,2025-11-01,93.24,3,completed
ORD-008097,C02757,2025-11-01,35.48,5,completed
ORD-008098,C03075,2025-11-01,46.37,1,refunded
ORD-008099,C03522,2025-11-01,44.71,3,completed
ORD-008100,C03597,2025-11-01,84.7,3,completed
ORD-008101,C04238,2025-11-01,98.31,9,completed
ORD-008102,C04626,2025-11-01,54.9,3,completed
ORD-008103,C04656,2025-11-01,107.58,2,completed
ORD-008104,C04749,2025-11-01,108.99,3,completed
ORD-008105,C05268,2025-11-01,26.76,2,completed
ORD-008106,C05343,2025-11-01,50.6,8,completed
ORD-008107,C05672,2025-11-01,220.62,10,completed
ORD-008108,C05919,2025-11-01,86.76,2,completed
ORD-008109,C00461,2025-11-02,85.63,5,completed
ORD-008110,C00530,2025-11-02,51.1,6,completed
ORD-008111,C00752,2025-11-02,92.3,6,completed
ORD-008112,C00932,2025-11-02,155.36,9,completed
ORD-008113,C01139,2025-11-02,35.34,3,completed
ORD-008114,C01378,2025-11-02,79.3,4,completed
ORD-008115,C01413,2025-11-02,70.06,2,completed
ORD-008116,C01632,2025-11-02,50.2,1,completed
ORD-008117,C01896,2025-11-02,51.98,1,completed
ORD-008118,C02213,2025-11-02,45.63,5,completed
ORD-008119,C02377,2025-11-02,74.96,4,completed
ORD-008120,C02465,2025-11-02,87.5,3,completed
ORD-008121,C02700,2025-11-02,18.79,2,completed
ORD-008122,C03218,2025-11-02,49.82,4,completed
ORD-008123,C03440,2025-11-02,70.48,3,completed
ORD-008124,C03622,2025-11-02,38.48,1,completed
ORD-008125,C03932,2025-11-02,60.65,4,completed
ORD-008126,C05212,2025-11-02,125.99,5,completed
ORD-008127,C05831,2025-11-02,45.91,3,completed
ORD-008128,C00198,2025-11-03,105.29,3,completed
ORD-008129,C00578,2025-11-03,85.91,5,completed
ORD-008130,C00704,2025-11-03,61.57,2,completed
ORD-008131,C00829,2025-11-03,46.56,1,completed
ORD-008132,C00949,2025-11-03,72.22,1,completed
ORD-008133,C00949,2025-11-03,65.09,2,completed
ORD-008134,C01195,2025-11-03,49.76,4,completed
ORD-008135,C01355,2025-11-03,40.02,1,completed
ORD-008136,C01516,2025-11-03,28.84,1,completed
ORD-008137,C01580,2025-11-03,83.38,6,completed
ORD-008138,C01805,2025-11-03,56.18,4,completed
ORD-008139,C02461,2025-11-03,34.89,3,completed
ORD-008140,C02695,2025-11-03,77.3,2,completed
ORD-008141,C02812,2025-11-03,100.36,4,cancelled
ORD-008142,C03091,2025-11-03,58.61,5,completed
ORD-008143,C03575,2025-11-03,56.22,2,completed
ORD-008144,C04183,2025-11-03,63.46,3,completed
ORD-008145,C04226,2025-11-03,79.05,6,completed
ORD-008146,C04554,2025-11-03,82.0,6,completed
ORD-008147,C04669,2025-11-03,57.52,2,completed
ORD-008148,C04680,2025-11-03,29.22,1,completed
ORD-008149,C04858,2025-11-03,52.2,1,completed
ORD-008150,C04955,2025-11-03,34.24,3,completed
ORD-008151,C04974,2025-11-03,37.33,3,completed
ORD-008152,C05135,2025-11-03,36.64,4,completed
ORD-008153,C05209,2025-11-03,49.23,3,completed
ORD-008154,C05505,2025-11-03,51.01,2,completed
ORD-008155,C05833,2025-11-03,153.25,6,completed
ORD-008156,C05837,2025-11-03,40.21,2,completed
ORD-008157,C05877,2025-11-03,31.6,2,completed
ORD-008158,C06000,2025-11-03,142.99,5,completed
ORD-008159,C00003,2025-11-04,56.51,3,completed
ORD-008160,C00227,2025-11-04,53.41,4,completed
ORD-008161,C00279,2025-11-04,82.39,4,completed
ORD-008162,C00912,2025-11-04,72.79,1,completed
ORD-008163,C00941,2025-11-04,58.73,6,completed
ORD-008164,C01071,2025-11-04,71.45,5,completed
ORD-008165,C01193,2025-11-04,64.61,2,completed
ORD-008166,C01679,2025-11-04,50.7,3,completed
ORD-008167,C01709,2025-11-04,38.89,4,completed
ORD-008168,C01801,2025-11-04,55.82,3,completed
ORD-008169,C02236,2025-11-04,55.87,3,completed
ORD-008170,C02277,2025-11-04,38.89,3,completed
ORD-008171,C02693,2025-11-04,62.24,3,completed
ORD-008172,C02950,2025-11-04,70.96,1,completed
ORD-008173,C02980,2025-11-04,74.84,8,completed
ORD-008174,C03489,2025-11-04,50.73,8,completed
ORD-008175,C03748,2025-11-04,98.22,3,completed
ORD-008176,C03949,2025-11-04,57.04,3,completed
ORD-008177,C04053,2025-11-04,30.63,1,completed
ORD-008178,C04112,2025-11-04,50.11,2,completed
ORD-008179,C04348,2025-11-04,98.7,3,completed
ORD-008180,C04409,2025-11-04,95.84,7,completed
ORD-008181,C04572,2025-11-04,32.1,1,completed
ORD-008182,C04932,2025-11-04,43.37,2,completed
ORD-008183,C05146,2025-11-04,54.93,9,completed
ORD-008184,C05256,2025-11-04,33.2,1,completed
ORD-008185,C05272,2025-11-04,25.34,3,completed
ORD-008186,C05694,2025-11-04,63.43,3,completed
ORD-008187,C05772,2025-11-04,50.21,3,completed
ORD-008188,C00116,2025-11-05,27.2,1,completed
ORD-008189,C00406,2025-11-05,50.14,1,completed
ORD-008190,C00568,2025-11-05,54.92,3,completed
ORD-008191,C00858,2025-11-05,61.99,2,completed
ORD-008192,C01152,2025-11-05,42.19,2,completed
ORD-008193,C01326,2025-11-05,32.29,3,completed
ORD-008194,C01339,2025-11-05,25.23,1,completed
ORD-008195,C02165,2025-11-05,85.73,4,completed
ORD-008196,C02300,2025-11-05,43.61,2,completed
ORD-008197,C02621,2025-11-05,32.35,1,completed
ORD-008198,C03249,2025-11-05,66.46,3,completed
ORD-008199,C03405,2025-11-05,79.78,5,completed
ORD-008200,C03428,2025-11-05,62.9,1,completed
ORD-008201,C03445,2025-11-05,58.71,4,completed
ORD-008202,C03553,2025-11-05,70.13,5,completed
ORD-008203,C03659,2025-11-05,33.46,3,completed
ORD-008204,C03676,2025-11-05,53.11,2,completed
ORD-008205,C04108,2025-11-05,48.49,4,completed
ORD-008206,C04112,2025-11-05,37.61,4,completed
ORD-008207,C04186,2025-11-05,54.48,3,completed
ORD-008208,C04319,2025-11-05,48.0,3,completed
ORD-008209,C04443,2025-11-05,80.23,4,completed
ORD-008210,C04513,2025-11-05,158.83,6,completed
ORD-008211,C04572,2025-11-05,52.78,3,completed
ORD-008212,C04725,2025-11-05,50.56,1,completed
ORD-008213,C04841,2025-11-05,52.82,5,completed
ORD-008214,C04904,2025-11-05,41.72,1,completed
ORD-008215,C04907,2025-11-05,63.0,5,completed
ORD-008216,C04908,2025-11-05,54.62,2,completed
ORD-008217,C05023,2025-11-05,51.73,1,completed
ORD-008218,C05048,2025-11-05,36.15,2,completed
ORD-008219,C05333,2025-11-05,47.89,3,completed
ORD-008220,C05501,2025-11-05,42.61,2,completed
ORD-008221,C05556,2025-11-05,38.87,1,completed
ORD-008222,C05570,2025-11-05,31.99,2,completed
ORD-008223,C05787,2025-11-05,40.13,2,completed
ORD-008224,C05929,2025-11-05,60.85,2,completed
ORD-008225,C00243,2025-11-06,81.45,4,completed
ORD-008226,C00472,2025-11-06,75.12,4,completed
ORD-008227,C00787,2025-11-06,69.31,3,completed
ORD-008228,C00817,2025-11-06,34.51,2,completed
ORD-008229,C00896,2025-11-06,35.86,2,completed
ORD-008230,C02646,2025-11-06,111.53,5,completed
ORD-008231,C02767,2025-11-06,82.73,3,completed
ORD-008232,C03213,2025-11-06,65.19,3,completed
ORD-008233,C03272,2025-11-06,56.77,2,completed
ORD-008234,C03883,2025-11-06,93.4,4,completed
ORD-008235,C03908,2025-11-06,68.18,4,cancelled
ORD-008236,C03946,2025-11-06,69.88,5,completed
ORD-008237,C04924,2025-11-06,84.12,4,completed
ORD-008238,C05195,2025-11-06,47.76,3,completed
ORD-008239,C05487,2025-11-06,38.41,1,completed
ORD-008240,C05726,2025-11-06,62.79,5,completed
ORD-008241,C05906,2025-11-06,38.9,4,completed
ORD-008242,C00251,2025-11-07,53.73,3,completed
ORD-008243,C00307,2025-11-07,75.73,3,completed
ORD-008244,C00452,2025-11-07,58.95,2,completed
ORD-008245,C01125,2025-11-07,60.44,3,completed
ORD-008246,C01224,2025-11-07,60.57,2,completed
ORD-008247,C01523,2025-11-07,63.67,3,completed
ORD-008248,C01714,2025-11-07,129.96,8,completed
ORD-008249,C01714,2025-11-07,35.19,2,completed
ORD-008249,C01714,2025-11-07,35.19,2,completed
ORD-008250,C01774,2025-11-07,30.67,2,completed
ORD-008251,C01985,2025-11-07,31.95,2,completed
ORD-008252,C02261,2025-11-07,40.21,3,completed
ORD-008253,C02348,2025-11-07,72.04,3,completed
ORD-008254,C02352,2025-11-07,37.06,2,completed
ORD-008255,C02440,2025-11-07,29.02,1,completed
ORD-008256,C02490,2025-11-07,33.75,2,completed
ORD-008257,C02495,2025-11-07,59.05,3,completed
ORD-008258,C02614,2025-11-07,50.16,2,completed
ORD-008259,C02755,2025-11-07,21.33,3,completed
ORD-008260,C02923,2025-11-07,134.65,10,completed
ORD-008261,C02934,2025-11-07,70.0,3,completed
ORD-008262,C03064,2025-11-07,39.18,4,completed
ORD-008263,C03338,2025-11-07,36.98,3,completed
ORD-008264,C03576,2025-11-07,69.49,3,completed
ORD-008265,C03598,2025-11-07,39.25,3,completed
ORD-008266,C03701,2025-11-07,61.9,6,cancelled
ORD-008267,C04373,2025-11-07,87.46,7,completed
ORD-008268,C04590,2025-11-07,38.06,3,completed
ORD-008269,C04657,2025-11-07,46.32,3,completed
ORD-008270,C04861,2025-11-07,51.5,4,completed
ORD-008271,C05212,2025-11-07,67.01,1,completed
ORD-008272,C05485,2025-11-07,48.59,2,completed
ORD-008273,C05651,2025-11-07,71.03,3,completed
ORD-008274,C00345,2025-11-08,132.93,6,completed
ORD-008275,C00461,2025-11-08,83.35,4,completed
ORD-008276,C00502,2025-11-08,83.56,6,completed
ORD-008277,C01120,2025-11-08,111.98,7,completed
ORD-008278,C01685,2025-11-08,23.24,1,completed
ORD-008279,C01737,2025-11-08,115.82,5,completed
ORD-008280,C02006,2025-11-08,73.33,3,completed
ORD-008281,C02364,2025-11-08,54.97,2,completed
ORD-008282,C02577,2025-11-08,76.27,5,completed
ORD-008283,C02992,2025-11-08,32.03,2,completed
ORD-008284,C03543,2025-11-08,86.99,1,completed
ORD-008285,C03627,2025-11-08,76.68,4,completed
ORD-008286,C03995,2025-11-08,39.79,2,completed
ORD-008287,C04198,2025-11-08,39.49,5,completed
ORD-008288,C04784,2025-11-08,98.72,5,completed
ORD-008289,C04862,2025-11-08,39.22,6,completed
ORD-008290,C05031,2025-11-08,86.25,9,completed
ORD-008291,C05039,2025-11-08,30.01,3,completed
ORD-008292,C05264,2025-11-08,51.48,1,completed
ORD-008293,C05277,2025-11-08,31.74,1,completed
ORD-008294,C05365,2025-11-08,53.63,3,completed
ORD-008295,C05732,2025-11-08,66.45,4,completed
ORD-008296,C00197,2025-11-09,73.95,7,completed
ORD-008297,C00198,2025-11-09,98.12,5,completed
ORD-008298,C00261,2025-11-09,49.9,3,completed
ORD-008299,C00345,2025-11-09,96.75,3,completed
ORD-008300,C00662,2025-11-09,56.5,1,completed
ORD-008301,C00876,2025-11-09,36.9,1,completed
ORD-008302,C00956,2025-11-09,31.95,1,completed
ORD-008303,C01020,2025-11-09,84.44,6,cancelled
ORD-008304,C01228,2025-11-09,39.7,3,completed
ORD-008305,C01249,2025-11-09,89.17,5,completed
ORD-008306,C01605,2025-11-09,19.57,3,completed
ORD-008307,C01739,2025-11-09,72.76,4,completed
ORD-008308,C01753,2025-11-09,45.84,2,completed
ORD-008309,C02287,2025-11-09,60.57,4,completed
ORD-008310,C02611,2025-11-09,60.85,4,completed
ORD-008311,C02633,2025-11-09,87.22,3,completed
ORD-008312,C02666,2025-11-09,174.97,10,completed
ORD-008313,C02773,2025-11-09,44.69,4,completed
ORD-008314,C03051,2025-11-09,72.79,3,completed
ORD-008315,C03405,2025-11-09,57.92,2,completed
ORD-008316,C03541,2025-11-09,139.67,4,completed
ORD-008317,C03749,2025-11-09,54.68,7,completed
ORD-008318,C04112,2025-11-09,42.64,6,completed
ORD-008319,C04123,2025-11-09,94.06,7,completed
ORD-008320,C04242,2025-11-09,110.56,7,completed
ORD-008321,C04262,2025-11-09,44.92,3,completed
ORD-008322,C04590,2025-11-09,33.31,2,completed
ORD-008323,C04899,2025-11-09,62.94,2,completed
ORD-008324,C05602,2025-11-09,124.75,3,completed
ORD-008325,C00181,2025-11-10,61.23,2,completed
ORD-008326,C00803,2025-11-10,66.63,4,completed
ORD-008327,C00837,2025-11-10,57.28,3,completed
ORD-008328,C00846,2025-11-10,32.41,2,completed
ORD-008329,C00956,2025-11-10,43.62,4,completed
ORD-008330,C01159,2025-11-10,94.59,3,completed
ORD-008331,C01226,2025-11-10,49.49,2,completed
ORD-008332,C01563,2025-11-10,111.51,4,completed
ORD-008333,C01581,2025-11-10,43.3,2,completed
ORD-008334,C02175,2025-11-10,28.17,4,completed
ORD-008335,C02571,2025-11-10,191.3,12,completed
ORD-008336,C02872,2025-11-10,36.72,3,completed
ORD-008337,C03012,2025-11-10,92.3,5,completed
ORD-008338,C03096,2025-11-10,42.35,2,completed
ORD-008339,C03348,2025-11-10,58.2,4,completed
ORD-008340,C03614,2025-11-10,41.32,3,completed
ORD-008341,C03663,2025-11-10,59.46,4,completed
ORD-008342,C03726,2025-11-10,67.74,4,completed
ORD-008343,C04428,2025-11-10,29.94,1,completed
ORD-008344,C05011,2025-11-10,42.83,3,completed
ORD-008345,C05260,2025-11-10,54.58,5,completed
ORD-008346,C05724,2025-11-10,92.4,4,completed
ORD-008347,C05846,2025-11-10,73.72,2,completed
ORD-008348,C00024,2025-11-11,49.74,2,completed
ORD-008349,C00179,2025-11-11,76.74,2,completed
ORD-008350,C00875,2025-11-11,50.51,3,completed
ORD-008351,C01021,2025-11-11,48.72,2,completed
ORD-008352,C01150,2025-11-11,33.87,1,completed
ORD-008353,C01499,2025-11-11,63.28,8,completed
ORD-008354,C01910,2025-11-11,29.58,2,completed
ORD-008355,C02231,2025-11-11,44.03,3,cancelled
ORD-008356,C02404,2025-11-11,76.47,4,completed
ORD-008357,C02559,2025-11-11,76.68,8,completed
ORD-008358,C02592,2025-11-11,199.54,12,completed
ORD-008359,C02707,2025-11-11,78.08,4,completed
ORD-008360,C02730,2025-11-11,51.57,3,completed
ORD-008361,C02997,2025-11-11,53.29,6,completed
ORD-008362,C03371,2025-11-11,38.51,2,completed
ORD-008363,C04355,2025-11-11,63.4,6,completed
ORD-008364,C04583,2025-11-11,70.45,3,completed
ORD-008365,C04597,2025-11-11,58.93,3,completed
ORD-008366,C04749,2025-11-11,93.66,3,completed
ORD-008367,C05231,2025-11-11,53.8,3,completed
ORD-008368,C05668,2025-11-11,58.76,2,completed
ORD-008369,C05690,2025-11-11,50.05,1,completed
ORD-008370,C05825,2025-11-11,44.96,2,completed
ORD-008371,C05883,2025-11-11,34.37,2,completed
ORD-008372,C05904,2025-11-11,20.63,2,completed
ORD-008373,C00182,2025-11-12,61.67,3,completed
ORD-008374,C00291,2025-11-12,94.59,3,completed
ORD-008375,C00643,2025-11-12,82.23,6,completed
ORD-008376,C00652,2025-11-12,53.0,1,completed
ORD-008377,C00704,2025-11-12,55.41,7,completed
ORD-008378,C00791,2025-11-12,56.83,4,completed
ORD-008379,C01223,2025-11-12,67.38,5,completed
ORD-008380,C01435,2025-11-12,141.81,7,completed
ORD-008381,C01515,2025-11-12,96.49,4,completed
ORD-008382,C01835,2025-11-12,66.99,3,completed
ORD-008383,C02141,2025-11-12,57.24,3,completed
ORD-008384,C02167,2025-11-12,74.1,4,completed
ORD-008385,C02203,2025-11-12,44.4,3,completed
ORD-008386,C02667,2025-11-12,79.55,2,completed
ORD-008387,C02883,2025-11-12,72.92,3,completed
ORD-008388,C03440,2025-11-12,65.51,1,completed
ORD-008389,C03569,2025-11-12,98.85,4,completed
ORD-008390,C04583,2025-11-12,58.12,3,completed
ORD-008391,C04583,2025-11-12,66.3,6,completed
ORD-008392,C04769,2025-11-12,41.67,1,completed
ORD-008393,C05149,2025-11-12,61.33,3,completed
ORD-008394,C05170,2025-11-12,60.75,5,completed
ORD-008395,C05189,2025-11-12,51.13,1,completed
ORD-008396,C05209,2025-11-12,48.27,3,completed
ORD-008397,C05361,2025-11-12,48.69,3,completed
ORD-008398,C05734,2025-11-12,44.4,2,completed
ORD-008399,C00152,2025-11-13,76.0,4,completed
ORD-008400,C00278,2025-11-13,55.2,5,completed
ORD-008401,C00414,2025-11-13,45.21,1,completed
ORD-008402,C00587,2025-11-13,34.65,2,completed
ORD-008403,C00692,2025-11-13,49.93,4,completed
ORD-008404,C00816,2025-11-13,112.96,6,completed
ORD-008405,C00939,2025-11-13,43.03,3,completed
ORD-008406,C01489,2025-11-13,86.21,2,completed
ORD-008407,C01580,2025-11-13,52.74,2,completed
ORD-008408,C02093,2025-11-13,109.4,2,completed
ORD-008409,C02823,2025-11-13,93.26,9,completed
ORD-008410,C04089,2025-11-13,52.93,2,completed
ORD-008411,C04285,2025-11-13,29.81,1,completed
ORD-008412,C04379,2025-11-13,55.17,2,completed
ORD-008413,C05037,2025-11-13,57.55,3,completed
ORD-008414,C05136,2025-11-13,33.42,4,completed
ORD-008415,C05147,2025-11-13,93.82,3,completed
ORD-008416,C05212,2025-11-13,53.62,2,completed
ORD-008417,C05603,2025-11-13,79.58,5,completed
ORD-008418,C05744,2025-11-13,41.18,3,completed
ORD-008419,C00047,2025-11-14,33.83,1,completed
ORD-008420,C00079,2025-11-14,34.21,1,completed
ORD-008421,C00370,2025-11-14,73.4,2,completed
ORD-008422,C00704,2025-11-14,83.92,5,completed
ORD-008423,C01072,2025-11-14,57.75,4,completed
ORD-008424,C01218,2025-11-14,44.32,6,completed
ORD-008425,C01419,2025-11-14,44.54,3,completed
ORD-008426,C01580,2025-11-14,68.63,2,completed
ORD-008427,C01740,2025-11-14,40.3,1,completed
ORD-008428,C01791,2025-11-14,79.89,5,completed
ORD-008429,C02095,2025-11-14,53.69,3,completed
ORD-008430,C02225,2025-11-14,65.0,2,completed
ORD-008431,C02310,2025-11-14,28.11,1,completed
ORD-008432,C02425,2025-11-14,41.77,3,completed
ORD-008433,C02752,2025-11-14,59.82,2,completed
ORD-008434,C03021,2025-11-14,39.44,2,completed
ORD-008435,C03073,2025-11-14,88.46,4,completed
ORD-008436,C03136,2025-11-14,74.93,3,completed
ORD-008437,C03241,2025-11-14,55.3,3,completed
ORD-008438,C04180,2025-11-14,45.63,1,completed
ORD-008439,C04624,2025-11-14,85.16,2,completed
ORD-008440,C05364,2025-11-14,66.35,7,completed
ORD-008441,C05444,2025-11-14,119.55,6,completed
ORD-008442,C05726,2025-11-14,79.39,6,completed
ORD-008443,C05825,2025-11-14,60.04,1,completed
ORD-008444,C05877,2025-11-14,28.25,2,completed
ORD-008445,C00110,2025-11-15,60.56,5,completed
ORD-008446,C00256,2025-11-15,30.56,1,completed
ORD-008447,C00568,2025-11-15,72.98,2,completed
ORD-008448,C00714,2025-11-15,65.13,1,completed
ORD-008449,C00913,2025-11-15,37.18,5,completed
ORD-008450,C01280,2025-11-15,65.0,4,completed
ORD-008451,C02107,2025-11-15,46.26,1,completed
ORD-008452,C02139,2025-11-15,32.4,2,completed
ORD-008453,C02528,2025-11-15,54.29,3,completed
ORD-008454,C02620,2025-11-15,34.26,2,completed
ORD-008455,C02666,2025-11-15,94.91,3,completed
ORD-008456,C03132,2025-11-15,58.92,5,completed
ORD-008457,C03446,2025-11-15,68.47,3,completed
ORD-008458,C03458,2025-11-15,77.71,3,completed
ORD-008459,C03577,2025-11-15,49.36,4,completed
ORD-008460,C03707,2025-11-15,103.12,8,completed
ORD-008461,C04024,2025-11-15,49.74,4,completed
ORD-008462,C04432,2025-11-15,78.97,3,completed
ORD-008463,C04714,2025-11-15,114.82,4,completed
ORD-008464,C04784,2025-11-15,117.55,3,completed
ORD-008465,C05698,2025-11-15,66.84,3,completed
ORD-008466,C00053,2025-11-16,38.81,3,completed
ORD-008467,C00296,2025-11-16,54.15,3,completed
ORD-008468,C00603,2025-11-16,68.09,1,completed
ORD-008469,C00866,2025-11-16,45.36,4,completed
ORD-008470,C00941,2025-11-16,50.31,1,completed
ORD-008471,C01389,2025-11-16,58.38,1,completed
ORD-008472,C01759,2025-11-16,115.06,6,completed
ORD-008473,C01896,2025-11-16,31.53,2,completed
ORD-008474,C01913,2025-11-16,41.33,3,completed
ORD-008475,C02565,2025-11-16,71.35,6,completed
ORD-008476,C02740,2025-11-16,48.91,1,completed
ORD-008477,C03563,2025-11-16,119.23,5,completed
ORD-008478,C03577,2025-11-16,49.7,4,completed
ORD-008479,C04453,2025-11-16,63.4,3,completed
ORD-008480,C05355,2025-11-16,73.03,4,completed
ORD-008481,C05589,2025-11-16,60.35,2,completed
ORD-008482,C05676,2025-11-16,46.09,4,completed
ORD-008483,C05707,2025-11-16,51.43,3,completed
ORD-008484,C00053,2025-11-17,33.21,3,completed
ORD-008485,C00246,2025-11-17,66.63,2,completed
ORD-008486,C00261,2025-11-17,52.16,3,completed
ORD-008487,C00554,2025-11-17,61.08,2,completed
ORD-008488,C01034,2025-11-17,50.24,2,refunded
ORD-008489,C01753,2025-11-17,75.33,2,completed
ORD-008490,C01852,2025-11-17,34.63,2,completed
ORD-008491,C01875,2025-11-17,74.19,5,completed
ORD-008492,C01955,2025-11-17,85.45,5,completed
ORD-008493,C02725,2025-11-17,144.98,7,completed
ORD-008494,C02829,2025-11-17,66.64,4,completed
ORD-008495,C03076,2025-11-17,123.54,5,completed
ORD-008496,C03404,2025-11-17,120.79,6,completed
ORD-008496,C03404,2025-11-17,120.79,6,completed
ORD-008497,C03406,2025-11-17,83.89,5,completed
ORD-008498,C03732,2025-11-17,93.56,9,completed
ORD-008499,C03883,2025-11-17,141.88,5,completed
ORD-008500,C03941,2025-11-17,24.72,3,completed
ORD-008501,C03966,2025-11-17,147.36,7,completed
ORD-008502,C04030,2025-11-17,47.15,3,completed
ORD-008503,C04100,2025-11-17,62.26,4,completed
ORD-008504,C04471,2025-11-17,55.34,2,completed
ORD-008505,C04843,2025-11-17,57.94,4,completed
ORD-008506,C04951,2025-11-17,53.7,3,completed
ORD-008507,C05277,2025-11-17,44.3,3,completed
ORD-008508,C05729,2025-11-17,36.45,1,completed
ORD-008509,C00101,2025-11-18,32.2,3,completed
ORD-008510,C00268,2025-11-18,58.28,3,completed
ORD-008511,C00418,2025-11-18,49.71,3,completed
ORD-008512,C00621,2025-11-18,54.64,5,completed
ORD-008513,C00695,2025-11-18,48.16,4,completed
ORD-008514,C01564,2025-11-18,56.51,4,completed
ORD-008515,C01626,2025-11-18,113.58,7,completed
ORD-008516,C01649,2025-11-18,60.69,4,completed
ORD-008517,C02252,2025-11-18,82.16,3,completed
ORD-008518,C03192,2025-11-18,54.25,2,completed
ORD-008519,C03478,2025-11-18,38.57,3,completed
ORD-008520,C03662,2025-11-18,62.75,3,completed
ORD-008521,C04105,2025-11-18,49.96,3,completed
ORD-008522,C04130,2025-11-18,84.22,4,completed
ORD-008523,C04157,2025-11-18,44.71,3,completed
ORD-008524,C04186,2025-11-18,75.63,8,completed
ORD-008525,C04735,2025-11-18,58.59,4,completed
ORD-008526,C04830,2025-11-18,51.63,3,completed
ORD-008527,C05280,2025-11-18,25.64,1,completed
ORD-008528,C05798,2025-11-18,25.19,1,completed
ORD-008529,C05956,2025-11-18,50.8,1,completed
ORD-008530,C05994,2025-11-18,33.16,4,completed
ORD-008531,C00420,2025-11-19,64.35,2,completed
ORD-008532,C00577,2025-11-19,49.56,2,completed
ORD-008533,C01050,2025-11-19,52.88,1,completed
ORD-008534,C01057,2025-11-19,73.3,3,completed
ORD-008535,C01499,2025-11-19,38.22,2,completed
ORD-008536,C01499,2025-11-19,38.2,2,refunded
ORD-008537,C01795,2025-11-19,90.95,4,completed
ORD-008538,C02257,2025-11-19,90.64,1,completed
ORD-008539,C03088,2025-11-19,36.15,2,completed
ORD-008540,C03930,2025-11-19,60.99,6,completed
ORD-008541,C04069,2025-11-19,48.62,1,completed
ORD-008542,C04287,2025-11-19,75.84,3,completed
ORD-008543,C04524,2025-11-19,45.83,2,completed
ORD-008544,C04971,2025-11-19,117.59,8,completed
ORD-008545,C04981,2025-11-19,42.32,4,completed
ORD-008546,C04981,2025-11-19,41.66,3,completed
ORD-008547,C04981,2025-11-19,27.17,3,completed
ORD-008548,C05214,2025-11-19,37.05,3,completed
ORD-008549,C05604,2025-11-19,53.4,3,completed
ORD-008550,C05762,2025-11-19,111.2,9,completed
ORD-008551,C05830,2025-11-19,53.51,5,completed
ORD-008552,C05883,2025-11-19,40.08,2,completed
ORD-008553,C00053,2025-11-20,49.76,4,completed
ORD-008554,C00717,2025-11-20,82.02,4,completed
ORD-008555,C00854,2025-11-20,57.8,4,completed
ORD-008556,C01082,2025-11-20,68.41,3,completed
ORD-008557,C01426,2025-11-20,44.86,2,completed
ORD-008558,C01447,2025-11-20,152.26,8,completed
ORD-008559,C01601,2025-11-20,47.56,6,completed
ORD-008560,C01686,2025-11-20,73.35,4,completed
ORD-008561,C01692,2025-11-20,74.11,6,completed
ORD-008562,C01826,2025-11-20,104.18,4,completed
ORD-008563,C01833,2025-11-20,43.33,1,completed
ORD-008564,C01931,2025-11-20,89.78,4,refunded
ORD-008565,C02348,2025-11-20,44.1,3,refunded
ORD-008566,C02525,2025-11-20,64.07,6,completed
ORD-008567,C02527,2025-11-20,26.65,3,completed
ORD-008568,C02596,2025-11-20,51.46,4,completed
ORD-008569,C02954,2025-11-20,75.55,2,completed
ORD-008570,C02960,2025-11-20,41.48,5,completed
ORD-008571,C03637,2025-11-20,51.75,4,completed
ORD-008572,C04444,2025-11-20,37.72,2,completed
ORD-008573,C04588,2025-11-20,39.03,4,completed
ORD-008574,C04980,2025-11-20,34.02,3,completed
ORD-008575,C05172,2025-11-20,36.57,3,completed
ORD-008576,C05351,2025-11-20,49.44,3,completed
ORD-008577,C05361,2025-11-20,33.38,3,completed
ORD-008578,C05486,2025-11-20,49.8,4,completed
ORD-008579,C05657,2025-11-20,160.66,10,completed
ORD-008580,C05739,2025-11-20,30.08,3,completed
ORD-008581,C05825,2025-11-20,39.28,3,completed
ORD-008582,C05846,2025-11-20,83.63,3,completed
ORD-008583,C05857,2025-11-20,55.19,5,completed
ORD-008584,C00162,2025-11-21,80.78,7,completed
ORD-008585,C00321,2025-11-21,115.02,6,completed
ORD-008586,C00479,2025-11-21,44.12,3,completed
ORD-008587,C00481,2025-11-21,77.01,2,completed
ORD-008588,C00641,2025-11-21,61.47,6,completed
ORD-008589,C00643,2025-11-21,85.92,3,completed
ORD-008590,C00677,2025-11-21,72.21,4,completed
ORD-008591,C00941,2025-11-21,69.42,2,completed
ORD-008592,C01398,2025-11-21,32.15,3,completed
ORD-008593,C01413,2025-11-21,111.75,5,refunded
ORD-008594,C01933,2025-11-21,46.29,2,completed
ORD-008595,C03092,2025-11-21,45.28,3,cancelled
ORD-008596,C03158,2025-11-21,77.37,5,completed
ORD-008597,C03159,2025-11-21,40.6,5,completed
ORD-008598,C03378,2025-11-21,61.02,3,completed
ORD-008599,C03585,2025-11-21,50.2,5,completed
ORD-008600,C03692,2025-11-21,39.91,1,completed
ORD-008601,C03882,2025-11-21,55.96,2,completed
ORD-008602,C03883,2025-11-21,76.41,7,refunded
ORD-008603,C04109,2025-11-21,124.31,5,completed
ORD-008604,C04144,2025-11-21,72.55,4,completed
ORD-008605,C04386,2025-11-21,60.13,3,completed
ORD-008606,C04732,2025-11-21,51.42,2,completed
ORD-008607,C04783,2025-11-21,46.34,2,completed
ORD-008608,C05232,2025-11-21,60.43,4,completed
ORD-008609,C05526,2025-11-21,64.1,2,completed
ORD-008610,C05597,2025-11-21,43.27,1,completed
ORD-008611,C05704,2025-11-21,50.01,2,completed
ORD-008612,C05798,2025-11-21,18.23,2,completed
ORD-008613,C00402,2025-11-22,75.24,4,completed
ORD-008614,C00585,2025-11-22,31.84,1,cancelled
ORD-008615,C00714,2025-11-22,123.6,7,completed
ORD-008616,C00974,2025-11-22,26.66,3,completed
ORD-008617,C01387,2025-11-22,38.23,3,refunded
ORD-008618,C01524,2025-11-22,39.59,2,completed
ORD-008619,C01591,2025-11-22,107.93,2,completed
ORD-008620,C01665,2025-11-22,53.27,3,completed
ORD-008621,C01701,2025-11-22,23.41,2,completed
ORD-008622,C01794,2025-11-22,108.91,6,completed
ORD-008623,C02645,2025-11-22,24.88,4,completed
ORD-008624,C02737,2025-11-22,59.21,2,completed
ORD-008625,C02984,2025-11-22,67.85,6,completed
ORD-008626,C03049,2025-11-22,88.82,3,completed
ORD-008627,C03203,2025-11-22,34.49,3,completed
ORD-008628,C03254,2025-11-22,62.02,3,completed
ORD-008629,C03324,2025-11-22,82.4,2,completed
ORD-008630,C03775,2025-11-22,48.67,1,completed
ORD-008631,C04647,2025-11-22,47.07,4,completed
ORD-008632,C04662,2025-11-22,67.31,4,completed
ORD-008633,C05129,2025-11-22,69.62,4,completed
ORD-008634,C05269,2025-11-22,40.06,3,completed
ORD-008635,C05318,2025-11-22,32.31,2,completed
ORD-008636,C05483,2025-11-22,51.15,2,completed
ORD-008637,C05734,2025-11-22,62.11,3,completed
ORD-008638,C00253,2025-11-23,42.86,3,completed
ORD-008639,C00265,2025-11-23,72.41,2,completed
ORD-008640,C00345,2025-11-23,123.18,11,completed
ORD-008641,C00606,2025-11-23,87.36,4,cancelled
ORD-008642,C00666,2025-11-23,44.69,2,completed
ORD-008643,C00765,2025-11-23,47.81,2,completed
ORD-008644,C00782,2025-11-23,61.35,5,completed
ORD-008645,C00986,2025-11-23,114.73,7,completed
ORD-008646,C01359,2025-11-23,46.8,2,completed
ORD-008647,C02320,2025-11-23,80.29,4,completed
ORD-008648,C02762,2025-11-23,97.64,4,completed
ORD-008649,C03074,2025-11-23,71.51,5,cancelled
ORD-008650,C03090,2025-11-23,70.83,1,completed
ORD-008651,C03243,2025-11-23,77.38,6,completed
ORD-008652,C03515,2025-11-23,67.91,3,completed
ORD-008653,C03795,2025-11-23,62.44,6,completed
ORD-008654,C04185,2025-11-23,65.3,2,completed
ORD-008655,C04242,2025-11-23,98.68,6,completed
ORD-008656,C04330,2025-11-23,74.16,4,completed
ORD-008657,C04407,2025-11-23,39.67,4,completed
ORD-008658,C04919,2025-11-23,79.17,4,completed
ORD-008659,C04989,2025-11-23,100.23,4,completed
ORD-008660,C05021,2025-11-23,69.0,6,completed
ORD-008661,C05740,2025-11-23,80.17,4,completed
ORD-008662,C00025,2025-11-24,72.26,5,completed
ORD-008663,C00406,2025-11-24,39.55,1,completed
ORD-008664,C00498,2025-11-24,50.71,2,completed
ORD-008665,C00503,2025-11-24,120.85,12,cancelled
ORD-008666,C00971,2025-11-24,61.92,2,completed
ORD-008667,C01007,2025-11-24,127.14,6,completed
ORD-008668,C01760,2025-11-24,88.54,4,completed
ORD-008669,C01760,2025-11-24,84.63,3,completed
ORD-008670,C01829,2025-11-24,72.87,2,completed
ORD-008671,C02215,2025-11-24,195.0,6,completed
ORD-008672,C02476,2025-11-24,77.95,4,completed
ORD-008673,C02494,2025-11-24,29.26,5,cancelled
ORD-008674,C02820,2025-11-24,84.16,3,completed
ORD-008675,C02909,2025-11-24,51.7,3,completed
ORD-008676,C03202,2025-11-24,32.57,3,completed
ORD-008677,C03383,2025-11-24,83.85,8,completed
ORD-008678,C03924,2025-11-24,51.84,3,completed
ORD-008679,C04086,2025-11-24,81.6,5,completed
ORD-008680,C04088,2025-11-24,65.55,4,cancelled
ORD-008681,C04433,2025-11-24,102.48,4,completed
ORD-008682,C04602,2025-11-24,84.85,4,completed
ORD-008683,C04763,2025-11-24,69.86,6,completed
ORD-008684,C05065,2025-11-24,52.86,3,completed
ORD-008685,C05124,2025-11-24,133.58,11,completed
ORD-008686,C05328,2025-11-24,56.51,3,completed
ORD-008687,C00132,2025-11-25,52.82,3,completed
ORD-008688,C00226,2025-11-25,76.05,4,completed
ORD-008689,C00293,2025-11-25,22.11,3,completed
ORD-008690,C00487,2025-11-25,58.27,1,completed
ORD-008691,C00506,2025-11-25,114.01,5,completed
ORD-008692,C00596,2025-11-25,39.56,2,completed
ORD-008693,C00631,2025-11-25,102.81,6,completed
ORD-008694,C00995,2025-11-25,83.79,3,completed
ORD-008695,C01083,2025-11-25,63.37,4,completed
ORD-008696,C01312,2025-11-25,89.95,4,completed
ORD-008697,C01617,2025-11-25,49.13,3,completed
ORD-008698,C01638,2025-11-25,85.63,9,completed
ORD-008699,C01686,2025-11-25,97.67,5,completed
ORD-008700,C01950,2025-11-25,28.35,2,completed
ORD-008701,C03042,2025-11-25,51.7,3,completed
ORD-008702,C03265,2025-11-25,37.26,2,completed
ORD-008703,C03332,2025-11-25,55.03,2,cancelled
ORD-008704,C03429,2025-11-25,114.29,9,completed
ORD-008705,C03895,2025-11-25,42.48,2,completed
ORD-008706,C04044,2025-11-25,55.77,4,completed
ORD-008707,C04212,2025-11-25,38.07,3,completed
ORD-008708,C04755,2025-11-25,51.82,2,completed
ORD-008709,C05760,2025-11-25,43.38,2,completed
ORD-008710,C00012,2025-11-26,53.81,2,completed
ORD-008711,C00219,2025-11-26,59.22,2,completed
ORD-008712,C00431,2025-11-26,66.66,2,completed
ORD-008713,C00481,2025-11-26,68.94,4,completed
ORD-008714,C00591,2025-11-26,77.07,3,completed
ORD-008715,C01285,2025-11-26,92.29,3,completed
ORD-008716,C01306,2025-11-26,60.64,2,completed
ORD-008717,C01626,2025-11-26,72.87,6,completed
ORD-008718,C01861,2025-11-26,96.47,5,completed
ORD-008719,C01878,2025-11-26,34.79,3,completed
ORD-008720,C01946,2025-11-26,58.85,2,completed
ORD-008721,C01986,2025-11-26,30.67,3,completed
ORD-008722,C02116,2025-11-26,37.28,2,completed
ORD-008723,C02580,2025-11-26,57.59,2,completed
ORD-008724,C02656,2025-11-26,32.04,3,completed
ORD-008725,C03332,2025-11-26,50.93,2,completed
ORD-008726,C03396,2025-11-26,100.88,5,completed
ORD-008727,C03558,2025-11-26,37.7,1,completed
ORD-008728,C03759,2025-11-26,38.57,1,completed
ORD-008729,C03786,2025-11-26,91.54,7,completed
ORD-008730,C04094,2025-11-26,82.79,2,completed
ORD-008731,C05116,2025-11-26,46.59,1,completed
ORD-008732,C05429,2025-11-26,43.79,4,completed
ORD-008733,C00657,2025-11-27,48.53,4,completed
ORD-008734,C00827,2025-11-27,98.36,5,completed
ORD-008735,C01042,2025-11-27,40.0,4,completed
ORD-008736,C01169,2025-11-27,27.48,3,completed
ORD-008737,C01250,2025-11-27,43.62,2,completed
ORD-008738,C01557,2025-11-27,41.33,3,completed
ORD-008739,C01596,2025-11-27,48.99,4,completed
ORD-008740,C01626,2025-11-27,65.81,3,completed
ORD-008741,C01821,2025-11-27,59.43,2,completed
ORD-008742,C01948,2025-11-27,54.98,3,completed
ORD-008743,C02044,2025-11-27,73.43,4,completed
ORD-008744,C02066,2025-11-27,59.22,4,completed
ORD-008745,C02134,2025-11-27,46.17,1,completed
ORD-008746,C02146,2025-11-27,42.84,5,completed
ORD-008747,C02190,2025-11-27,30.14,1,completed
ORD-008748,C02192,2025-11-27,32.04,1,completed
ORD-008749,C02218,2025-11-27,29.85,6,completed
ORD-008750,C02252,2025-11-27,79.2,3,completed
ORD-008751,C03205,2025-11-27,99.05,4,completed
ORD-008752,C03214,2025-11-27,66.08,3,completed
ORD-008753,C03522,2025-11-27,50.65,2,completed
ORD-008754,C03702,2025-11-27,49.01,4,completed
ORD-008755,C03889,2025-11-27,45.54,1,completed
ORD-008756,C03946,2025-11-27,53.96,3,completed
ORD-008757,C04013,2025-11-27,41.84,3,completed
ORD-008758,C04242,2025-11-27,105.14,4,completed
ORD-008759,C04627,2025-11-27,52.92,3,completed
ORD-008760,C05144,2025-11-27,30.69,3,completed
ORD-008761,C05208,2025-11-27,61.12,2,completed
ORD-008762,C05269,2025-11-27,63.68,3,completed
ORD-008763,C05356,2025-11-27,46.33,5,completed
ORD-008764,C05390,2025-11-27,51.61,2,completed
ORD-008765,C05561,2025-11-27,82.28,4,completed
ORD-008766,C05689,2025-11-27,140.35,3,refunded
ORD-008767,C00092,2025-11-28,33.42,1,completed
ORD-008768,C00210,2025-11-28,42.32,3,completed
ORD-008769,C00210,2025-11-28,55.12,4,completed
ORD-008770,C00295,2025-11-28,137.99,4,completed
ORD-008771,C00361,2025-11-28,48.85,2,completed
ORD-008772,C00758,2025-11-28,31.41,2,completed
ORD-008773,C01431,2025-11-28,60.0,5,completed
ORD-008774,C01577,2025-11-28,27.09,3,completed
ORD-008775,C01688,2025-11-28,46.0,5,completed
ORD-008776,C02232,2025-11-28,31.5,3,completed
ORD-008777,C02278,2025-11-28,99.22,5,completed
ORD-008778,C02410,2025-11-28,50.17,3,completed
ORD-008779,C02411,2025-11-28,68.32,3,completed
ORD-008780,C02420,2025-11-28,61.77,8,completed
ORD-008781,C02624,2025-11-28,35.36,3,completed
ORD-008782,C02869,2025-11-28,46.81,3,completed
ORD-008783,C02902,2025-11-28,48.33,2,completed
ORD-008784,C02974,2025-11-28,96.59,9,completed
ORD-008785,C03200,2025-11-28,44.45,2,refunded
ORD-008786,C03479,2025-11-28,52.28,5,completed
ORD-008787,C04000,2025-11-28,43.36,2,completed
ORD-008788,C04053,2025-11-28,36.23,1,completed
ORD-008789,C04185,2025-11-28,51.4,2,completed
ORD-008790,C04760,2025-11-28,49.06,4,completed
ORD-008791,C04840,2025-11-28,64.76,3,completed
ORD-008792,C04840,2025-11-28,67.95,6,completed
ORD-008793,C05101,2025-11-28,28.56,1,completed
ORD-008794,C05331,2025-11-28,45.53,2,completed
ORD-008795,C05425,2025-11-28,85.34,3,completed
ORD-008796,C05455,2025-11-28,109.91,10,completed
ORD-008797,C05557,2025-11-28,44.18,3,completed
ORD-008798,C05764,2025-11-28,52.97,6,completed
ORD-008799,C05889,2025-11-28,52.2,2,completed
ORD-008800,C00235,2025-11-29,43.86,3,completed
ORD-008801,C00242,2025-11-29,77.53,8,completed
ORD-008802,C00472,2025-11-29,121.72,5,completed
ORD-008803,C00973,2025-11-29,146.74,3,completed
ORD-008804,C00983,2025-11-29,121.01,5,completed
ORD-008805,C01114,2025-11-29,60.57,3,completed
ORD-008806,C01286,2025-11-29,66.62,5,completed
ORD-008807,C01867,2025-11-29,94.84,4,completed
ORD-008808,C02714,2025-11-29,94.36,2,completed
ORD-008809,C03311,2025-11-29,171.99,12,completed
ORD-008810,C03674,2025-11-29,46.5,1,completed
ORD-008811,C03716,2025-11-29,25.22,3,completed
ORD-008812,C03719,2025-11-29,37.62,1,completed
ORD-008813,C03783,2025-11-29,57.95,5,completed
ORD-008814,C04317,2025-11-29,25.78,2,completed
ORD-008815,C04456,2025-11-29,58.02,3,completed
ORD-008816,C05085,2025-11-29,47.59,2,completed
ORD-008817,C05565,2025-11-29,57.27,4,completed
ORD-008818,C00174,2025-11-30,73.44,6,completed
ORD-008819,C00191,2025-11-30,42.62,2,completed
ORD-008820,C00340,2025-11-30,62.33,4,completed
ORD-008821,C00377,2025-11-30,115.48,7,completed
ORD-008822,C00382,2025-11-30,31.43,2,completed
ORD-008823,C00669,2025-11-30,37.13,1,completed
ORD-008824,C00883,2025-11-30,82.49,3,completed
ORD-008825,C01074,2025-11-30,105.24,7,completed
ORD-008826,C01229,2025-11-30,53.93,5,completed
ORD-008827,C01391,2025-11-30,87.33,7,completed
ORD-008828,C01439,2025-11-30,34.84,2,completed
ORD-008829,C01471,2025-11-30,51.83,2,completed
ORD-008830,C01584,2025-11-30,62.64,4,completed
ORD-008831,C01927,2025-11-30,54.65,1,completed
ORD-008832,C02020,2025-11-30,62.67,6,completed
ORD-008833,C02104,2025-11-30,35.87,1,completed
ORD-008834,C02202,2025-11-30,53.83,2,completed
ORD-008835,C02508,2025-11-30,81.91,6,completed
ORD-008836,C02789,2025-11-30,52.69,2,completed
ORD-008837,C02964,2025-11-30,57.68,2,completed
ORD-008838,C03181,2025-11-30,76.02,5,completed
ORD-008839,C03312,2025-11-30,33.53,2,completed
ORD-008840,C03605,2025-11-30,81.22,7,completed
ORD-008841,C03731,2025-11-30,110.87,6,completed
ORD-008842,C03809,2025-11-30,43.95,2,completed
ORD-008843,C03829,2025-11-30,93.33,6,completed
ORD-008844,C03940,2025-11-30,55.67,1,completed
ORD-008845,C04181,2025-11-30,64.25,1,completed
ORD-008846,C04183,2025-11-30,65.98,4,completed
ORD-008847,C05114,2025-11-30,61.8,2,completed
ORD-008848,C05550,2025-11-30,66.74,5,completed
ORD-008849,C00073,2025-12-01,44.19,4,completed
ORD-008850,C00087,2025-12-01,48.46,3,completed
ORD-008851,C00143,2025-12-01,65.33,2,completed
ORD-008852,C01107,2025-12-01,84.92,2,completed
ORD-008853,C01513,2025-12-01,63.78,6,completed
ORD-008854,C01586,2025-12-01,83.26,5,completed
ORD-008855,C01676,2025-12-01,63.15,3,completed
ORD-008856,C02054,2025-12-01,44.6,6,completed
ORD-008857,C02614,2025-12-01,62.91,3,completed
ORD-008858,C03110,2025-12-01,44.83,3,completed
ORD-008859,C03392,2025-12-01,89.82,4,completed
ORD-008860,C03422,2025-12-01,111.23,9,completed
ORD-008861,C03457,2025-12-01,90.06,4,completed
ORD-008862,C03802,2025-12-01,85.29,4,completed
ORD-008863,C04495,2025-12-01,18.35,1,completed
ORD-008864,C04622,2025-12-01,54.8,5,completed
ORD-008865,C04627,2025-12-01,46.65,2,completed
ORD-008866,C05089,2025-12-01,50.45,2,completed
ORD-008867,C05490,2025-12-01,37.12,2,refunded
ORD-008868,C00198,2025-12-02,97.8,6,completed
ORD-008869,C00359,2025-12-02,49.92,2,completed
ORD-008870,C00420,2025-12-02,76.79,3,completed
ORD-008871,C00468,2025-12-02,102.48,8,completed
ORD-008872,C00578,2025-12-02,72.4,2,completed
ORD-008873,C00816,2025-12-02,108.45,4,completed
ORD-008874,C00831,2025-12-02,44.99,1,completed
ORD-008875,C00953,2025-12-02,81.3,4,completed
ORD-008876,C00955,2025-12-02,43.73,3,completed
ORD-008877,C01844,2025-12-02,94.54,5,completed
ORD-008878,C01844,2025-12-02,74.16,3,completed
ORD-008879,C02163,2025-12-02,58.13,2,completed
ORD-008880,C02507,2025-12-02,48.11,2,completed
ORD-008881,C02805,2025-12-02,58.5,2,completed
ORD-008882,C02856,2025-12-02,72.22,2,completed
ORD-008883,C03235,2025-12-02,81.14,4,completed
ORD-008884,C03771,2025-12-02,53.43,2,completed
ORD-008885,C04080,2025-12-02,37.54,1,completed
ORD-008886,C04309,2025-12-02,37.64,4,completed
ORD-008887,C04332,2025-12-02,51.03,2,completed
ORD-008888,C04654,2025-12-02,67.16,3,completed
ORD-008889,C04814,2025-12-02,63.23,3,completed
ORD-008890,C04914,2025-12-02,77.12,4,completed
ORD-008891,C05162,2025-12-02,76.72,4,completed
ORD-008892,C05267,2025-12-02,29.01,1,completed
ORD-008893,C05455,2025-12-02,63.16,4,completed
ORD-008894,C05705,2025-12-02,64.62,5,completed
ORD-008895,C00937,2025-12-03,26.73,1,completed
ORD-008896,C01716,2025-12-03,43.15,3,completed
ORD-008897,C01978,2025-12-03,30.45,1,completed
ORD-008898,C02037,2025-12-03,45.51,2,completed
ORD-008899,C02038,2025-12-03,45.36,3,cancelled
ORD-008900,C02599,2025-12-03,58.52,5,completed
ORD-008901,C02888,2025-12-03,58.62,5,completed
ORD-008902,C03301,2025-12-03,42.32,2,completed
ORD-008903,C04329,2025-12-03,38.1,6,completed
ORD-008904,C04895,2025-12-03,56.84,5,completed
ORD-008905,C05847,2025-12-03,48.79,2,completed
ORD-008906,C05893,2025-12-03,45.93,4,completed
ORD-008907,C00420,2025-12-04,57.81,4,completed
ORD-008908,C01120,2025-12-04,89.94,3,completed
ORD-008909,C01280,2025-12-04,60.76,3,completed
ORD-008910,C01414,2025-12-04,29.73,1,completed
ORD-008911,C01458,2025-12-04,27.75,2,completed
ORD-008912,C01460,2025-12-04,56.1,3,completed
ORD-008913,C01655,2025-12-04,77.31,2,cancelled
ORD-008914,C01731,2025-12-04,55.57,3,completed
ORD-008915,C01844,2025-12-04,46.19,3,completed
ORD-008916,C02149,2025-12-04,59.08,4,completed
ORD-008917,C02480,2025-12-04,59.43,3,completed
ORD-008918,C02666,2025-12-04,93.56,6,completed
ORD-008919,C02720,2025-12-04,44.33,2,completed
ORD-008920,C02766,2025-12-04,88.09,7,completed
ORD-008921,C03069,2025-12-04,52.49,3,completed
ORD-008922,C03130,2025-12-04,48.08,4,refunded
ORD-008923,C03331,2025-12-04,60.66,4,completed
ORD-008924,C03388,2025-12-04,108.08,5,completed
ORD-008925,C03883,2025-12-04,79.19,6,completed
ORD-008926,C03947,2025-12-04,26.6,2,completed
ORD-008927,C03953,2025-12-04,31.87,2,completed
ORD-008928,C04482,2025-12-04,44.96,3,completed
ORD-008929,C04681,2025-12-04,69.82,5,completed
ORD-008930,C04832,2025-12-04,49.45,2,completed
ORD-008931,C04912,2025-12-04,61.98,5,completed
ORD-008932,C05098,2025-12-04,51.77,4,completed
ORD-008933,C05408,2025-12-04,48.54,5,completed
ORD-008934,C05439,2025-12-04,58.82,8,completed
ORD-008935,C05473,2025-12-04,64.32,2,completed
ORD-008936,C05475,2025-12-04,77.27,1,completed
ORD-008937,C00347,2025-12-05,61.59,3,completed
ORD-008938,C00463,2025-12-05,53.46,4,completed
ORD-008939,C01310,2025-12-05,42.15,3,completed
ORD-008940,C01459,2025-12-05,38.73,3,completed
ORD-008941,C02061,2025-12-05,60.66,6,completed
ORD-008942,C02063,2025-12-05,40.04,2,cancelled
ORD-008943,C02149,2025-12-05,82.93,5,completed
ORD-008943,C02149,2025-12-05,82.93,5,completed
ORD-008944,C02163,2025-12-05,69.84,6,completed
ORD-008945,C02720,2025-12-05,45.21,5,completed
ORD-008946,C03105,2025-12-05,45.98,2,completed
ORD-008947,C03172,2025-12-05,69.1,1,completed
ORD-008948,C03421,2025-12-05,57.43,4,completed
ORD-008949,C03883,2025-12-05,66.42,3,completed
ORD-008950,C03958,2025-12-05,64.34,4,completed
ORD-008951,C04026,2025-12-05,82.31,5,completed
ORD-008952,C04194,2025-12-05,32.15,2,completed
ORD-008953,C04838,2025-12-05,62.95,1,completed
ORD-008954,C05007,2025-12-05,39.54,2,completed
ORD-008955,C05615,2025-12-05,137.65,7,completed
ORD-008956,C00198,2025-12-06,62.9,4,completed
ORD-008957,C00320,2025-12-06,70.49,3,completed
ORD-008958,C00345,2025-12-06,146.3,7,completed
ORD-008959,C00831,2025-12-06,31.0,2,completed
ORD-008960,C01027,2025-12-06,71.44,2,completed
ORD-008961,C01264,2025-12-06,28.49,2,completed
ORD-008962,C01372,2025-12-06,93.24,2,completed
ORD-008963,C01409,2025-12-06,94.04,6,completed
ORD-008964,C01454,2025-12-06,70.1,1,completed
ORD-008965,C01460,2025-12-06,48.33,1,completed
ORD-008966,C01593,2025-12-06,56.3,1,completed
ORD-008967,C01593,2025-12-06,60.97,4,completed
ORD-008968,C01935,2025-12-06,59.3,3,completed
ORD-008969,C02219,2025-12-06,66.8,3,completed
ORD-008970,C02236,2025-12-06,38.27,4,completed
ORD-008971,C02301,2025-12-06,77.61,3,completed
ORD-008972,C02611,2025-12-06,110.91,9,completed
ORD-008973,C02691,2025-12-06,73.48,4,completed
ORD-008974,C02997,2025-12-06,43.67,2,completed
ORD-008975,C03017,2025-12-06,99.84,6,completed
ORD-008976,C03051,2025-12-06,53.41,1,completed
ORD-008977,C03405,2025-12-06,58.03,3,completed
ORD-008978,C03786,2025-12-06,76.43,2,completed
ORD-008979,C03865,2025-12-06,57.96,5,completed
ORD-008980,C04013,2025-12-06,39.99,1,completed
ORD-008981,C04655,2025-12-06,47.46,3,completed
ORD-008982,C04664,2025-12-06,55.75,1,completed
ORD-008983,C05055,2025-12-06,65.19,3,completed
ORD-008984,C05162,2025-12-06,64.05,5,cancelled
ORD-008985,C00179,2025-12-07,58.05,3,completed
ORD-008986,C00305,2025-12-07,84.1,9,completed
ORD-008987,C00388,2025-12-07,30.18,1,completed
ORD-008988,C00403,2025-12-07,98.89,5,completed
ORD-008989,C01014,2025-12-07,70.4,4,completed
ORD-008990,C01186,2025-12-07,59.86,2,completed
ORD-008991,C01250,2025-12-07,57.88,4,completed
ORD-008992,C01250,2025-12-07,42.84,3,completed
ORD-008993,C02234,2025-12-07,58.02,3,completed
ORD-008994,C02503,2025-12-07,81.25,7,completed
ORD-008995,C02554,2025-12-07,50.56,1,completed
ORD-008996,C02600,2025-12-07,37.03,2,completed
ORD-008997,C02714,2025-12-07,54.12,3,completed
ORD-008998,C03054,2025-12-07,117.05,1,completed
ORD-008999,C03429,2025-12-07,46.09,4,cancelled
ORD-009000,C03599,2025-12-07,88.88,3,completed
ORD-009001,C04051,2025-12-07,71.9,4,completed
ORD-009002,C04121,2025-12-07,157.54,9,completed
ORD-009003,C04346,2025-12-07,58.98,5,completed
ORD-009004,C04385,2025-12-07,124.25,5,completed
ORD-009005,C04856,2025-12-07,82.45,3,completed
ORD-009006,C05427,2025-12-07,91.38,8,completed
ORD-009007,C05530,2025-12-07,76.79,6,completed
ORD-009008,C05586,2025-12-07,26.53,1,completed
ORD-009009,C05859,2025-12-07,40.75,4,completed
ORD-009010,C05989,2025-12-07,56.45,5,completed
ORD-009011,C00170,2025-12-08,35.12,3,completed
ORD-009012,C00478,2025-12-08,56.3,1,completed
ORD-009013,C00916,2025-12-08,40.34,4,completed
ORD-009014,C00965,2025-12-08,91.71,4,completed
ORD-009015,C00967,2025-12-08,50.44,1,completed
ORD-009016,C01061,2025-12-08,36.4,2,completed
ORD-009017,C01184,2025-12-08,55.51,5,completed
ORD-009018,C01658,2025-12-08,71.63,3,completed
ORD-009019,C01760,2025-12-08,74.03,4,completed
ORD-009020,C01920,2025-12-08,39.31,3,completed
ORD-009021,C01951,2025-12-08,41.44,3,completed
ORD-009022,C02003,2025-12-08,44.73,4,completed
ORD-009023,C02213,2025-12-08,47.56,3,completed
ORD-009024,C02364,2025-12-08,59.12,3,completed
ORD-009025,C03057,2025-12-08,86.06,4,completed
ORD-009026,C03101,2025-12-08,87.0,4,completed
ORD-009027,C03269,2025-12-08,55.82,5,completed
ORD-009028,C03688,2025-12-08,51.66,2,completed
ORD-009029,C03803,2025-12-08,37.76,1,completed
ORD-009030,C03878,2025-12-08,62.28,1,completed
ORD-009031,C04357,2025-12-08,43.61,2,completed
ORD-009032,C04453,2025-12-08,53.57,5,completed
ORD-009033,C04586,2025-12-08,43.2,2,completed
ORD-009034,C05048,2025-12-08,32.46,2,completed
ORD-009035,C05342,2025-12-08,76.1,6,completed
ORD-009036,C05366,2025-12-08,92.8,3,completed
ORD-009036,C05366,2025-12-08,92.8,3,completed
ORD-009037,C05621,2025-12-08,76.93,6,refunded
ORD-009038,C05736,2025-12-08,51.48,2,completed
ORD-009039,C00720,2025-12-09,74.47,2,completed
ORD-009040,C00814,2025-12-09,54.92,5,completed
ORD-009041,C00892,2025-12-09,50.13,2,completed
ORD-009042,C00934,2025-12-09,32.87,8,completed
ORD-009043,C03203,2025-12-09,41.35,3,completed
ORD-009044,C03237,2025-12-09,39.71,3,completed
ORD-009045,C03338,2025-12-09,56.51,6,completed
ORD-009046,C03346,2025-12-09,29.41,2,cancelled
ORD-009047,C03380,2025-12-09,49.67,5,completed
ORD-009048,C03626,2025-12-09,45.63,5,completed
ORD-009049,C03626,2025-12-09,41.7,2,completed
ORD-009050,C03971,2025-12-09,24.69,2,completed
ORD-009051,C04058,2025-12-09,26.02,3,completed
ORD-009052,C04148,2025-12-09,23.47,2,completed
ORD-009053,C04794,2025-12-09,35.72,2,completed
ORD-009054,C05439,2025-12-09,62.06,5,completed
ORD-009055,C05529,2025-12-09,57.21,3,completed
ORD-009056,C05748,2025-12-09,64.0,3,completed
ORD-009057,C00224,2025-12-10,40.99,2,completed
ORD-009058,C00295,2025-12-10,111.88,5,completed
ORD-009059,C00340,2025-12-10,93.87,6,cancelled
ORD-009060,C00387,2025-12-10,82.27,1,completed
ORD-009061,C00505,2025-12-10,52.83,1,completed
ORD-009062,C01401,2025-12-10,53.51,2,completed
ORD-009063,C01518,2025-12-10,34.97,1,completed
ORD-009064,C01896,2025-12-10,68.13,3,completed
ORD-009065,C02006,2025-12-10,121.98,8,completed
ORD-009066,C02436,2025-12-10,54.08,6,completed
ORD-009067,C02620,2025-12-10,27.3,2,completed
ORD-009068,C02824,2025-12-10,47.11,5,completed
ORD-009069,C02849,2025-12-10,56.99,2,completed
ORD-009070,C03637,2025-12-10,47.21,3,completed
ORD-009071,C03722,2025-12-10,26.54,1,completed
ORD-009072,C04208,2025-12-10,54.69,3,completed
ORD-009073,C04259,2025-12-10,51.31,1,completed
ORD-009074,C04742,2025-12-10,61.66,3,completed
ORD-009075,C04871,2025-12-10,51.19,3,completed
ORD-009076,C05216,2025-12-10,93.66,5,completed
ORD-009077,C05271,2025-12-10,53.87,2,completed
ORD-009078,C05768,2025-12-10,39.18,2,completed
ORD-009079,C05843,2025-12-10,111.79,5,completed
ORD-009080,C05885,2025-12-10,60.74,7,completed
ORD-009081,C05953,2025-12-10,67.89,1,cancelled
ORD-009082,C00137,2025-12-11,58.51,7,completed
ORD-009083,C00342,2025-12-11,28.97,1,completed
ORD-009084,C00472,2025-12-11,69.73,3,completed
ORD-009085,C00527,2025-12-11,54.86,3,completed
ORD-009086,C00688,2025-12-11,44.89,6,completed
ORD-009087,C00905,2025-12-11,60.79,3,completed
ORD-009088,C01385,2025-12-11,46.27,2,cancelled
ORD-009089,C01744,2025-12-11,25.64,3,completed
ORD-009090,C01962,2025-12-11,61.22,4,completed
ORD-009091,C02455,2025-12-11,38.54,1,completed
ORD-009092,C02491,2025-12-11,58.26,3,completed
ORD-009093,C02495,2025-12-11,77.54,3,completed
ORD-009094,C02535,2025-12-11,31.56,2,completed
ORD-009095,C02949,2025-12-11,60.15,3,completed
ORD-009096,C03103,2025-12-11,50.1,2,completed
ORD-009097,C03405,2025-12-11,88.66,8,completed
ORD-009098,C03511,2025-12-11,57.84,6,completed
ORD-009099,C03621,2025-12-11,93.93,4,completed
ORD-009100,C03845,2025-12-11,51.96,2,completed
ORD-009101,C03952,2025-12-11,102.01,3,completed
ORD-009102,C04261,2025-12-11,69.66,4,completed
ORD-009103,C04373,2025-12-11,88.59,4,completed
ORD-009104,C04385,2025-12-11,115.63,3,completed
ORD-009105,C05241,2025-12-11,43.01,1,completed
ORD-009106,C05281,2025-12-11,69.21,6,completed
ORD-009107,C05535,2025-12-11,83.44,5,completed
ORD-009108,C05651,2025-12-11,65.92,2,completed
ORD-009109,C00424,2025-12-12,70.04,8,completed
ORD-009110,C00724,2025-12-12,79.22,5,completed
ORD-009111,C00941,2025-12-12,68.42,5,completed
ORD-009112,C01171,2025-12-12,45.4,2,completed
ORD-009113,C01365,2025-12-12,47.1,2,completed
ORD-009114,C01461,2025-12-12,95.31,3,completed
ORD-009115,C01498,2025-12-12,40.26,4,completed
ORD-009116,C01502,2025-12-12,41.31,4,cancelled
ORD-009117,C01699,2025-12-12,84.66,4,completed
ORD-009118,C02622,2025-12-12,38.16,3,completed
ORD-009119,C02649,2025-12-12,43.54,2,completed
ORD-009120,C03271,2025-12-12,48.98,2,completed
ORD-009121,C03348,2025-12-12,79.24,7,completed
ORD-009122,C03772,2025-12-12,32.25,3,completed
ORD-009123,C03787,2025-12-12,44.6,2,completed
ORD-009124,C03955,2025-12-12,41.03,3,completed
ORD-009125,C03958,2025-12-12,59.2,2,completed
ORD-009126,C04350,2025-12-12,79.12,4,completed
ORD-009127,C05011,2025-12-12,53.53,5,completed
ORD-009128,C05136,2025-12-12,40.92,2,completed
ORD-009129,C05418,2025-12-12,40.84,1,completed
ORD-009130,C05445,2025-12-12,86.93,5,completed
ORD-009131,C05449,2025-12-12,84.24,4,completed
ORD-009132,C05501,2025-12-12,25.49,1,completed
ORD-009133,C05884,2025-12-12,45.87,6,completed
ORD-009134,C05911,2025-12-12,43.3,6,completed
ORD-009135,C05916,2025-12-12,37.83,6,completed
ORD-009136,C05964,2025-12-12,37.87,3,completed
ORD-009137,C00053,2025-12-13,48.79,2,completed
ORD-009138,C00100,2025-12-13,80.85,5,completed
ORD-009139,C00361,2025-12-13,106.11,3,completed
ORD-009140,C00605,2025-12-13,42.53,4,completed
ORD-009141,C00629,2025-12-13,49.17,3,completed
ORD-009142,C00850,2025-12-13,38.4,2,completed
ORD-009143,C01014,2025-12-13,46.68,2,completed
ORD-009144,C01039,2025-12-13,51.65,3,completed
ORD-009145,C01832,2025-12-13,28.33,1,completed
ORD-009146,C02247,2025-12-13,63.97,7,completed
ORD-009147,C02480,2025-12-13,62.34,5,completed
ORD-009148,C03727,2025-12-13,32.09,5,completed
ORD-009149,C03780,2025-12-13,80.83,5,completed
ORD-009150,C04099,2025-12-13,77.5,2,completed
ORD-009151,C04171,2025-12-13,31.07,1,completed
ORD-009152,C05074,2025-12-13,37.76,4,completed
ORD-009153,C05147,2025-12-13,42.75,4,completed
ORD-009154,C05213,2025-12-13,75.16,4,completed
ORD-009155,C05541,2025-12-13,186.93,10,completed
ORD-009156,C05993,2025-12-13,50.87,2,completed
ORD-009157,C00014,2025-12-14,36.05,5,completed
ORD-009158,C00446,2025-12-14,48.71,7,completed
ORD-009159,C00538,2025-12-14,78.3,2,completed
ORD-009160,C00976,2025-12-14,70.38,5,completed
ORD-009161,C01334,2025-12-14,57.16,5,completed
ORD-009162,C01335,2025-12-14,48.71,3,completed
ORD-009163,C01407,2025-12-14,43.79,5,completed
ORD-009164,C01607,2025-12-14,35.47,3,completed
ORD-009165,C02116,2025-12-14,34.53,3,completed
ORD-009166,C02499,2025-12-14,72.12,6,completed
ORD-009167,C02707,2025-12-14,117.52,7,completed
ORD-009168,C02849,2025-12-14,58.53,2,completed
ORD-009169,C02849,2025-12-14,49.56,2,completed
ORD-009170,C03072,2025-12-14,66.55,5,completed
ORD-009171,C03094,2025-12-14,47.21,2,completed
ORD-009172,C03162,2025-12-14,73.4,3,refunded
ORD-009173,C03375,2025-12-14,67.53,5,completed
ORD-009174,C03620,2025-12-14,89.71,3,completed
ORD-009175,C03632,2025-12-14,54.66,4,completed
ORD-009176,C04948,2025-12-14,46.02,4,completed
ORD-009177,C05173,2025-12-14,46.13,4,completed
ORD-009178,C05407,2025-12-14,29.99,2,completed
ORD-009179,C05497,2025-12-14,51.02,2,completed
ORD-009180,C05768,2025-12-14,32.56,1,completed
ORD-009181,C05850,2025-12-14,85.34,4,completed
ORD-009182,C00032,2025-12-15,57.64,1,completed
ORD-009183,C00233,2025-12-15,85.34,10,completed
ORD-009184,C00479,2025-12-15,68.51,3,completed
ORD-009185,C00666,2025-12-15,38.58,3,completed
ORD-009186,C01714,2025-12-15,27.38,2,completed
ORD-009187,C01996,2025-12-15,39.01,2,completed
ORD-009188,C02255,2025-12-15,36.13,2,completed
ORD-009189,C02499,2025-12-15,70.6,3,completed
ORD-009190,C02730,2025-12-15,59.5,3,completed
ORD-009191,C03296,2025-12-15,35.79,3,completed
ORD-009192,C03470,2025-12-15,58.58,4,completed
ORD-009193,C04021,2025-12-15,99.76,5,completed
ORD-009194,C04061,2025-12-15,57.02,3,completed
ORD-009195,C04074,2025-12-15,47.22,5,completed
ORD-009196,C04564,2025-12-15,104.71,5,completed
ORD-009197,C04655,2025-12-15,37.37,2,completed
ORD-009198,C04785,2025-12-15,58.21,5,completed
ORD-009199,C05098,2025-12-15,67.95,2,completed
ORD-009200,C05684,2025-12-15,34.93,1,completed
ORD-009201,C05750,2025-12-15,66.7,6,completed
ORD-009202,C05846,2025-12-15,74.56,7,completed
ORD-009203,C05891,2025-12-15,66.94,5,completed
ORD-009204,C00104,2025-12-16,47.15,2,completed
ORD-009205,C00602,2025-12-16,41.4,2,completed
ORD-009206,C01403,2025-12-16,55.01,3,completed
ORD-009207,C01504,2025-12-16,42.86,3,completed
ORD-009208,C01896,2025-12-16,42.98,2,completed
ORD-009209,C01972,2025-12-16,90.4,4,completed
ORD-009210,C02063,2025-12-16,60.06,3,completed
ORD-009211,C02182,2025-12-16,32.91,2,completed
ORD-009212,C02907,2025-12-16,30.16,2,completed
ORD-009213,C03383,2025-12-16,54.56,2,completed
ORD-009214,C03692,2025-12-16,37.86,2,completed
ORD-009215,C03837,2025-12-16,93.29,3,completed
ORD-009216,C03958,2025-12-16,55.58,2,completed
ORD-009217,C04355,2025-12-16,70.98,2,completed
ORD-009218,C04464,2025-12-16,24.78,3,completed
ORD-009219,C04873,2025-12-16,74.7,5,completed
ORD-009220,C05098,2025-12-16,44.25,1,completed
ORD-009221,C05583,2025-12-16,58.89,7,completed
ORD-009222,C05633,2025-12-16,64.44,4,completed
ORD-009223,C05651,2025-12-16,64.99,3,completed
ORD-009224,C05719,2025-12-16,39.34,1,completed
ORD-009225,C05749,2025-12-16,67.0,3,completed
ORD-009226,C05975,2025-12-16,89.74,2,completed
ORD-009227,C00023,2025-12-17,46.76,4,refunded
ORD-009228,C00346,2025-12-17,80.16,3,completed
ORD-009229,C00613,2025-12-17,41.86,4,completed
ORD-009230,C01224,2025-12-17,33.84,3,completed
ORD-009231,C01271,2025-12-17,30.77,3,completed
ORD-009232,C01423,2025-12-17,60.06,5,completed
ORD-009233,C01954,2025-12-17,32.75,4,completed
ORD-009234,C01956,2025-12-17,61.73,3,completed
ORD-009235,C02068,2025-12-17,35.27,2,completed
ORD-009236,C02180,2025-12-17,57.71,4,completed
ORD-009237,C02395,2025-12-17,81.53,5,completed
ORD-009238,C02547,2025-12-17,57.19,2,completed
ORD-009239,C02620,2025-12-17,39.9,3,completed
ORD-009240,C02722,2025-12-17,47.1,3,completed
ORD-009241,C02962,2025-12-17,41.42,3,completed
ORD-009242,C02997,2025-12-17,49.67,3,completed
ORD-009243,C03251,2025-12-17,78.84,5,completed
ORD-009244,C03514,2025-12-17,87.29,6,completed
ORD-009245,C04480,2025-12-17,29.27,2,completed
ORD-009246,C04724,2025-12-17,78.39,6,completed
ORD-009247,C05402,2025-12-17,82.86,3,completed
ORD-009248,C05424,2025-12-17,90.08,8,completed
ORD-009249,C05497,2025-12-17,86.0,1,completed
ORD-009250,C05547,2025-12-17,69.83,4,completed
ORD-009251,C05697,2025-12-17,36.08,7,completed
ORD-009252,C00202,2025-12-18,58.6,2,completed
ORD-009253,C01420,2025-12-18,63.18,5,completed
ORD-009254,C01516,2025-12-18,44.29,2,completed
ORD-009255,C01641,2025-12-18,41.77,3,completed
ORD-009256,C01758,2025-12-18,53.99,3,completed
ORD-009257,C02277,2025-12-18,40.73,3,cancelled
ORD-009258,C02291,2025-12-18,46.95,3,completed
ORD-009259,C02711,2025-12-18,40.31,4,completed
ORD-009260,C03365,2025-12-18,37.47,3,completed
ORD-009261,C03565,2025-12-18,40.52,2,completed
ORD-009262,C03636,2025-12-18,62.62,1,completed
ORD-009263,C04030,2025-12-18,47.36,5,completed
ORD-009264,C04031,2025-12-18,122.25,5,completed
ORD-009265,C04176,2025-12-18,52.42,4,completed
ORD-009266,C04407,2025-12-18,59.45,1,completed
ORD-009267,C04610,2025-12-18,53.82,5,completed
ORD-009268,C04909,2025-12-18,55.77,3,completed
ORD-009269,C05069,2025-12-18,25.79,2,completed
ORD-009270,C05260,2025-12-18,126.23,8,completed
ORD-009271,C05825,2025-12-18,64.53,2,completed
ORD-009272,C00006,2025-12-19,50.86,1,completed
ORD-009273,C00831,2025-12-19,43.86,4,completed
ORD-009274,C00958,2025-12-19,64.94,2,completed
ORD-009275,C01194,2025-12-19,60.53,2,completed
ORD-009276,C01375,2025-12-19,30.33,4,completed
ORD-009277,C02412,2025-12-19,29.65,3,completed
ORD-009278,C02468,2025-12-19,41.58,2,completed
ORD-009279,C02578,2025-12-19,45.99,5,completed
ORD-009280,C02611,2025-12-19,77.53,6,completed
ORD-009281,C02860,2025-12-19,57.87,3,completed
ORD-009282,C02897,2025-12-19,33.18,5,completed
ORD-009283,C03046,2025-12-19,55.64,1,completed
ORD-009284,C03137,2025-12-19,64.7,4,completed
ORD-009285,C03393,2025-12-19,76.98,4,completed
ORD-009286,C03620,2025-12-19,60.46,1,completed
ORD-009287,C03736,2025-12-19,31.7,2,completed
ORD-009288,C03821,2025-12-19,71.84,2,completed
ORD-009289,C03885,2025-12-19,44.52,1,completed
ORD-009290,C04452,2025-12-19,44.28,1,cancelled
ORD-009291,C05003,2025-12-19,39.18,2,completed
ORD-009292,C05196,2025-12-19,57.17,3,completed
ORD-009293,C05557,2025-12-19,40.34,4,completed
ORD-009294,C00666,2025-12-20,64.28,4,completed
ORD-009295,C01066,2025-12-20,28.18,1,completed
ORD-009296,C01135,2025-12-20,134.38,10,completed
ORD-009297,C01411,2025-12-20,132.46,5,completed
ORD-009298,C01412,2025-12-20,81.18,4,completed
ORD-009299,C01436,2025-12-20,32.8,4,completed
ORD-009300,C01440,2025-12-20,28.91,3,completed
ORD-009301,C02077,2025-12-20,66.28,6,completed
ORD-009302,C02649,2025-12-20,70.34,2,completed
ORD-009303,C03408,2025-12-20,55.58,4,completed
ORD-009304,C03769,2025-12-20,35.01,4,completed
ORD-009305,C04219,2025-12-20,44.22,4,completed
ORD-009306,C04231,2025-12-20,95.21,6,completed
ORD-009307,C04664,2025-12-20,71.98,2,completed
ORD-009308,C04701,2025-12-20,56.26,4,completed
ORD-009309,C05130,2025-12-20,114.08,4,completed
ORD-009310,C00297,2025-12-21,42.26,3,completed
ORD-009311,C00625,2025-12-21,51.73,5,completed
ORD-009312,C00873,2025-12-21,68.5,6,completed
ORD-009312,C00873,2025-12-21,68.5,6,completed
ORD-009313,C01037,2025-12-21,74.92,4,completed
ORD-009314,C01085,2025-12-21,49.36,2,completed
ORD-009315,C01238,2025-12-21,54.47,4,completed
ORD-009316,C01268,2025-12-21,72.31,3,completed
ORD-009317,C02057,2025-12-21,70.12,4,completed
ORD-009318,C02120,2025-12-21,83.2,6,completed
ORD-009319,C02745,2025-12-21,62.14,1,completed
ORD-009320,C02999,2025-12-21,22.61,2,completed
ORD-009321,C03991,2025-12-21,32.84,1,completed
ORD-009322,C04364,2025-12-21,74.21,4,completed
ORD-009323,C04385,2025-12-21,84.28,3,completed
ORD-009324,C04596,2025-12-21,28.04,2,completed
ORD-009325,C04618,2025-12-21,95.98,3,completed
ORD-009326,C04673,2025-12-21,29.76,1,completed
ORD-009327,C05248,2025-12-21,64.53,3,completed
ORD-009328,C05393,2025-12-21,94.28,8,completed
ORD-009329,C05933,2025-12-21,57.69,3,completed
ORD-009330,C00368,2025-12-22,54.1,6,completed
ORD-009331,C00447,2025-12-22,45.53,1,completed
ORD-009332,C00457,2025-12-22,80.1,7,completed
ORD-009333,C00542,2025-12-22,28.67,2,completed
ORD-009334,C01115,2025-12-22,61.88,6,completed
ORD-009335,C01487,2025-12-22,35.17,1,completed
ORD-009336,C01581,2025-12-22,70.38,2,cancelled
ORD-009337,C01713,2025-12-22,56.19,1,completed
ORD-009338,C01826,2025-12-22,49.42,2,completed
ORD-009339,C02022,2025-12-22,71.73,2,completed
ORD-009340,C02045,2025-12-22,30.22,1,completed
ORD-009341,C02149,2025-12-22,73.1,6,completed
ORD-009342,C02232,2025-12-22,24.83,1,completed
ORD-009343,C02365,2025-12-22,86.08,5,cancelled
ORD-009344,C02825,2025-12-22,82.63,1,completed
ORD-009345,C02892,2025-12-22,78.48,4,completed
ORD-009346,C03829,2025-12-22,66.58,3,completed
ORD-009347,C04547,2025-12-22,67.8,2,completed
ORD-009348,C04584,2025-12-22,51.76,3,completed
ORD-009349,C04586,2025-12-22,53.31,2,completed
ORD-009350,C04954,2025-12-22,50.86,3,completed
ORD-009351,C05039,2025-12-22,36.59,2,completed
ORD-009352,C05050,2025-12-22,68.43,3,completed
ORD-009353,C05172,2025-12-22,50.82,1,completed
ORD-009354,C05483,2025-12-22,86.2,3,completed
ORD-009355,C05516,2025-12-22,58.35,3,completed
ORD-009356,C05589,2025-12-22,100.61,5,completed
ORD-009357,C00285,2025-12-23,60.99,1,completed
ORD-009358,C00599,2025-12-23,48.92,2,completed
ORD-009359,C00838,2025-12-23,103.27,6,completed
ORD-009360,C00915,2025-12-23,49.59,2,completed
ORD-009361,C01310,2025-12-23,60.75,4,completed
ORD-009362,C01345,2025-12-23,44.68,2,completed
ORD-009363,C01635,2025-12-23,57.35,4,completed
ORD-009364,C02056,2025-12-23,41.78,2,completed
ORD-009365,C02618,2025-12-23,87.25,3,completed
ORD-009366,C02948,2025-12-23,35.05,4,completed
ORD-009367,C03161,2025-12-23,41.73,2,completed
ORD-009368,C03291,2025-12-23,20.74,2,completed
ORD-009369,C03400,2025-12-23,69.36,4,completed
ORD-009370,C03543,2025-12-23,71.4,4,cancelled
ORD-009371,C03732,2025-12-23,49.23,4,completed
ORD-009372,C03837,2025-12-23,56.73,5,completed
ORD-009373,C03932,2025-12-23,94.24,4,completed
ORD-009374,C05060,2025-12-23,32.32,2,completed
ORD-009375,C05212,2025-12-23,84.85,3,completed
ORD-009376,C05291,2025-12-23,44.04,3,completed
ORD-009377,C05553,2025-12-23,37.66,1,completed
ORD-009378,C05577,2025-12-23,72.43,3,completed
ORD-009379,C05586,2025-12-23,40.26,2,completed
ORD-009380,C05666,2025-12-23,99.14,4,completed
ORD-009381,C05713,2025-12-23,89.77,6,completed
ORD-009382,C05750,2025-12-23,57.97,3,completed
ORD-009383,C05750,2025-12-23,77.19,4,completed
ORD-009384,C05859,2025-12-23,71.99,4,completed
ORD-009385,C05947,2025-12-23,33.87,4,completed
ORD-009386,C00265,2025-12-24,74.7,6,completed
ORD-009387,C00378,2025-12-24,55.4,4,refunded
ORD-009388,C00546,2025-12-24,106.65,4,completed
ORD-009389,C00614,2025-12-24,64.83,5,completed
ORD-009390,C00623,2025-12-24,61.51,1,completed
ORD-009391,C00785,2025-12-24,71.34,2,completed
ORD-009392,C00914,2025-12-24,64.89,6,completed
ORD-009393,C01513,2025-12-24,65.81,4,cancelled
ORD-009394,C01583,2025-12-24,63.26,5,completed
ORD-009395,C01702,2025-12-24,55.69,5,completed
ORD-009396,C01870,2025-12-24,40.94,4,completed
ORD-009397,C01873,2025-12-24,52.13,4,completed
ORD-009398,C01874,2025-12-24,63.33,6,completed
ORD-009399,C02257,2025-12-24,47.75,2,completed
ORD-009400,C02278,2025-12-24,76.69,4,completed
ORD-009401,C02964,2025-12-24,53.65,6,completed
ORD-009402,C03035,2025-12-24,29.26,1,completed
ORD-009403,C03174,2025-12-24,83.76,5,completed
ORD-009404,C03276,2025-12-24,60.78,5,completed
ORD-009405,C03331,2025-12-24,46.69,3,completed
ORD-009406,C03348,2025-12-24,91.93,6,completed
ORD-009407,C03433,2025-12-24,76.22,5,completed
ORD-009408,C04206,2025-12-24,120.26,5,completed
ORD-009409,C04944,2025-12-24,33.09,3,completed
ORD-009410,C05075,2025-12-24,66.55,4,completed
ORD-009411,C05277,2025-12-24,36.8,2,completed
ORD-009411,C05277,2025-12-24,36.8,2,completed
ORD-009412,C00053,2025-12-25,46.53,4,completed
ORD-009413,C00386,2025-12-25,57.64,6,completed
ORD-009414,C00602,2025-12-25,34.65,4,completed
ORD-009415,C00947,2025-12-25,78.5,7,completed
ORD-009416,C01313,2025-12-25,53.24,2,completed
ORD-009417,C01476,2025-12-25,35.21,3,completed
ORD-009418,C01706,2025-12-25,42.69,4,completed
ORD-009419,C01870,2025-12-25,56.48,3,completed
ORD-009420,C01989,2025-12-25,104.12,9,completed
ORD-009421,C02051,2025-12-25,76.6,1,completed
ORD-009422,C02262,2025-12-25,64.37,4,completed
ORD-009423,C02326,2025-12-25,36.28,2,completed
ORD-009424,C02387,2025-12-25,47.94,2,completed
ORD-009425,C02694,2025-12-25,29.53,4,completed
ORD-009426,C02835,2025-12-25,66.76,3,completed
ORD-009427,C02895,2025-12-25,52.16,2,completed
ORD-009428,C02926,2025-12-25,56.07,1,completed
ORD-009429,C02941,2025-12-25,46.96,1,completed
ORD-009430,C03171,2025-12-25,98.2,6,completed
ORD-009431,C03887,2025-12-25,130.17,5,completed
ORD-009432,C03928,2025-12-25,123.82,6,completed
ORD-009433,C04002,2025-12-25,63.76,4,completed
ORD-009434,C04178,2025-12-25,65.84,2,completed
ORD-009435,C04603,2025-12-25,40.45,2,completed
ORD-009436,C05268,2025-12-25,22.53,1,completed
ORD-009437,C05283,2025-12-25,36.62,3,cancelled
ORD-009438,C05784,2025-12-25,59.13,5,completed
ORD-009439,C00053,2025-12-26,49.94,3,completed
ORD-009440,C00481,2025-12-26,98.27,6,completed
ORD-009441,C00541,2025-12-26,70.49,5,completed
ORD-009442,C00734,2025-12-26,58.29,1,completed
ORD-009443,C00981,2025-12-26,74.19,4,completed
ORD-009444,C01083,2025-12-26,55.52,3,completed
ORD-009445,C01454,2025-12-26,53.57,2,completed
ORD-009446,C01641,2025-12-26,26.76,1,completed
ORD-009447,C01702,2025-12-26,86.58,6,completed
ORD-009448,C01767,2025-12-26,53.77,3,completed
ORD-009449,C02359,2025-12-26,48.89,2,completed
ORD-009450,C02480,2025-12-26,53.57,4,completed
ORD-009451,C02500,2025-12-26,65.79,4,completed
ORD-009452,C02794,2025-12-26,44.0,5,completed
ORD-009453,C03229,2025-12-26,157.72,9,completed
ORD-009454,C03416,2025-12-26,28.28,1,completed
ORD-009455,C03513,2025-12-26,92.96,6,completed
ORD-009456,C03543,2025-12-26,94.02,5,completed
ORD-009457,C03761,2025-12-26,34.64,3,completed
ORD-009458,C03798,2025-12-26,53.21,6,completed
ORD-009459,C03957,2025-12-26,68.78,4,completed
ORD-009460,C04428,2025-12-26,55.87,3,completed
ORD-009461,C04435,2025-12-26,71.07,5,completed
ORD-009462,C04543,2025-12-26,35.62,2,completed
ORD-009463,C04758,2025-12-26,61.94,6,completed
ORD-009464,C04858,2025-12-26,41.22,1,completed
ORD-009465,C05342,2025-12-26,65.43,4,completed
ORD-009466,C05439,2025-12-26,67.57,4,completed
ORD-009467,C00128,2025-12-27,56.51,5,completed
ORD-009468,C00544,2025-12-27,48.97,4,completed
ORD-009469,C00810,2025-12-27,83.18,3,cancelled
ORD-009470,C01023,2025-12-27,42.54,6,completed
ORD-009471,C01188,2025-12-27,36.22,2,completed
ORD-009472,C01387,2025-12-27,42.82,6,completed
ORD-009473,C01863,2025-12-27,99.02,7,completed
ORD-009474,C02133,2025-12-27,67.44,2,completed
ORD-009475,C02167,2025-12-27,81.34,2,completed
ORD-009476,C02396,2025-12-27,46.8,5,completed
ORD-009477,C02718,2025-12-27,69.37,5,completed
ORD-009478,C02770,2025-12-27,80.59,9,completed
ORD-009479,C03455,2025-12-27,51.0,4,completed
ORD-009480,C03989,2025-12-27,38.36,1,completed
ORD-009481,C04219,2025-12-27,70.5,4,completed
ORD-009482,C04561,2025-12-27,57.15,2,completed
ORD-009483,C04722,2025-12-27,40.04,3,completed
ORD-009484,C05161,2025-12-27,60.82,6,completed
ORD-009485,C05297,2025-12-27,78.0,4,completed
ORD-009486,C05421,2025-12-27,95.0,4,completed
ORD-009487,C00178,2025-12-28,38.5,2,completed
ORD-009488,C00344,2025-12-28,32.22,4,completed
ORD-009489,C00503,2025-12-28,64.64,8,completed
ORD-009490,C00813,2025-12-28,97.75,8,completed
ORD-009491,C00999,2025-12-28,26.4,2,completed
ORD-009492,C01130,2025-12-28,64.03,1,completed
ORD-009493,C01384,2025-12-28,34.38,5,completed
ORD-009494,C01486,2025-12-28,42.08,2,completed
ORD-009495,C01508,2025-12-28,37.52,4,completed
ORD-009496,C01819,2025-12-28,58.89,3,completed
ORD-009497,C01862,2025-12-28,95.89,4,completed
ORD-009498,C02108,2025-12-28,56.44,3,completed
ORD-009499,C02651,2025-12-28,42.49,3,completed
ORD-009500,C03093,2025-12-28,103.56,7,completed
ORD-009501,C03207,2025-12-28,72.45,6,completed
ORD-009502,C03338,2025-12-28,59.27,3,completed
ORD-009503,C03338,2025-12-28,40.69,4,completed
ORD-009503,C03338,2025-12-28,40.69,4,completed
ORD-009504,C03620,2025-12-28,91.02,3,completed
ORD-009505,C03713,2025-12-28,23.48,2,completed
ORD-009506,C03759,2025-12-28,38.3,3,completed
ORD-009507,C04145,2025-12-28,36.8,2,completed
ORD-009508,C04469,2025-12-28,71.72,8,completed
ORD-009509,C05410,2025-12-28,41.92,2,completed
ORD-009510,C05931,2025-12-28,57.91,5,completed
ORD-009511,C05953,2025-12-28,57.86,2,completed
ORD-009512,C00333,2025-12-29,77.64,2,completed
ORD-009513,C00528,2025-12-29,117.63,5,completed
ORD-009514,C00711,2025-12-29,123.19,7,completed
ORD-009515,C01478,2025-12-29,38.12,2,completed
ORD-009516,C01579,2025-12-29,46.51,4,completed
ORD-009517,C01619,2025-12-29,53.75,2,completed
ORD-009518,C02148,2025-12-29,108.36,6,completed
ORD-009519,C02311,2025-12-29,41.9,2,completed
ORD-009520,C02365,2025-12-29,83.08,5,completed
ORD-009521,C02570,2025-12-29,30.19,4,completed
ORD-009522,C02694,2025-12-29,31.28,4,completed
ORD-009523,C03006,2025-12-29,96.84,4,completed
ORD-009524,C03375,2025-12-29,103.62,5,completed
ORD-009525,C03547,2025-12-29,46.09,2,completed
ORD-009526,C03882,2025-12-29,63.55,3,completed
ORD-009527,C04173,2025-12-29,55.32,3,completed
ORD-009528,C04289,2025-12-29,123.85,3,completed
ORD-009529,C04646,2025-12-29,32.04,1,completed
ORD-009530,C05095,2025-12-29,128.77,6,completed
ORD-009531,C05257,2025-12-29,83.04,4,completed
ORD-009532,C05781,2025-12-29,73.63,1,completed
ORD-009533,C05782,2025-12-29,53.76,6,completed
ORD-009534,C05851,2025-12-29,80.65,6,completed
ORD-009535,C05966,2025-12-29,45.24,3,completed
ORD-009536,C05974,2025-12-29,71.55,3,completed
ORD-009537,C00174,2025-12-30,92.66,4,completed
ORD-009538,C00392,2025-12-30,62.77,7,completed
ORD-009539,C00402,2025-12-30,87.05,5,completed
ORD-009540,C00405,2025-12-30,66.09,2,completed
ORD-009541,C00673,2025-12-30,36.27,1,completed
ORD-009542,C00715,2025-12-30,76.48,1,completed
ORD-009543,C00934,2025-12-30,51.71,1,completed
ORD-009544,C01135,2025-12-30,99.37,8,completed
ORD-009545,C01260,2025-12-30,56.76,2,completed
ORD-009546,C01409,2025-12-30,100.26,6,completed
ORD-009547,C01598,2025-12-30,44.63,4,completed
ORD-009548,C01800,2025-12-30,56.72,4,completed
ORD-009549,C01963,2025-12-30,43.48,3,completed
ORD-009550,C02139,2025-12-30,23.08,3,cancelled
ORD-009551,C02301,2025-12-30,42.75,2,completed
ORD-009552,C02441,2025-12-30,75.57,2,refunded
ORD-009553,C02588,2025-12-30,45.49,1,completed
ORD-009554,C02683,2025-12-30,53.49,2,completed
ORD-009555,C02904,2025-12-30,68.88,5,completed
ORD-009556,C03143,2025-12-30,33.38,3,completed
ORD-009557,C03548,2025-12-30,44.19,2,completed
ORD-009558,C03596,2025-12-30,82.31,1,completed
ORD-009559,C03990,2025-12-30,38.92,5,completed
ORD-009560,C04125,2025-12-30,68.42,4,refunded
ORD-009561,C04157,2025-12-30,52.36,2,completed
ORD-009562,C04303,2025-12-30,47.1,2,completed
ORD-009563,C04493,2025-12-30,47.99,3,completed
ORD-009564,C04685,2025-12-30,119.99,5,completed
ORD-009565,C04735,2025-12-30,43.23,5,completed
ORD-009566,C04782,2025-12-30,68.32,4,completed
ORD-009567,C05372,2025-12-30,51.86,2,completed
ORD-009568,C05380,2025-12-30,79.3,6,completed
ORD-009569,C05718,2025-12-30,40.12,3,completed
ORD-009570,C05724,2025-12-30,60.72,5,completed
ORD-009571,C00307,2025-12-31,59.45,1,completed
ORD-009572,C00363,2025-12-31,96.03,3,completed
ORD-009573,C00410,2025-12-31,62.88,3,completed
ORD-009574,C00668,2025-12-31,91.36,5,completed
ORD-009575,C01109,2025-12-31,42.04,9,completed
ORD-009576,C01131,2025-12-31,33.89,3,refunded
ORD-009577,C01331,2025-12-31,51.37,3,completed
ORD-009578,C01350,2025-12-31,52.14,3,completed
ORD-009579,C01561,2025-12-31,40.83,2,completed
ORD-009580,C01856,2025-12-31,42.38,3,completed
ORD-009581,C02211,2025-12-31,44.13,3,completed
ORD-009582,C02801,2025-12-31,114.15,5,completed
ORD-009583,C02921,2025-12-31,55.03,3,completed
ORD-009584,C03304,2025-12-31,47.08,3,completed
ORD-009585,C03455,2025-12-31,44.74,4,completed
ORD-009586,C03766,2025-12-31,41.51,3,completed
ORD-009587,C03775,2025-12-31,64.38,4,completed
ORD-009588,C03875,2025-12-31,43.02,2,completed
ORD-009589,C04080,2025-12-31,38.23,3,completed
ORD-009590,C04237,2025-12-31,58.91,5,completed
ORD-009591,C04271,2025-12-31,45.86,5,completed
ORD-009592,C04708,2025-12-31,77.56,5,completed
ORD-009592,C04708,2025-12-31,77.56,5,completed
ORD-009593,C04784,2025-12-31,82.16,4,completed
ORD-009594,C04890,2025-12-31,59.79,2,completed
ORD-009595,C05046,2025-12-31,44.71,2,completed
ORD-009596,C05307,2025-12-31,67.01,3,cancelled
ORD-009597,C05480,2025-12-31,71.59,6,completed
ORD-009598,C05732,2025-12-31,56.97,5,completed
